This is pdfTeX, Version 3.141592653-2.6-1.40.28 (TeX Live 2025) (preloaded format=pdflatex 2025.9.1)  5 OCT 2026 00:48
entering extended mode
 restricted \write18 enabled.
 %&-line parsing enabled.
**‰∫åÊ¨°ÈáèÂ≠êÂåñ.tex
(./‰∫åÊ¨°ÈáèÂ≠êÂåñ.tex
LaTeX2e <2025-06-01> patch level 1
L3 programming layer <2025-08-13>
(d:/Program Files (x86)/texlive/2025/texmf-dist/tex/latex/base/article.cls
Document Class: article 2025/01/22 v1.4n Standard LaTeX document class
(d:/Program Files (x86)/texlive/2025/texmf-dist/tex/latex/base/size10.clo
File: size10.clo 2025/01/22 v1.4n Standard LaTeX file (size option)
)
\c@part=\count275
\c@section=\count276
\c@subsection=\count277
\c@subsubsection=\count278
\c@paragraph=\count279
\c@subparagraph=\count280
\c@figure=\count281
\c@table=\count282
\abovecaptionskip=\skip49
\belowcaptionskip=\skip50
\bibindent=\dimen148
)
(d:/Program Files (x86)/texlive/2025/texmf-dist/tex/latex/base/inputenc.sty
Package: inputenc 2024/02/08 v1.3d Input encoding file
\inpenc@prehook=\toks17
\inpenc@posthook=\toks18
)
(d:/Program Files (x86)/texlive/2025/texmf-dist/tex/latex/base/fontenc.sty
Package: fontenc 2024/12/21 v2.1c Standard LaTeX package

(d:/Program Files (x86)/texlive/2025/texmf-dist/tex/latex/cyrillic/t2aenc.def
File: t2aenc.def 2023/11/07 v1.0k Cyrillic encoding definition file
Now handling font encoding T2A ...
... processing UTF-8 mapping file for font encoding T2A

(d:/Program Files (x86)/texlive/2025/texmf-dist/tex/latex/base/t2aenc.dfu
File: t2aenc.dfu 2022/06/07 v1.3c UTF-8 support
   defining Unicode char U+00A4 (decimal 164)
   defining Unicode char U+00A7 (decimal 167)
   defining Unicode char U+00AB (decimal 171)
   defining Unicode char U+00BB (decimal 187)
   defining Unicode char U+0131 (decimal 305)
   defining Unicode char U+0237 (decimal 567)
   defining Unicode char U+0400 (decimal 1024)
   defining Unicode char U+0401 (decimal 1025)
   defining Unicode char U+0402 (decimal 1026)
   defining Unicode char U+0403 (decimal 1027)
   defining Unicode char U+0404 (decimal 1028)
   defining Unicode char U+0405 (decimal 1029)
   defining Unicode char U+0406 (decimal 1030)
   defining Unicode char U+0407 (decimal 1031)
   defining Unicode char U+0408 (decimal 1032)
   defining Unicode char U+0409 (decimal 1033)
   defining Unicode char U+040A (decimal 1034)
   defining Unicode char U+040B (decimal 1035)
   defining Unicode char U+040C (decimal 1036)
   defining Unicode char U+040D (decimal 1037)
   defining Unicode char U+040E (decimal 1038)
   defining Unicode char U+040F (decimal 1039)
   defining Unicode char U+0410 (decimal 1040)
   defining Unicode char U+0411 (decimal 1041)
   defining Unicode char U+0412 (decimal 1042)
   defining Unicode char U+0413 (decimal 1043)
   defining Unicode char U+0414 (decimal 1044)
   defining Unicode char U+0415 (decimal 1045)
   defining Unicode char U+0416 (decimal 1046)
   defining Unicode char U+0417 (decimal 1047)
   defining Unicode char U+0418 (decimal 1048)
   defining Unicode char U+0419 (decimal 1049)
   defining Unicode char U+041A (decimal 1050)
   defining Unicode char U+041B (decimal 1051)
   defining Unicode char U+041C (decimal 1052)
   defining Unicode char U+041D (decimal 1053)
   defining Unicode char U+041E (decimal 1054)
   defining Unicode char U+041F (decimal 1055)
   defining Unicode char U+0420 (decimal 1056)
   defining Unicode char U+0421 (decimal 1057)
   defining Unicode char U+0422 (decimal 1058)
   defining Unicode char U+0423 (decimal 1059)
   defining Unicode char U+0424 (decimal 1060)
   defining Unicode char U+0425 (decimal 1061)
   defining Unicode char U+0426 (decimal 1062)
   defining Unicode char U+0427 (decimal 1063)
   defining Unicode char U+0428 (decimal 1064)
   defining Unicode char U+0429 (decimal 1065)
   defining Unicode char U+042A (decimal 1066)
   defining Unicode char U+042B (decimal 1067)
   defining Unicode char U+042C (decimal 1068)
   defining Unicode char U+042D (decimal 1069)
   defining Unicode char U+042E (decimal 1070)
   defining Unicode char U+042F (decimal 1071)
   defining Unicode char U+0430 (decimal 1072)
   defining Unicode char U+0431 (decimal 1073)
   defining Unicode char U+0432 (decimal 1074)
   defining Unicode char U+0433 (decimal 1075)
   defining Unicode char U+0434 (decimal 1076)
   defining Unicode char U+0435 (decimal 1077)
   defining Unicode char U+0436 (decimal 1078)
   defining Unicode char U+0437 (decimal 1079)
   defining Unicode char U+0438 (decimal 1080)
   defining Unicode char U+0439 (decimal 1081)
   defining Unicode char U+043A (decimal 1082)
   defining Unicode char U+043B (decimal 1083)
   defining Unicode char U+043C (decimal 1084)
   defining Unicode char U+043D (decimal 1085)
   defining Unicode char U+043E (decimal 1086)
   defining Unicode char U+043F (decimal 1087)
   defining Unicode char U+0440 (decimal 1088)
   defining Unicode char U+0441 (decimal 1089)
   defining Unicode char U+0442 (decimal 1090)
   defining Unicode char U+0443 (decimal 1091)
   defining Unicode char U+0444 (decimal 1092)
   defining Unicode char U+0445 (decimal 1093)
   defining Unicode char U+0446 (decimal 1094)
   defining Unicode char U+0447 (decimal 1095)
   defining Unicode char U+0448 (decimal 1096)
   defining Unicode char U+0449 (decimal 1097)
   defining Unicode char U+044A (decimal 1098)
   defining Unicode char U+044B (decimal 1099)
   defining Unicode char U+044C (decimal 1100)
   defining Unicode char U+044D (decimal 1101)
   defining Unicode char U+044E (decimal 1102)
   defining Unicode char U+044F (decimal 1103)
   defining Unicode char U+0450 (decimal 1104)
   defining Unicode char U+0451 (decimal 1105)
   defining Unicode char U+0452 (decimal 1106)
   defining Unicode char U+0453 (decimal 1107)
   defining Unicode char U+0454 (decimal 1108)
   defining Unicode char U+0455 (decimal 1109)
   defining Unicode char U+0456 (decimal 1110)
   defining Unicode char U+0457 (decimal 1111)
   defining Unicode char U+0458 (decimal 1112)
   defining Unicode char U+0459 (decimal 1113)
   defining Unicode char U+045A (decimal 1114)
   defining Unicode char U+045B (decimal 1115)
   defining Unicode char U+045C (decimal 1116)
   defining Unicode char U+045D (decimal 1117)
   defining Unicode char U+045E (decimal 1118)
   defining Unicode char U+045F (decimal 1119)
   defining Unicode char U+0490 (decimal 1168)
   defining Unicode char U+0491 (decimal 1169)
   defining Unicode char U+0492 (decimal 1170)
   defining Unicode char U+0493 (decimal 1171)
   defining Unicode char U+0496 (decimal 1174)
   defining Unicode char U+0497 (decimal 1175)
   defining Unicode char U+0498 (decimal 1176)
   defining Unicode char U+0499 (decimal 1177)
   defining Unicode char U+049A (decimal 1178)
   defining Unicode char U+049B (decimal 1179)
   defining Unicode char U+049C (decimal 1180)
   defining Unicode char U+049D (decimal 1181)
   defining Unicode char U+04A0 (decimal 1184)
   defining Unicode char U+04A1 (decimal 1185)
   defining Unicode char U+04A2 (decimal 1186)
   defining Unicode char U+04A3 (decimal 1187)
   defining Unicode char U+04A4 (decimal 1188)
   defining Unicode char U+04A5 (decimal 1189)
   defining Unicode char U+04AA (decimal 1194)
   defining Unicode char U+04AB (decimal 1195)
   defining Unicode char U+04AE (decimal 1198)
   defining Unicode char U+04AF (decimal 1199)
   defining Unicode char U+04B0 (decimal 1200)
   defining Unicode char U+04B1 (decimal 1201)
   defining Unicode char U+04B2 (decimal 1202)
   defining Unicode char U+04B3 (decimal 1203)
   defining Unicode char U+04B6 (decimal 1206)
   defining Unicode char U+04B7 (decimal 1207)
   defining Unicode char U+04B8 (decimal 1208)
   defining Unicode char U+04B9 (decimal 1209)
   defining Unicode char U+04BA (decimal 1210)
   defining Unicode char U+04BB (decimal 1211)
   defining Unicode char U+04C0 (decimal 1216)
   defining Unicode char U+04C1 (decimal 1217)
   defining Unicode char U+04C2 (decimal 1218)
   defining Unicode char U+04D0 (decimal 1232)
   defining Unicode char U+04D1 (decimal 1233)
   defining Unicode char U+04D2 (decimal 1234)
   defining Unicode char U+04D3 (decimal 1235)
   defining Unicode char U+04D4 (decimal 1236)
   defining Unicode char U+04D5 (decimal 1237)
   defining Unicode char U+04D6 (decimal 1238)
   defining Unicode char U+04D7 (decimal 1239)
   defining Unicode char U+04D8 (decimal 1240)
   defining Unicode char U+04D9 (decimal 1241)
   defining Unicode char U+04DA (decimal 1242)
   defining Unicode char U+04DB (decimal 1243)
   defining Unicode char U+04DC (decimal 1244)
   defining Unicode char U+04DD (decimal 1245)
   defining Unicode char U+04DE (decimal 1246)
   defining Unicode char U+04DF (decimal 1247)
   defining Unicode char U+04E2 (decimal 1250)
   defining Unicode char U+04E3 (decimal 1251)
   defining Unicode char U+04E4 (decimal 1252)
   defining Unicode char U+04E5 (decimal 1253)
   defining Unicode char U+04E6 (decimal 1254)
   defining Unicode char U+04E7 (decimal 1255)
   defining Unicode char U+04E8 (decimal 1256)
   defining Unicode char U+04E9 (decimal 1257)
   defining Unicode char U+04EC (decimal 1260)
   defining Unicode char U+04ED (decimal 1261)
   defining Unicode char U+04EE (decimal 1262)
   defining Unicode char U+04EF (decimal 1263)
   defining Unicode char U+04F0 (decimal 1264)
   defining Unicode char U+04F1 (decimal 1265)
   defining Unicode char U+04F2 (decimal 1266)
   defining Unicode char U+04F3 (decimal 1267)
   defining Unicode char U+04F4 (decimal 1268)
   defining Unicode char U+04F5 (decimal 1269)
   defining Unicode char U+04F8 (decimal 1272)
   defining Unicode char U+04F9 (decimal 1273)
   defining Unicode char U+200C (decimal 8204)
   defining Unicode char U+2013 (decimal 8211)
   defining Unicode char U+2014 (decimal 8212)
   defining Unicode char U+2018 (decimal 8216)
   defining Unicode char U+2019 (decimal 8217)
   defining Unicode char U+201C (decimal 8220)
   defining Unicode char U+201D (decimal 8221)
   defining Unicode char U+201E (decimal 8222)
   defining Unicode char U+2030 (decimal 8240)
   defining Unicode char U+2031 (decimal 8241)
   defining Unicode char U+2116 (decimal 8470)
   defining Unicode char U+2329 (decimal 9001)
   defining Unicode char U+3008 (decimal 12296)
   defining Unicode char U+232A (decimal 9002)
   defining Unicode char U+3009 (decimal 12297)
   defining Unicode char U+2423 (decimal 9251)
   defining Unicode char U+27E8 (decimal 10216)
   defining Unicode char U+27E9 (decimal 10217)
   defining Unicode char U+FB00 (decimal 64256)
   defining Unicode char U+FB01 (decimal 64257)
   defining Unicode char U+FB02 (decimal 64258)
   defining Unicode char U+FB03 (decimal 64259)
   defining Unicode char U+FB04 (decimal 64260)
   defining Unicode char U+FB05 (decimal 64261)
   defining Unicode char U+FB06 (decimal 64262)
)))
(d:/Program Files (x86)/texlive/2025/texmf-dist/tex/latex/ctex/ctex.sty
(d:/Program Files (x86)/texlive/2025/texmf-dist/tex/latex/l3kernel/expl3.sty
Package: expl3 2025-08-13 L3 programming layer (loader) 

(d:/Program Files (x86)/texlive/2025/texmf-dist/tex/latex/l3backend/l3backend-p
dftex.def
File: l3backend-pdftex.def 2025-06-09 L3 backend support: PDF output (pdfTeX)
\l__color_backend_stack_int=\count283
))
Package: ctex 2022/07/14 v2.5.10 Chinese adapter in LaTeX (CTEX)

(d:/Program Files (x86)/texlive/2025/texmf-dist/tex/latex/ctex/ctexhook.sty
Package: ctexhook 2022/07/14 v2.5.10 Document and package hooks (CTEX)
)
(d:/Program Files (x86)/texlive/2025/texmf-dist/tex/latex/ctex/ctexpatch.sty
Package: ctexpatch 2022/07/14 v2.5.10 Patching commands (CTEX)
)
(d:/Program Files (x86)/texlive/2025/texmf-dist/tex/latex/base/fix-cm.sty
Package: fix-cm 2020/11/24 v1.1t fixes to LaTeX

(d:/Program Files (x86)/texlive/2025/texmf-dist/tex/latex/base/ts1enc.def
File: ts1enc.def 2001/06/05 v3.0e (jk/car/fm) Standard LaTeX file
LaTeX Font Info:    Redeclaring font encoding TS1 on input line 47.
LaTeX Encoding Info:    Redeclaring text command \capitalcedilla (encoding TS1)
 on input line 49.
LaTeX Encoding Info:    Redeclaring text command \capitalogonek (encoding TS1) 
on input line 52.
LaTeX Encoding Info:    Redeclaring text command \capitalgrave (encoding TS1) o
n input line 55.
LaTeX Encoding Info:    Redeclaring text command \capitalacute (encoding TS1) o
n input line 56.
LaTeX Encoding Info:    Redeclaring text command \capitalcircumflex (encoding T
S1) on input line 57.
LaTeX Encoding Info:    Redeclaring text command \capitaltilde (encoding TS1) o
n input line 58.
LaTeX Encoding Info:    Redeclaring text command \capitaldieresis (encoding TS1
) on input line 59.
LaTeX Encoding Info:    Redeclaring text command \capitalhungarumlaut (encoding
 TS1) on input line 60.
LaTeX Encoding Info:    Redeclaring text command \capitalring (encoding TS1) on
 input line 61.
LaTeX Encoding Info:    Redeclaring text command \capitalcaron (encoding TS1) o
n input line 62.
LaTeX Encoding Info:    Redeclaring text command \capitalbreve (encoding TS1) o
n input line 63.
LaTeX Encoding Info:    Redeclaring text command \capitalmacron (encoding TS1) 
on input line 64.
LaTeX Encoding Info:    Redeclaring text command \capitaldotaccent (encoding TS
1) on input line 65.
LaTeX Encoding Info:    Redeclaring text command \t (encoding TS1) on input lin
e 66.
LaTeX Encoding Info:    Redeclaring text command \capitaltie (encoding TS1) on 
input line 67.
LaTeX Encoding Info:    Redeclaring text command \newtie (encoding TS1) on inpu
t line 68.
LaTeX Encoding Info:    Redeclaring text command \capitalnewtie (encoding TS1) 
on input line 69.
LaTeX Encoding Info:    Redeclaring text symbol \textcapitalcompwordmark (encod
ing TS1) on input line 70.
LaTeX Encoding Info:    Redeclaring text symbol \textascendercompwordmark (enco
ding TS1) on input line 71.
LaTeX Encoding Info:    Redeclaring text symbol \textquotestraightbase (encodin
g TS1) on input line 72.
LaTeX Encoding Info:    Redeclaring text symbol \textquotestraightdblbase (enco
ding TS1) on input line 73.
LaTeX Encoding Info:    Redeclaring text symbol \texttwelveudash (encoding TS1)
 on input line 74.
LaTeX Encoding Info:    Redeclaring text symbol \textthreequartersemdash (encod
ing TS1) on input line 75.
LaTeX Encoding Info:    Redeclaring text symbol \textleftarrow (encoding TS1) o
n input line 76.
LaTeX Encoding Info:    Redeclaring text symbol \textrightarrow (encoding TS1) 
on input line 77.
LaTeX Encoding Info:    Redeclaring text symbol \textblank (encoding TS1) on in
put line 78.
LaTeX Encoding Info:    Redeclaring text symbol \textdollar (encoding TS1) on i
nput line 79.
LaTeX Encoding Info:    Redeclaring text symbol \textquotesingle (encoding TS1)
 on input line 80.
LaTeX Encoding Info:    Redeclaring text command \textasteriskcentered (encodin
g TS1) on input line 81.
LaTeX Encoding Info:    Redeclaring text symbol \textdblhyphen (encoding TS1) o
n input line 92.
LaTeX Encoding Info:    Redeclaring text symbol \textfractionsolidus (encoding 
TS1) on input line 93.
LaTeX Encoding Info:    Redeclaring text symbol \textzerooldstyle (encoding TS1
) on input line 94.
LaTeX Encoding Info:    Redeclaring text symbol \textoneoldstyle (encoding TS1)
 on input line 95.
LaTeX Encoding Info:    Redeclaring text symbol \texttwooldstyle (encoding TS1)
 on input line 96.
LaTeX Encoding Info:    Redeclaring text symbol \textthreeoldstyle (encoding TS
1) on input line 97.
LaTeX Encoding Info:    Redeclaring text symbol \textfouroldstyle (encoding TS1
) on input line 98.
LaTeX Encoding Info:    Redeclaring text symbol \textfiveoldstyle (encoding TS1
) on input line 99.
LaTeX Encoding Info:    Redeclaring text symbol \textsixoldstyle (encoding TS1)
 on input line 100.
LaTeX Encoding Info:    Redeclaring text symbol \textsevenoldstyle (encoding TS
1) on input line 101.
LaTeX Encoding Info:    Redeclaring text symbol \texteightoldstyle (encoding TS
1) on input line 102.
LaTeX Encoding Info:    Redeclaring text symbol \textnineoldstyle (encoding TS1
) on input line 103.
LaTeX Encoding Info:    Redeclaring text symbol \textlangle (encoding TS1) on i
nput line 104.
LaTeX Encoding Info:    Redeclaring text symbol \textminus (encoding TS1) on in
put line 105.
LaTeX Encoding Info:    Redeclaring text symbol \textrangle (encoding TS1) on i
nput line 106.
LaTeX Encoding Info:    Redeclaring text symbol \textmho (encoding TS1) on inpu
t line 107.
LaTeX Encoding Info:    Redeclaring text symbol \textbigcircle (encoding TS1) o
n input line 108.
LaTeX Encoding Info:    Redeclaring text command \textcircled (encoding TS1) on
 input line 109.
LaTeX Encoding Info:    Redeclaring text symbol \textohm (encoding TS1) on inpu
t line 115.
LaTeX Encoding Info:    Redeclaring text symbol \textlbrackdbl (encoding TS1) o
n input line 116.
LaTeX Encoding Info:    Redeclaring text symbol \textrbrackdbl (encoding TS1) o
n input line 117.
LaTeX Encoding Info:    Redeclaring text symbol \textuparrow (encoding TS1) on 
input line 118.
LaTeX Encoding Info:    Redeclaring text symbol \textdownarrow (encoding TS1) o
n input line 119.
LaTeX Encoding Info:    Redeclaring text symbol \textasciigrave (encoding TS1) 
on input line 120.
LaTeX Encoding Info:    Redeclaring text symbol \textborn (encoding TS1) on inp
ut line 121.
LaTeX Encoding Info:    Redeclaring text symbol \textdivorced (encoding TS1) on
 input line 122.
LaTeX Encoding Info:    Redeclaring text symbol \textdied (encoding TS1) on inp
ut line 123.
LaTeX Encoding Info:    Redeclaring text symbol \textleaf (encoding TS1) on inp
ut line 124.
LaTeX Encoding Info:    Redeclaring text symbol \textmarried (encoding TS1) on 
input line 125.
LaTeX Encoding Info:    Redeclaring text symbol \textmusicalnote (encoding TS1)
 on input line 126.
LaTeX Encoding Info:    Redeclaring text symbol \texttildelow (encoding TS1) on
 input line 127.
LaTeX Encoding Info:    Redeclaring text symbol \textdblhyphenchar (encoding TS
1) on input line 128.
LaTeX Encoding Info:    Redeclaring text symbol \textasciibreve (encoding TS1) 
on input line 129.
LaTeX Encoding Info:    Redeclaring text symbol \textasciicaron (encoding TS1) 
on input line 130.
LaTeX Encoding Info:    Redeclaring text symbol \textacutedbl (encoding TS1) on
 input line 131.
LaTeX Encoding Info:    Redeclaring text symbol \textgravedbl (encoding TS1) on
 input line 132.
LaTeX Encoding Info:    Redeclaring text symbol \textdagger (encoding TS1) on i
nput line 133.
LaTeX Encoding Info:    Redeclaring text symbol \textdaggerdbl (encoding TS1) o
n input line 134.
LaTeX Encoding Info:    Redeclaring text symbol \textbardbl (encoding TS1) on i
nput line 135.
LaTeX Encoding Info:    Redeclaring text symbol \textperthousand (encoding TS1)
 on input line 136.
LaTeX Encoding Info:    Redeclaring text symbol \textbullet (encoding TS1) on i
nput line 137.
LaTeX Encoding Info:    Redeclaring text symbol \textcelsius (encoding TS1) on 
input line 138.
LaTeX Encoding Info:    Redeclaring text symbol \textdollaroldstyle (encoding T
S1) on input line 139.
LaTeX Encoding Info:    Redeclaring text symbol \textcentoldstyle (encoding TS1
) on input line 140.
LaTeX Encoding Info:    Redeclaring text symbol \textflorin (encoding TS1) on i
nput line 141.
LaTeX Encoding Info:    Redeclaring text symbol \textcolonmonetary (encoding TS
1) on input line 142.
LaTeX Encoding Info:    Redeclaring text symbol \textwon (encoding TS1) on inpu
t line 143.
LaTeX Encoding Info:    Redeclaring text symbol \textnaira (encoding TS1) on in
put line 144.
LaTeX Encoding Info:    Redeclaring text symbol \textguarani (encoding TS1) on 
input line 145.
LaTeX Encoding Info:    Redeclaring text symbol \textpeso (encoding TS1) on inp
ut line 146.
LaTeX Encoding Info:    Redeclaring text symbol \textlira (encoding TS1) on inp
ut line 147.
LaTeX Encoding Info:    Redeclaring text symbol \textrecipe (encoding TS1) on i
nput line 148.
LaTeX Encoding Info:    Redeclaring text symbol \textinterrobang (encoding TS1)
 on input line 149.
LaTeX Encoding Info:    Redeclaring text symbol \textinterrobangdown (encoding 
TS1) on input line 150.
LaTeX Encoding Info:    Redeclaring text symbol \textdong (encoding TS1) on inp
ut line 151.
LaTeX Encoding Info:    Redeclaring text symbol \texttrademark (encoding TS1) o
n input line 152.
LaTeX Encoding Info:    Redeclaring text symbol \textpertenthousand (encoding T
S1) on input line 153.
LaTeX Encoding Info:    Redeclaring text symbol \textpilcrow (encoding TS1) on 
input line 154.
LaTeX Encoding Info:    Redeclaring text symbol \textbaht (encoding TS1) on inp
ut line 155.
LaTeX Encoding Info:    Redeclaring text symbol \textnumero (encoding TS1) on i
nput line 156.
LaTeX Encoding Info:    Redeclaring text symbol \textdiscount (encoding TS1) on
 input line 157.
LaTeX Encoding Info:    Redeclaring text symbol \textestimated (encoding TS1) o
n input line 158.
LaTeX Encoding Info:    Redeclaring text symbol \textopenbullet (encoding TS1) 
on input line 159.
LaTeX Encoding Info:    Redeclaring text symbol \textservicemark (encoding TS1)
 on input line 160.
LaTeX Encoding Info:    Redeclaring text symbol \textlquill (encoding TS1) on i
nput line 161.
LaTeX Encoding Info:    Redeclaring text symbol \textrquill (encoding TS1) on i
nput line 162.
LaTeX Encoding Info:    Redeclaring text symbol \textcent (encoding TS1) on inp
ut line 163.
LaTeX Encoding Info:    Redeclaring text symbol \textsterling (encoding TS1) on
 input line 164.
LaTeX Encoding Info:    Redeclaring text symbol \textcurrency (encoding TS1) on
 input line 165.
LaTeX Encoding Info:    Redeclaring text symbol \textyen (encoding TS1) on inpu
t line 166.
LaTeX Encoding Info:    Redeclaring text symbol \textbrokenbar (encoding TS1) o
n input line 167.
LaTeX Encoding Info:    Redeclaring text symbol \textsection (encoding TS1) on 
input line 168.
LaTeX Encoding Info:    Redeclaring text symbol \textasciidieresis (encoding TS
1) on input line 169.
LaTeX Encoding Info:    Redeclaring text symbol \textcopyright (encoding TS1) o
n input line 170.
LaTeX Encoding Info:    Redeclaring text symbol \textordfeminine (encoding TS1)
 on input line 171.
LaTeX Encoding Info:    Redeclaring text symbol \textcopyleft (encoding TS1) on
 input line 172.
LaTeX Encoding Info:    Redeclaring text symbol \textlnot (encoding TS1) on inp
ut line 173.
LaTeX Encoding Info:    Redeclaring text symbol \textcircledP (encoding TS1) on
 input line 174.
LaTeX Encoding Info:    Redeclaring text symbol \textregistered (encoding TS1) 
on input line 175.
LaTeX Encoding Info:    Redeclaring text symbol \textasciimacron (encoding TS1)
 on input line 176.
LaTeX Encoding Info:    Redeclaring text symbol \textdegree (encoding TS1) on i
nput line 177.
LaTeX Encoding Info:    Redeclaring text symbol \textpm (encoding TS1) on input
 line 178.
LaTeX Encoding Info:    Redeclaring text symbol \texttwosuperior (encoding TS1)
 on input line 179.
LaTeX Encoding Info:    Redeclaring text symbol \textthreesuperior (encoding TS
1) on input line 180.
LaTeX Encoding Info:    Redeclaring text symbol \textasciiacute (encoding TS1) 
on input line 181.
LaTeX Encoding Info:    Redeclaring text symbol \textmu (encoding TS1) on input
 line 182.
LaTeX Encoding Info:    Redeclaring text symbol \textparagraph (encoding TS1) o
n input line 183.
LaTeX Encoding Info:    Redeclaring text symbol \textperiodcentered (encoding T
S1) on input line 184.
LaTeX Encoding Info:    Redeclaring text symbol \textreferencemark (encoding TS
1) on input line 185.
LaTeX Encoding Info:    Redeclaring text symbol \textonesuperior (encoding TS1)
 on input line 186.
LaTeX Encoding Info:    Redeclaring text symbol \textordmasculine (encoding TS1
) on input line 187.
LaTeX Encoding Info:    Redeclaring text symbol \textsurd (encoding TS1) on inp
ut line 188.
LaTeX Encoding Info:    Redeclaring text symbol \textonequarter (encoding TS1) 
on input line 189.
LaTeX Encoding Info:    Redeclaring text symbol \textonehalf (encoding TS1) on 
input line 190.
LaTeX Encoding Info:    Redeclaring text symbol \textthreequarters (encoding TS
1) on input line 191.
LaTeX Encoding Info:    Redeclaring text symbol \texteuro (encoding TS1) on inp
ut line 192.
LaTeX Encoding Info:    Redeclaring text symbol \texttimes (encoding TS1) on in
put line 193.
LaTeX Encoding Info:    Redeclaring text symbol \textdiv (encoding TS1) on inpu
t line 194.
))
\l__ctex_tmp_int=\count284
\l__ctex_tmp_box=\box53
\l__ctex_tmp_dim=\dimen149
\g__ctex_section_depth_int=\count285
\g__ctex_font_size_int=\count286

(d:/Program Files (x86)/texlive/2025/texmf-dist/tex/latex/ctex/config/ctexopts.
cfg
File: ctexopts.cfg 2022/07/14 v2.5.10 Option configuration file (CTEX)
)

Package ctex Warning: UTF8 will be used as the default encoding.


(d:/Program Files (x86)/texlive/2025/texmf-dist/tex/latex/ctex/engine/ctex-engi
ne-pdftex.def
File: ctex-engine-pdftex.def 2022/07/14 v2.5.10 (pdf)LaTeX adapter (CTEX)

(d:/Program Files (x86)/texlive/2025/texmf-dist/tex/latex/cjk/texinput/CJKutf8.
sty
Package: CJKutf8 2021/10/16 4.8.5
 (d:/Program Files (x86)/texlive/2025/texmf-dist/tex/generic/iftex/ifpdf.sty
Package: ifpdf 2019/10/25 v3.4 ifpdf legacy package. Use iftex instead.
(d:/Program Files (x86)/texlive/2025/texmf-dist/tex/generic/iftex/iftex.sty
Package: iftex 2024/12/12 v1.0g TeX engine tests
))
(d:/Program Files (x86)/texlive/2025/texmf-dist/tex/latex/cjk/texinput/CJK.sty
Package: CJK 2021/10/16 4.8.5

(d:/Program Files (x86)/texlive/2025/texmf-dist/tex/latex/cjk/texinput/mule/MUL
Eenc.sty
Package: MULEenc 2021/10/16 4.8.5
)
(d:/Program Files (x86)/texlive/2025/texmf-dist/tex/latex/cjk/texinput/CJK.enc
File: CJK.enc 2021/10/16 4.8.5
Now handling font encoding C00 ...
... no UTF-8 mapping file for font encoding C00
Now handling font encoding C05 ...
... no UTF-8 mapping file for font encoding C05
Now handling font encoding C09 ...
... no UTF-8 mapping file for font encoding C09
Now handling font encoding C10 ...
... no UTF-8 mapping file for font encoding C10
Now handling font encoding C20 ...
... no UTF-8 mapping file for font encoding C20
Now handling font encoding C19 ...
... no UTF-8 mapping file for font encoding C19
Now handling font encoding C40 ...
... no UTF-8 mapping file for font encoding C40
Now handling font encoding C42 ...
... no UTF-8 mapping file for font encoding C42
Now handling font encoding C43 ...
... no UTF-8 mapping file for font encoding C43
Now handling font encoding C50 ...
... no UTF-8 mapping file for font encoding C50
Now handling font encoding C52 ...
... no UTF-8 mapping file for font encoding C52
Now handling font encoding C49 ...
... no UTF-8 mapping file for font encoding C49
Now handling font encoding C60 ...
... no UTF-8 mapping file for font encoding C60
Now handling font encoding C61 ...
... no UTF-8 mapping file for font encoding C61
Now handling font encoding C63 ...
... no UTF-8 mapping file for font encoding C63
Now handling font encoding C64 ...
... no UTF-8 mapping file for font encoding C64
Now handling font encoding C65 ...
... no UTF-8 mapping file for font encoding C65
Now handling font encoding C70 ...
... no UTF-8 mapping file for font encoding C70
Now handling font encoding C31 ...
... no UTF-8 mapping file for font encoding C31
Now handling font encoding C32 ...
... no UTF-8 mapping file for font encoding C32
Now handling font encoding C33 ...
... no UTF-8 mapping file for font encoding C33
Now handling font encoding C34 ...
... no UTF-8 mapping file for font encoding C34
Now handling font encoding C35 ...
... no UTF-8 mapping file for font encoding C35
Now handling font encoding C36 ...
... no UTF-8 mapping file for font encoding C36
Now handling font encoding C37 ...
... no UTF-8 mapping file for font encoding C37
Now handling font encoding C80 ...
... no UTF-8 mapping file for font encoding C80
Now handling font encoding C81 ...
... no UTF-8 mapping file for font encoding C81
Now handling font encoding C01 ...
... no UTF-8 mapping file for font encoding C01
Now handling font encoding C11 ...
... no UTF-8 mapping file for font encoding C11
Now handling font encoding C21 ...
... no UTF-8 mapping file for font encoding C21
Now handling font encoding C41 ...
... no UTF-8 mapping file for font encoding C41
Now handling font encoding C62 ...
... no UTF-8 mapping file for font encoding C62
)
\CJK@indent=\box54
) (d:/Program Files (x86)/texlive/2025/texmf-dist/tex/latex/base/fontenc.sty
Package: fontenc 2024/12/21 v2.1c Standard LaTeX package
))
(d:/Program Files (x86)/texlive/2025/texmf-dist/tex/latex/cjkpunct/CJKpunct.sty
Package: CJKpunct 2016/05/14 4.8.4
\CJKpunct@cnta=\count287
\CJKpunct@cntb=\count288
\CJKpunct@cntc=\count289
\CJKpunct@cntd=\count290
\CJKpunct@cnte=\count291
   defining Unicode char U+2018 (decimal 8216)
   defining Unicode char U+2019 (decimal 8217)
   defining Unicode char U+201C (decimal 8220)
   defining Unicode char U+201D (decimal 8221)
   defining Unicode char U+2014 (decimal 8212)
   defining Unicode char U+2026 (decimal 8230)

(d:/Program Files (x86)/texlive/2025/texmf-dist/tex/latex/cjkpunct/CJKpunct.spa
))
(d:/Program Files (x86)/texlive/2025/texmf-dist/tex/latex/cjk/texinput/CJKspace
.sty
Package: CJKspace 2021/10/16 3.8.0
)
(d:/Program Files (x86)/texlive/2025/texmf-dist/tex/latex/cjk/texinput/UTF8/UTF
8.bdg
File: UTF8.bdg 2021/10/16 4.8.5
)
(d:/Program Files (x86)/texlive/2025/texmf-dist/tex/latex/ctex/ctexspa.def
File: ctexspa.def 2022/07/14 v2.5.10 Space info for CJKpunct (CTEX)
)
\ccwd=\dimen150
\l__ctex_ccglue_skip=\skip51
)
\l__ctex_ziju_dim=\dimen151

(d:/Program Files (x86)/texlive/2025/texmf-dist/tex/latex/zhnumber/zhnumber.sty
Package: zhnumber 2022/07/14 v3.0 Typesetting numbers with Chinese glyphs
\l__zhnum_scale_int=\count292
\l__zhnum_tmp_int=\count293

(d:/Program Files (x86)/texlive/2025/texmf-dist/tex/latex/zhnumber/zhnumber-utf
8.cfg
File: zhnumber-utf8.cfg 2022/07/14 v3.0 Chinese numerals with UTF8 encoding
))
(d:/Program Files (x86)/texlive/2025/texmf-dist/tex/latex/ctex/scheme/ctex-sche
me-chinese.def
File: ctex-scheme-chinese.def 2022/07/14 v2.5.10 Chinese scheme for generic (CT
EX)

(d:/Program Files (x86)/texlive/2025/texmf-dist/tex/latex/ctex/config/ctex-name
-utf8.cfg
File: ctex-name-utf8.cfg 2022/07/14 v2.5.10 Caption with encoding UTF-8 (CTEX)
))
(d:/Program Files (x86)/texlive/2025/texmf-dist/tex/latex/tools/indentfirst.sty
Package: indentfirst 2023/07/02 v1.03 Indent first paragraph (DPC)
)
(d:/Program Files (x86)/texlive/2025/texmf-dist/tex/latex/ctex/fontset/ctex-fon
tset-windows.def
File: ctex-fontset-windows.def 2022/07/14 v2.5.10 Windows fonts definition (CTE
X)
))
(d:/Program Files (x86)/texlive/2025/texmf-dist/tex/latex/ctex/config/ctex.cfg
File: ctex.cfg 2022/07/14 v2.5.10 Configuration file (CTEX)
) (d:/Program Files (x86)/texlive/2025/texmf-dist/tex/latex/physics/physics.sty
Package: physics 

(d:/Program Files (x86)/texlive/2025/texmf-dist/tex/latex/l3packages/xparse/xpa
rse.sty
Package: xparse 2024-08-16 L3 Experimental document command parser
)
(d:/Program Files (x86)/texlive/2025/texmf-dist/tex/latex/amsmath/amsmath.sty
Package: amsmath 2025/06/16 v2.17y AMS math features
\@mathmargin=\skip52

For additional information on amsmath, use the `?' option.
(d:/Program Files (x86)/texlive/2025/texmf-dist/tex/latex/amsmath/amstext.sty
Package: amstext 2024/11/17 v2.01 AMS text

(d:/Program Files (x86)/texlive/2025/texmf-dist/tex/latex/amsmath/amsgen.sty
File: amsgen.sty 1999/11/30 v2.0 generic functions
\@emptytoks=\toks19
\ex@=\dimen152
))
(d:/Program Files (x86)/texlive/2025/texmf-dist/tex/latex/amsmath/amsbsy.sty
Package: amsbsy 1999/11/29 v1.2d Bold Symbols
\pmbraise@=\dimen153
)
(d:/Program Files (x86)/texlive/2025/texmf-dist/tex/latex/amsmath/amsopn.sty
Package: amsopn 2022/04/08 v2.04 operator names
)
\inf@bad=\count294
LaTeX Info: Redefining \frac on input line 233.
\uproot@=\count295
\leftroot@=\count296
LaTeX Info: Redefining \overline on input line 398.
LaTeX Info: Redefining \colon on input line 409.
\classnum@=\count297
\DOTSCASE@=\count298
LaTeX Info: Redefining \ldots on input line 495.
LaTeX Info: Redefining \dots on input line 498.
LaTeX Info: Redefining \cdots on input line 619.
\Mathstrutbox@=\box55
\strutbox@=\box56
LaTeX Info: Redefining \big on input line 721.
LaTeX Info: Redefining \Big on input line 722.
LaTeX Info: Redefining \bigg on input line 723.
LaTeX Info: Redefining \Bigg on input line 724.
\big@size=\dimen154
LaTeX Font Info:    Redeclaring font encoding OML on input line 742.
LaTeX Font Info:    Redeclaring font encoding OMS on input line 743.
\macc@depth=\count299
LaTeX Info: Redefining \bmod on input line 904.
LaTeX Info: Redefining \pmod on input line 909.
LaTeX Info: Redefining \smash on input line 939.
LaTeX Info: Redefining \relbar on input line 969.
LaTeX Info: Redefining \Relbar on input line 970.
\c@MaxMatrixCols=\count300
\dotsspace@=\muskip17
\c@parentequation=\count301
\dspbrk@lvl=\count302
\tag@help=\toks20
\row@=\count303
\column@=\count304
\maxfields@=\count305
\andhelp@=\toks21
\eqnshift@=\dimen155
\alignsep@=\dimen156
\tagshift@=\dimen157
\tagwidth@=\dimen158
\totwidth@=\dimen159
\lineht@=\dimen160
\@envbody=\toks22
\multlinegap=\skip53
\multlinetaggap=\skip54
\mathdisplay@stack=\toks23
LaTeX Info: Redefining \[ on input line 2949.
LaTeX Info: Redefining \] on input line 2950.
)) (d:/Program Files (x86)/texlive/2025/texmf-dist/tex/latex/carlisle/slashed.s
ty
Package: slashed 1997/01/16 v0.01 Feynman Slashed Character Notation (DPC)
) (d:/Program Files (x86)/texlive/2025/texmf-dist/tex/latex/tools/bm.sty
Package: bm 2023/12/19 v1.2f Bold Symbol Support (DPC/FMi)
\symboldoperators=\mathgroup4
\symboldletters=\mathgroup5
\symboldsymbols=\mathgroup6
Package bm Info: No bold for \OMX/cmex/m/n, using \pmb.
LaTeX Font Info:    Redeclaring math alphabet \mathbf on input line 149.
)
(d:/Program Files (x86)/texlive/2025/texmf-dist/tex/latex/bigints/bigints.sty
Package: bigints 2010/02/15 Writing big integrals
Package bigints Info: This is Bigints by Merciadri Luca. on input line 5.
)
(d:/Program Files (x86)/texlive/2025/texmf-dist/tex/latex/amsfonts/amssymb.sty
Package: amssymb 2013/01/14 v3.01 AMS font symbols

(d:/Program Files (x86)/texlive/2025/texmf-dist/tex/latex/amsfonts/amsfonts.sty
Package: amsfonts 2013/01/14 v3.01 Basic AMSFonts support
\symAMSa=\mathgroup7
\symAMSb=\mathgroup8
LaTeX Font Info:    Redeclaring math symbol \hbar on input line 98.
LaTeX Font Info:    Overwriting math alphabet `\mathfrak' in version `bold'
(Font)                  U/euf/m/n --> U/euf/b/n on input line 106.
))
(d:/Program Files (x86)/texlive/2025/texmf-dist/tex/latex/jknapltx/mathrsfs.sty
Package: mathrsfs 1996/01/01 Math RSFS package v1.0 (jk)
\symrsfs=\mathgroup9
)
(d:/Program Files (x86)/texlive/2025/texmf-dist/tex/latex/extarrows/extarrows.s
ty
Package: extarrows 2020/03/12 v1.2.0 Some extensible arrows
)
(d:/Program Files (x86)/texlive/2025/texmf-dist/tex/latex/hyperref/hyperref.sty
Package: hyperref 2025-07-12 v7.01o Hypertext links for LaTeX
(d:/Program Files (x86)/texlive/2025/texmf-dist/tex/latex/graphics/keyval.sty
Package: keyval 2022/05/29 v1.15 key=value parser (DPC)
\KV@toks@=\toks24
)
(d:/Program Files (x86)/texlive/2025/texmf-dist/tex/latex/kvsetkeys/kvsetkeys.s
ty
Package: kvsetkeys 2022-10-05 v1.19 Key value parser (HO)
)
(d:/Program Files (x86)/texlive/2025/texmf-dist/tex/generic/kvdefinekeys/kvdefi
nekeys.sty
Package: kvdefinekeys 2019-12-19 v1.6 Define keys (HO)
)
(d:/Program Files (x86)/texlive/2025/texmf-dist/tex/generic/pdfescape/pdfescape
.sty
Package: pdfescape 2019/12/09 v1.15 Implements pdfTeX's escape features (HO)

(d:/Program Files (x86)/texlive/2025/texmf-dist/tex/generic/ltxcmds/ltxcmds.sty
Package: ltxcmds 2023-12-04 v1.26 LaTeX kernel commands for general use (HO)
)
(d:/Program Files (x86)/texlive/2025/texmf-dist/tex/generic/pdftexcmds/pdftexcm
ds.sty
Package: pdftexcmds 2020-06-27 v0.33 Utility functions of pdfTeX for LuaTeX (HO
)

(d:/Program Files (x86)/texlive/2025/texmf-dist/tex/generic/infwarerr/infwarerr
.sty
Package: infwarerr 2019/12/03 v1.5 Providing info/warning/error messages (HO)
)
Package pdftexcmds Info: \pdf@primitive is available.
Package pdftexcmds Info: \pdf@ifprimitive is available.
Package pdftexcmds Info: \pdfdraftmode found.
))
(d:/Program Files (x86)/texlive/2025/texmf-dist/tex/latex/hycolor/hycolor.sty
Package: hycolor 2020-01-27 v1.10 Color options for hyperref/bookmark (HO)
)
(d:/Program Files (x86)/texlive/2025/texmf-dist/tex/latex/hyperref/nameref.sty
Package: nameref 2025-06-21 v2.57 Cross-referencing by name of section

(d:/Program Files (x86)/texlive/2025/texmf-dist/tex/latex/refcount/refcount.sty
Package: refcount 2019/12/15 v3.6 Data extraction from label references (HO)
)
(d:/Program Files (x86)/texlive/2025/texmf-dist/tex/generic/gettitlestring/gett
itlestring.sty
Package: gettitlestring 2019/12/15 v1.6 Cleanup title references (HO)

(d:/Program Files (x86)/texlive/2025/texmf-dist/tex/latex/kvoptions/kvoptions.s
ty
Package: kvoptions 2022-06-15 v3.15 Key value format for package options (HO)
))
\c@section@level=\count306
)
(d:/Program Files (x86)/texlive/2025/texmf-dist/tex/latex/etoolbox/etoolbox.sty
Package: etoolbox 2025/02/11 v2.5l e-TeX tools for LaTeX (JAW)
\etb@tempcnta=\count307
)
(d:/Program Files (x86)/texlive/2025/texmf-dist/tex/generic/stringenc/stringenc
.sty
Package: stringenc 2019/11/29 v1.12 Convert strings between diff. encodings (HO
)
)
\@linkdim=\dimen161
\Hy@linkcounter=\count308
\Hy@pagecounter=\count309

(d:/Program Files (x86)/texlive/2025/texmf-dist/tex/latex/hyperref/pd1enc.def
File: pd1enc.def 2025-07-12 v7.01o Hyperref: PDFDocEncoding definition (HO)
Now handling font encoding PD1 ...
... no UTF-8 mapping file for font encoding PD1
)
(d:/Program Files (x86)/texlive/2025/texmf-dist/tex/generic/intcalc/intcalc.sty
Package: intcalc 2019/12/15 v1.3 Expandable calculations with integers (HO)
)
\Hy@SavedSpaceFactor=\count310
 (d:/Program Files (x86)/texlive/2025/texmf-dist/tex/latex/hyperref/puenc.def
File: puenc.def 2025-07-12 v7.01o Hyperref: PDF Unicode definition (HO)
Now handling font encoding PU ...
... no UTF-8 mapping file for font encoding PU
)
Package hyperref Info: Option `unicode' set `true' on input line 4066.
Package hyperref Info: Hyper figures OFF on input line 4195.
Package hyperref Info: Link nesting OFF on input line 4200.
Package hyperref Info: Hyper index ON on input line 4203.
Package hyperref Info: Plain pages OFF on input line 4210.
Package hyperref Info: Backreferencing OFF on input line 4215.
Package hyperref Info: Implicit mode ON; LaTeX internals redefined.
Package hyperref Info: Bookmarks ON on input line 4462.
\c@Hy@tempcnt=\count311
(d:/Program Files (x86)/texlive/2025/texmf-dist/tex/latex/url/url.sty
\Urlmuskip=\muskip18
Package: url 2013/09/16  ver 3.4  Verb mode for urls, etc.
)
LaTeX Info: Redefining \url on input line 4801.
\XeTeXLinkMargin=\dimen162

(d:/Program Files (x86)/texlive/2025/texmf-dist/tex/generic/bitset/bitset.sty
Package: bitset 2019/12/09 v1.3 Handle bit-vector datatype (HO)

(d:/Program Files (x86)/texlive/2025/texmf-dist/tex/generic/bigintcalc/bigintca
lc.sty
Package: bigintcalc 2019/12/15 v1.5 Expandable calculations on big integers (HO
)
))
\Fld@menulength=\count312
\Field@Width=\dimen163
\Fld@charsize=\dimen164
Package hyperref Info: Hyper figures OFF on input line 6078.
Package hyperref Info: Link nesting OFF on input line 6083.
Package hyperref Info: Hyper index ON on input line 6086.
Package hyperref Info: backreferencing OFF on input line 6093.
Package hyperref Info: Link coloring OFF on input line 6098.
Package hyperref Info: Link coloring with OCG OFF on input line 6103.
Package hyperref Info: PDF/A mode OFF on input line 6108.
\Hy@abspage=\count313
\c@Item=\count314
\c@Hfootnote=\count315
)
Package hyperref Info: Driver (autodetected): hpdftex.

(d:/Program Files (x86)/texlive/2025/texmf-dist/tex/latex/hyperref/hpdftex.def
File: hpdftex.def 2025-07-12 v7.01o Hyperref driver for pdfTeX
\Fld@listcount=\count316
\c@bookmark@seq@number=\count317

(d:/Program Files (x86)/texlive/2025/texmf-dist/tex/latex/rerunfilecheck/rerunf
ilecheck.sty
Package: rerunfilecheck 2025-06-21 v1.11 Rerun checks for auxiliary files (HO)

(d:/Program Files (x86)/texlive/2025/texmf-dist/tex/generic/uniquecounter/uniqu
ecounter.sty
Package: uniquecounter 2019/12/15 v1.4 Provide unlimited unique counter (HO)
)
Package uniquecounter Info: New unique counter `rerunfilecheck' on input line 2
84.
)
\Hy@SectionHShift=\skip55
)
(d:/Program Files (x86)/texlive/2025/texmf-dist/tex/latex/geometry/geometry.sty
Package: geometry 2020/01/02 v5.9 Page Geometry
(d:/Program Files (x86)/texlive/2025/texmf-dist/tex/generic/iftex/ifvtex.sty
Package: ifvtex 2019/10/25 v1.7 ifvtex legacy package. Use iftex instead.
)
\Gm@cnth=\count318
\Gm@cntv=\count319
\c@Gm@tempcnt=\count320
\Gm@bindingoffset=\dimen165
\Gm@wd@mp=\dimen166
\Gm@odd@mp=\dimen167
\Gm@even@mp=\dimen168
\Gm@layoutwidth=\dimen169
\Gm@layoutheight=\dimen170
\Gm@layouthoffset=\dimen171
\Gm@layoutvoffset=\dimen172
\Gm@dimlist=\toks25
)
(d:/Program Files (x86)/texlive/2025/texmf-dist/tex/latex/graphics/graphicx.sty
Package: graphicx 2024/12/31 v1.2e Enhanced LaTeX Graphics (DPC,SPQR)

(d:/Program Files (x86)/texlive/2025/texmf-dist/tex/latex/graphics/graphics.sty
Package: graphics 2024/08/06 v1.4g Standard LaTeX Graphics (DPC,SPQR)
(d:/Program Files (x86)/texlive/2025/texmf-dist/tex/latex/graphics/trig.sty
Package: trig 2023/12/02 v1.11 sin cos tan (DPC)
)
(d:/Program Files (x86)/texlive/2025/texmf-dist/tex/latex/graphics-cfg/graphics
.cfg
File: graphics.cfg 2016/06/04 v1.11 sample graphics configuration
)
Package graphics Info: Driver file: pdftex.def on input line 106.

(d:/Program Files (x86)/texlive/2025/texmf-dist/tex/latex/graphics-def/pdftex.d
ef
File: pdftex.def 2024/04/13 v1.2c Graphics/color driver for pdftex
))
\Gin@req@height=\dimen173
\Gin@req@width=\dimen174
)
(d:/Program Files (x86)/texlive/2025/texmf-dist/tex/latex/booktabs/booktabs.sty
Package: booktabs 2020/01/12 v1.61803398 Publication quality tables
\heavyrulewidth=\dimen175
\lightrulewidth=\dimen176
\cmidrulewidth=\dimen177
\belowrulesep=\dimen178
\belowbottomsep=\dimen179
\aboverulesep=\dimen180
\abovetopsep=\dimen181
\cmidrulesep=\dimen182
\cmidrulekern=\dimen183
\defaultaddspace=\dimen184
\@cmidla=\count321
\@cmidlb=\count322
\@aboverulesep=\dimen185
\@belowrulesep=\dimen186
\@thisruleclass=\count323
\@lastruleclass=\count324
\@thisrulewidth=\dimen187
) (d:/Program Files (x86)/texlive/2025/texmf-dist/tex/latex/tools/array.sty
Package: array 2025/06/08 v2.6j Tabular extension package (FMi)
\col@sep=\dimen188
\ar@mcellbox=\box57
\extrarowheight=\dimen189
\NC@list=\toks26
\extratabsurround=\skip56
\backup@length=\skip57
\ar@cellbox=\box58
)
(d:/Program Files (x86)/texlive/2025/texmf-dist/tex/latex/paralist/paralist.sty
Package: paralist 2017/01/22 v2.7 Extended list environments
\pltopsep=\skip58
\plpartopsep=\skip59
\plitemsep=\skip60
\plparsep=\skip61
\pl@lab=\toks27
) (d:/Program Files (x86)/texlive/2025/texmf-dist/tex/latex/tools/verbatim.sty
Package: verbatim 2024-01-22 v1.5x LaTeX2e package for verbatim enhancements
\every@verbatim=\toks28
\verbatim@line=\toks29
\verbatim@in@stream=\read2
) (d:/Program Files (x86)/texlive/2025/texmf-dist/tex/latex/subfig/subfig.sty
Package: subfig 2005/06/28 ver: 1.3 subfig package

(d:/Program Files (x86)/texlive/2025/texmf-dist/tex/latex/caption/caption.sty
Package: caption 2023/08/05 v3.6o Customizing captions (AR)

(d:/Program Files (x86)/texlive/2025/texmf-dist/tex/latex/caption/caption3.sty
Package: caption3 2023/07/31 v2.4d caption3 kernel (AR)
\caption@tempdima=\dimen190
\captionmargin=\dimen191
\caption@leftmargin=\dimen192
\caption@rightmargin=\dimen193
\caption@width=\dimen194
\caption@indent=\dimen195
\caption@parindent=\dimen196
\caption@hangindent=\dimen197
Package caption Info: Standard document class detected.
)
\c@caption@flags=\count325
\c@continuedfloat=\count326
Package caption Info: hyperref package is loaded.
)
\c@KVtest=\count327
\sf@farskip=\skip62
\sf@captopadj=\dimen198
\sf@capskip=\skip63
\sf@nearskip=\skip64
\c@subfigure=\count328
\c@subfigure@save=\count329
\c@lofdepth=\count330
\c@subtable=\count331
\c@subtable@save=\count332
\c@lotdepth=\count333
\sf@top=\skip65
\sf@bottom=\skip66
)
(d:/Program Files (x86)/texlive/2025/texmf-dist/tex/latex/accents/accents.sty
Package: accents 2006/05/12 v1.4 Math Accent Tools
\cc@skew=\dimen199
\cc@wd=\dimen256
\cc@code=\count334
\cc@group=\count335
\cc@skewchar=\count336
)
(d:/Program Files (x86)/texlive/2025/texmf-dist/tex/latex/titlepic/titlepic.sty
Package: titlepic 2017/03/14 1.2 Package to display a picture on the title page

)
(d:/Program Files (x86)/texlive/2025/texmf-dist/tex/latex/fancyhdr/fancyhdr.sty
Package: fancyhdr 2025/02/07 v5.2 Extensive control of page headers and footers

\f@nch@headwidth=\skip67
\f@nch@offset@elh=\skip68
\f@nch@offset@erh=\skip69
\f@nch@offset@olh=\skip70
\f@nch@offset@orh=\skip71
\f@nch@offset@elf=\skip72
\f@nch@offset@erf=\skip73
\f@nch@offset@olf=\skip74
\f@nch@offset@orf=\skip75
\f@nch@height=\skip76
\f@nch@footalignment=\skip77
\f@nch@widthL=\skip78
\f@nch@widthC=\skip79
\f@nch@widthR=\skip80
\@temptokenb=\toks30
)
(d:/Program Files (x86)/texlive/2025/texmf-dist/tex/latex/arydshln/arydshln.sty
Package: arydshln 2019/02/21 v1.76 
\dashlinedash=\dimen257
\dashlinegap=\dimen258
\adl@box=\box59
\adl@height=\dimen259
\adl@heightsave=\dimen260
\adl@depth=\dimen261
\adl@depthsave=\dimen262
\adl@finaldepth=\dimen263
\adl@columns=\count337
\adl@ncol=\count338
\adl@currentcolumn=\count339
\adl@currentcolumnsave=\count340
\adl@totalheight=\count341
\adl@totalheightsave=\count342
\adl@dash=\count343
\adl@gap=\count344
\adl@cla=\count345
\adl@clb=\count346
\adl@everyvbox=\toks31
\adl@LTpagetotal=\dimen264
)
==> First Aid for arydshln.sty applied!
(d:/Program Files (x86)/texlive/2025/texmf-dist/tex/latex/sectsty/sectsty.sty
Package: sectsty 2002/02/25 v2.0.2 Commands to change all sectional heading sty
les


LaTeX Warning: Command \underbar  has changed.
               Check if current package is valid.


LaTeX Warning: Command \underline  has changed.
               Check if current package is valid.

)
(d:/Program Files (x86)/texlive/2025/texmf-dist/tex/latex/nicematrix/nicematrix
.sty
(d:/Program Files (x86)/texlive/2025/texmf-dist/tex/latex/pgf/basiclayer/pgfcor
e.sty
(d:/Program Files (x86)/texlive/2025/texmf-dist/tex/latex/pgf/systemlayer/pgfsy
s.sty
(d:/Program Files (x86)/texlive/2025/texmf-dist/tex/latex/pgf/utilities/pgfrcs.
sty
(d:/Program Files (x86)/texlive/2025/texmf-dist/tex/generic/pgf/utilities/pgfut
il-common.tex
\pgfutil@everybye=\toks32
\pgfutil@tempdima=\dimen265
\pgfutil@tempdimb=\dimen266
)
(d:/Program Files (x86)/texlive/2025/texmf-dist/tex/generic/pgf/utilities/pgfut
il-latex.def
\pgfutil@abb=\box60
)
(d:/Program Files (x86)/texlive/2025/texmf-dist/tex/generic/pgf/utilities/pgfrc
s.code.tex
(d:/Program Files (x86)/texlive/2025/texmf-dist/tex/generic/pgf/pgf.revision.te
x)
Package: pgfrcs 2025-08-29 v3.1.11a (3.1.11a)
))
(d:/Program Files (x86)/texlive/2025/texmf-dist/tex/generic/pgf/systemlayer/pgf
sys.code.tex
Package: pgfsys 2025-08-29 v3.1.11a (3.1.11a)

(d:/Program Files (x86)/texlive/2025/texmf-dist/tex/generic/pgf/utilities/pgfke
ys.code.tex
\pgfkeys@pathtoks=\toks33
\pgfkeys@temptoks=\toks34

(d:/Program Files (x86)/texlive/2025/texmf-dist/tex/generic/pgf/utilities/pgfke
yslibraryfiltered.code.tex
\pgfkeys@tmptoks=\toks35
))
\pgf@x=\dimen267
\pgf@y=\dimen268
\pgf@xa=\dimen269
\pgf@ya=\dimen270
\pgf@xb=\dimen271
\pgf@yb=\dimen272
\pgf@xc=\dimen273
\pgf@yc=\dimen274
\pgf@xd=\dimen275
\pgf@yd=\dimen276
\w@pgf@writea=\write3
\r@pgf@reada=\read3
\c@pgf@counta=\count347
\c@pgf@countb=\count348
\c@pgf@countc=\count349
\c@pgf@countd=\count350
\t@pgf@toka=\toks36
\t@pgf@tokb=\toks37
\t@pgf@tokc=\toks38
\pgf@sys@id@count=\count351

(d:/Program Files (x86)/texlive/2025/texmf-dist/tex/generic/pgf/systemlayer/pgf
.cfg
File: pgf.cfg 2025-08-29 v3.1.11a (3.1.11a)
)
Driver file for pgf: pgfsys-pdftex.def

(d:/Program Files (x86)/texlive/2025/texmf-dist/tex/generic/pgf/systemlayer/pgf
sys-pdftex.def
File: pgfsys-pdftex.def 2025-08-29 v3.1.11a (3.1.11a)

(d:/Program Files (x86)/texlive/2025/texmf-dist/tex/generic/pgf/systemlayer/pgf
sys-common-pdf.def
File: pgfsys-common-pdf.def 2025-08-29 v3.1.11a (3.1.11a)
)))
(d:/Program Files (x86)/texlive/2025/texmf-dist/tex/generic/pgf/systemlayer/pgf
syssoftpath.code.tex
File: pgfsyssoftpath.code.tex 2025-08-29 v3.1.11a (3.1.11a)
\pgfsyssoftpath@smallbuffer@items=\count352
\pgfsyssoftpath@bigbuffer@items=\count353
)
(d:/Program Files (x86)/texlive/2025/texmf-dist/tex/generic/pgf/systemlayer/pgf
sysprotocol.code.tex
File: pgfsysprotocol.code.tex 2025-08-29 v3.1.11a (3.1.11a)
))
(d:/Program Files (x86)/texlive/2025/texmf-dist/tex/latex/xcolor/xcolor.sty
Package: xcolor 2024/09/29 v3.02 LaTeX color extensions (UK)

(d:/Program Files (x86)/texlive/2025/texmf-dist/tex/latex/graphics-cfg/color.cf
g
File: color.cfg 2016/01/02 v1.6 sample color configuration
)
Package xcolor Info: Driver file: pdftex.def on input line 274.

(d:/Program Files (x86)/texlive/2025/texmf-dist/tex/latex/graphics/mathcolor.lt
x)
Package xcolor Info: Model `cmy' substituted by `cmy0' on input line 1349.
Package xcolor Info: Model `hsb' substituted by `rgb' on input line 1353.
Package xcolor Info: Model `RGB' extended on input line 1365.
Package xcolor Info: Model `HTML' substituted by `rgb' on input line 1367.
Package xcolor Info: Model `Hsb' substituted by `hsb' on input line 1368.
Package xcolor Info: Model `tHsb' substituted by `hsb' on input line 1369.
Package xcolor Info: Model `HSB' substituted by `hsb' on input line 1370.
Package xcolor Info: Model `Gray' substituted by `gray' on input line 1371.
Package xcolor Info: Model `wave' substituted by `hsb' on input line 1372.
)
(d:/Program Files (x86)/texlive/2025/texmf-dist/tex/generic/pgf/basiclayer/pgfc
ore.code.tex
Package: pgfcore 2025-08-29 v3.1.11a (3.1.11a)

(d:/Program Files (x86)/texlive/2025/texmf-dist/tex/generic/pgf/math/pgfmath.co
de.tex
(d:/Program Files (x86)/texlive/2025/texmf-dist/tex/generic/pgf/math/pgfmathuti
l.code.tex)
(d:/Program Files (x86)/texlive/2025/texmf-dist/tex/generic/pgf/math/pgfmathpar
ser.code.tex
\pgfmath@dimen=\dimen277
\pgfmath@count=\count354
\pgfmath@box=\box61
\pgfmath@toks=\toks39
\pgfmath@stack@operand=\toks40
\pgfmath@stack@operation=\toks41
)
(d:/Program Files (x86)/texlive/2025/texmf-dist/tex/generic/pgf/math/pgfmathfun
ctions.code.tex)
(d:/Program Files (x86)/texlive/2025/texmf-dist/tex/generic/pgf/math/pgfmathfun
ctions.basic.code.tex)
(d:/Program Files (x86)/texlive/2025/texmf-dist/tex/generic/pgf/math/pgfmathfun
ctions.trigonometric.code.tex)
(d:/Program Files (x86)/texlive/2025/texmf-dist/tex/generic/pgf/math/pgfmathfun
ctions.random.code.tex)
(d:/Program Files (x86)/texlive/2025/texmf-dist/tex/generic/pgf/math/pgfmathfun
ctions.comparison.code.tex)
(d:/Program Files (x86)/texlive/2025/texmf-dist/tex/generic/pgf/math/pgfmathfun
ctions.base.code.tex)
(d:/Program Files (x86)/texlive/2025/texmf-dist/tex/generic/pgf/math/pgfmathfun
ctions.round.code.tex)
(d:/Program Files (x86)/texlive/2025/texmf-dist/tex/generic/pgf/math/pgfmathfun
ctions.misc.code.tex)
(d:/Program Files (x86)/texlive/2025/texmf-dist/tex/generic/pgf/math/pgfmathfun
ctions.integerarithmetics.code.tex)
(d:/Program Files (x86)/texlive/2025/texmf-dist/tex/generic/pgf/math/pgfmathcal
c.code.tex)
(d:/Program Files (x86)/texlive/2025/texmf-dist/tex/generic/pgf/math/pgfmathflo
at.code.tex
\c@pgfmathroundto@lastzeros=\count355
))
(d:/Program Files (x86)/texlive/2025/texmf-dist/tex/generic/pgf/math/pgfint.cod
e.tex)
(d:/Program Files (x86)/texlive/2025/texmf-dist/tex/generic/pgf/basiclayer/pgfc
orepoints.code.tex
File: pgfcorepoints.code.tex 2025-08-29 v3.1.11a (3.1.11a)
\pgf@picminx=\dimen278
\pgf@picmaxx=\dimen279
\pgf@picminy=\dimen280
\pgf@picmaxy=\dimen281
\pgf@pathminx=\dimen282
\pgf@pathmaxx=\dimen283
\pgf@pathminy=\dimen284
\pgf@pathmaxy=\dimen285
\pgf@xx=\dimen286
\pgf@xy=\dimen287
\pgf@yx=\dimen288
\pgf@yy=\dimen289
\pgf@zx=\dimen290
\pgf@zy=\dimen291
)
(d:/Program Files (x86)/texlive/2025/texmf-dist/tex/generic/pgf/basiclayer/pgfc
orepathconstruct.code.tex
File: pgfcorepathconstruct.code.tex 2025-08-29 v3.1.11a (3.1.11a)
\pgf@path@lastx=\dimen292
\pgf@path@lasty=\dimen293
)
(d:/Program Files (x86)/texlive/2025/texmf-dist/tex/generic/pgf/basiclayer/pgfc
orepathusage.code.tex
File: pgfcorepathusage.code.tex 2025-08-29 v3.1.11a (3.1.11a)
\pgf@shorten@end@additional=\dimen294
\pgf@shorten@start@additional=\dimen295
)
(d:/Program Files (x86)/texlive/2025/texmf-dist/tex/generic/pgf/basiclayer/pgfc
orescopes.code.tex
File: pgfcorescopes.code.tex 2025-08-29 v3.1.11a (3.1.11a)
\pgfpic=\box62
\pgf@hbox=\box63
\pgf@layerbox@main=\box64
\pgf@picture@serial@count=\count356
)
(d:/Program Files (x86)/texlive/2025/texmf-dist/tex/generic/pgf/basiclayer/pgfc
oregraphicstate.code.tex
File: pgfcoregraphicstate.code.tex 2025-08-29 v3.1.11a (3.1.11a)
\pgflinewidth=\dimen296
)
(d:/Program Files (x86)/texlive/2025/texmf-dist/tex/generic/pgf/basiclayer/pgfc
oretransformations.code.tex
File: pgfcoretransformations.code.tex 2025-08-29 v3.1.11a (3.1.11a)
\pgf@pt@x=\dimen297
\pgf@pt@y=\dimen298
\pgf@pt@temp=\dimen299
)
(d:/Program Files (x86)/texlive/2025/texmf-dist/tex/generic/pgf/basiclayer/pgfc
orequick.code.tex
File: pgfcorequick.code.tex 2025-08-29 v3.1.11a (3.1.11a)
)
(d:/Program Files (x86)/texlive/2025/texmf-dist/tex/generic/pgf/basiclayer/pgfc
oreobjects.code.tex
File: pgfcoreobjects.code.tex 2025-08-29 v3.1.11a (3.1.11a)
)
(d:/Program Files (x86)/texlive/2025/texmf-dist/tex/generic/pgf/basiclayer/pgfc
orepathprocessing.code.tex
File: pgfcorepathprocessing.code.tex 2025-08-29 v3.1.11a (3.1.11a)
)
(d:/Program Files (x86)/texlive/2025/texmf-dist/tex/generic/pgf/basiclayer/pgfc
orearrows.code.tex
File: pgfcorearrows.code.tex 2025-08-29 v3.1.11a (3.1.11a)
\pgfarrowsep=\dimen300
)
(d:/Program Files (x86)/texlive/2025/texmf-dist/tex/generic/pgf/basiclayer/pgfc
oreshade.code.tex
File: pgfcoreshade.code.tex 2025-08-29 v3.1.11a (3.1.11a)
\pgf@max=\dimen301
\pgf@sys@shading@range@num=\count357
\pgf@shadingcount=\count358
)
(d:/Program Files (x86)/texlive/2025/texmf-dist/tex/generic/pgf/basiclayer/pgfc
oreimage.code.tex
File: pgfcoreimage.code.tex 2025-08-29 v3.1.11a (3.1.11a)
)
(d:/Program Files (x86)/texlive/2025/texmf-dist/tex/generic/pgf/basiclayer/pgfc
oreexternal.code.tex
File: pgfcoreexternal.code.tex 2025-08-29 v3.1.11a (3.1.11a)
\pgfexternal@startupbox=\box65
)
(d:/Program Files (x86)/texlive/2025/texmf-dist/tex/generic/pgf/basiclayer/pgfc
orelayers.code.tex
File: pgfcorelayers.code.tex 2025-08-29 v3.1.11a (3.1.11a)
)
(d:/Program Files (x86)/texlive/2025/texmf-dist/tex/generic/pgf/basiclayer/pgfc
oretransparency.code.tex
File: pgfcoretransparency.code.tex 2025-08-29 v3.1.11a (3.1.11a)
)
(d:/Program Files (x86)/texlive/2025/texmf-dist/tex/generic/pgf/basiclayer/pgfc
orepatterns.code.tex
File: pgfcorepatterns.code.tex 2025-08-29 v3.1.11a (3.1.11a)
)
(d:/Program Files (x86)/texlive/2025/texmf-dist/tex/generic/pgf/basiclayer/pgfc
orerdf.code.tex
File: pgfcorerdf.code.tex 2025-08-29 v3.1.11a (3.1.11a)
)))
(d:/Program Files (x86)/texlive/2025/texmf-dist/tex/generic/pgf/modules/pgfmodu
leshapes.code.tex
File: pgfmoduleshapes.code.tex 2025-08-29 v3.1.11a (3.1.11a)
\pgfnodeparttextbox=\box66
)
Package: nicematrix 2025/08/26 v7.2b Enhanced arrays with the help of PGF/TikZ
\l__nicematrix_tmpc_dim=\dimen302
\l__nicematrix_tmpd_dim=\dimen303
\l__nicematrix_tmpe_dim=\dimen304
\l__nicematrix_tmpf_dim=\dimen305
\l__nicematrix_tmpc_int=\count359
\g__nicematrix_env_int=\count360
\g__nicematrix_NiceMatrixBlock_int=\count361
\g__nicematrix_notes_caption_int=\count362
\l__nicematrix_columns_width_dim=\dimen306
\l__nicematrix_col_width_dim=\dimen307
\g__nicematrix_row_total_int=\count363
\g__nicematrix_col_total_int=\count364
\g__nicematrix_last_row_node_int=\count365
\l__nicematrix_key_nb_rows_int=\count366
\g__nicematrix_blocks_wd_dim=\dimen308
\g__nicematrix_blocks_ht_dim=\dimen309
\g__nicematrix_blocks_dp_dim=\dimen310
\l__nicematrix_width_dim=\dimen311
\l__nicematrix_tabular_width_dim=\dimen312
\l__nicematrix_rule_width_dim=\dimen313
\l__nicematrix_old_iRow_int=\count367
\l__nicematrix_old_jCol_int=\count368
\l__nicematrix_X_columns_dim=\dimen314
\l__nicematrix_x_initial_dim=\dimen315
\l__nicematrix_y_initial_dim=\dimen316
\l__nicematrix_x_final_dim=\dimen317
\l__nicematrix_y_final_dim=\dimen318
\g__nicematrix_dp_row_zero_dim=\dimen319
\g__nicematrix_ht_row_zero_dim=\dimen320
\g__nicematrix_ht_row_one_dim=\dimen321
\g__nicematrix_dp_ante_last_row_dim=\dimen322
\g__nicematrix_ht_last_row_dim=\dimen323
\g__nicematrix_dp_last_row_dim=\dimen324
\g__nicematrix_width_last_col_dim=\dimen325
\g__nicematrix_width_first_col_dim=\dimen326
\g__nicematrix_ddots_int=\count369
\g__nicematrix_iddots_int=\count370
\g__nicematrix_delta_x_one_dim=\dimen327
\g__nicematrix_delta_y_one_dim=\dimen328
\g__nicematrix_delta_x_two_dim=\dimen329
\g__nicematrix_delta_y_two_dim=\dimen330
\l__nicematrix_row_min_int=\count371
\l__nicematrix_row_max_int=\count372
\l__nicematrix_col_min_int=\count373
\l__nicematrix_col_max_int=\count374
\l__nicematrix_initial_i_int=\count375
\l__nicematrix_initial_j_int=\count376
\l__nicematrix_final_i_int=\count377
\l__nicematrix_final_j_int=\count378
\l__nicematrix_start_int=\count379
\l__nicematrix_end_int=\count380
\l__nicematrix_local_start_int=\count381
\l__nicematrix_local_end_int=\count382
\g__nicematrix_static_num_of_col_int=\count383
\l__nicematrix_rounded_corners_dim=\dimen331
\l__nicematrix_tab_rounded_corners_dim=\dimen332
\l__nicematrix_offset_dim=\dimen333
\l__nicematrix_line_width_dim=\dimen334
\g__nicematrix_block_box_int=\count384
\l__nicematrix_submatrix_extra_height_dim=\dimen335
\l__nicematrix_submatrix_left_xshift_dim=\dimen336
\l__nicematrix_submatrix_right_xshift_dim=\dimen337
\l__nicematrix_first_row_int=\count385
\l__nicematrix_first_col_int=\count386
\l__nicematrix_last_row_int=\count387
\l__nicematrix_last_col_int=\count388
\c@tabularnote=\count389
\g__nicematrix_tabularnote_int=\count390
\c@nicematrix_draft=\count391
\l__nicematrix_cell_space_top_limit_dim=\dimen338
\l__nicematrix_cell_space_bottom_limit_dim=\dimen339
\l__nicematrix_xdots_inter_dim=\dimen340
\l__nicematrix_xdots_shorten_start_dim=\dimen341
\l__nicematrix_xdots_shorten_end_dim=\dimen342
\l__nicematrix_xdots_radius_dim=\dimen343
\l__nicematrix_left_margin_dim=\dimen344
\l__nicematrix_right_margin_dim=\dimen345
\l__nicematrix_extra_left_margin_dim=\dimen346
\l__nicematrix_extra_right_margin_dim=\dimen347
\c__nicematrix_max_l_dim=\dimen348
\l__nicematrix_position_int=\count392
\l__nicematrix_multiplicity_int=\count393
\l__nicematrix_brace_yshift_dim=\dimen349
)
(d:/Program Files (x86)/texlive/2025/texmf-dist/tex/latex/microtype/microtype.s
ty
Package: microtype 2025/07/09 v3.2b Micro-typographical refinements (RS)
\MT@toks=\toks42
\MT@tempbox=\box67
\MT@count=\count394
LaTeX Info: Redefining \noprotrusionifhmode on input line 1087.
LaTeX Info: Redefining \leftprotrusion on input line 1088.
\MT@prot@toks=\toks43
LaTeX Info: Redefining \rightprotrusion on input line 1107.
LaTeX Info: Redefining \textls on input line 1449.
\MT@outer@kern=\dimen350
LaTeX Info: Redefining \microtypecontext on input line 2053.
LaTeX Info: Redefining \textmicrotypecontext on input line 2070.
\MT@listname@count=\count395

(d:/Program Files (x86)/texlive/2025/texmf-dist/tex/latex/microtype/microtype-p
dftex.def
File: microtype-pdftex.def 2025/07/09 v3.2b Definitions specific to pdftex (RS)

LaTeX Info: Redefining \lsstyle on input line 944.
LaTeX Info: Redefining \lslig on input line 944.
\MT@outer@space=\skip81
)
Package microtype Info: Loading configuration file microtype.cfg.

(d:/Program Files (x86)/texlive/2025/texmf-dist/tex/latex/microtype/microtype.c
fg
File: microtype.cfg 2025/07/09 v3.2b microtype main configuration file (RS)
)
LaTeX Info: Redefining \microtypesetup on input line 3065.
)
(d:/Program Files (x86)/texlive/2025/texmf-dist/tex/latex/pgf/frontendlayer/tik
z.sty
(d:/Program Files (x86)/texlive/2025/texmf-dist/tex/latex/pgf/basiclayer/pgf.st
y
Package: pgf 2025-08-29 v3.1.11a (3.1.11a)

(d:/Program Files (x86)/texlive/2025/texmf-dist/tex/generic/pgf/modules/pgfmodu
leplot.code.tex
File: pgfmoduleplot.code.tex 2025-08-29 v3.1.11a (3.1.11a)
)
(d:/Program Files (x86)/texlive/2025/texmf-dist/tex/latex/pgf/compatibility/pgf
comp-version-0-65.sty
Package: pgfcomp-version-0-65 2025-08-29 v3.1.11a (3.1.11a)
\pgf@nodesepstart=\dimen351
\pgf@nodesepend=\dimen352
)
(d:/Program Files (x86)/texlive/2025/texmf-dist/tex/latex/pgf/compatibility/pgf
comp-version-1-18.sty
Package: pgfcomp-version-1-18 2025-08-29 v3.1.11a (3.1.11a)
))
(d:/Program Files (x86)/texlive/2025/texmf-dist/tex/latex/pgf/utilities/pgffor.
sty
(d:/Program Files (x86)/texlive/2025/texmf-dist/tex/latex/pgf/utilities/pgfkeys
.sty
(d:/Program Files (x86)/texlive/2025/texmf-dist/tex/generic/pgf/utilities/pgfke
ys.code.tex))
(d:/Program Files (x86)/texlive/2025/texmf-dist/tex/latex/pgf/math/pgfmath.sty
(d:/Program Files (x86)/texlive/2025/texmf-dist/tex/generic/pgf/math/pgfmath.co
de.tex))
(d:/Program Files (x86)/texlive/2025/texmf-dist/tex/generic/pgf/utilities/pgffo
r.code.tex
Package: pgffor 2025-08-29 v3.1.11a (3.1.11a)
\pgffor@iter=\dimen353
\pgffor@skip=\dimen354
\pgffor@stack=\toks44
\pgffor@toks=\toks45
))
(d:/Program Files (x86)/texlive/2025/texmf-dist/tex/generic/pgf/frontendlayer/t
ikz/tikz.code.tex
Package: tikz 2025-08-29 v3.1.11a (3.1.11a)

(d:/Program Files (x86)/texlive/2025/texmf-dist/tex/generic/pgf/libraries/pgfli
braryplothandlers.code.tex
File: pgflibraryplothandlers.code.tex 2025-08-29 v3.1.11a (3.1.11a)
\pgf@plot@mark@count=\count396
\pgfplotmarksize=\dimen355
)
\tikz@lastx=\dimen356
\tikz@lasty=\dimen357
\tikz@lastxsaved=\dimen358
\tikz@lastysaved=\dimen359
\tikz@lastmovetox=\dimen360
\tikz@lastmovetoy=\dimen361
\tikzleveldistance=\dimen362
\tikzsiblingdistance=\dimen363
\tikz@figbox=\box68
\tikz@figbox@bg=\box69
\tikz@tempbox=\box70
\tikz@tempbox@bg=\box71
\tikztreelevel=\count397
\tikznumberofchildren=\count398
\tikznumberofcurrentchild=\count399
\tikz@fig@count=\count400

(d:/Program Files (x86)/texlive/2025/texmf-dist/tex/generic/pgf/modules/pgfmodu
lematrix.code.tex
File: pgfmodulematrix.code.tex 2025-08-29 v3.1.11a (3.1.11a)
\pgfmatrixcurrentrow=\count401
\pgfmatrixcurrentcolumn=\count402
\pgf@matrix@numberofcolumns=\count403
)
\tikz@expandcount=\count404

(d:/Program Files (x86)/texlive/2025/texmf-dist/tex/generic/pgf/frontendlayer/t
ikz/libraries/tikzlibrarytopaths.code.tex
File: tikzlibrarytopaths.code.tex 2025-08-29 v3.1.11a (3.1.11a)
)))
(d:/Program Files (x86)/texlive/2025/texmf-dist/tex/latex/capt-of/capt-of.sty
Package: capt-of 2009/12/29 v0.2 standard captions outside of floats
)
(d:/Program Files (x86)/texlive/2025/texmf-dist/tex/latex/tikz-3dplot/tikz-3dpl
ot.sty
(d:/Program Files (x86)/texlive/2025/texmf-dist/tex/latex/base/ifthen.sty
Package: ifthen 2024/03/16 v1.1e Standard LaTeX ifthen package (DPC)
)
(d:/Program Files (x86)/texlive/2025/texmf-dist/tex/generic/pgf/frontendlayer/t
ikz/libraries/tikzlibrarycalc.code.tex
File: tikzlibrarycalc.code.tex 2025-08-29 v3.1.11a (3.1.11a)
)
(d:/Program Files (x86)/texlive/2025/texmf-dist/tex/generic/pgf/frontendlayer/t
ikz/libraries/tikzlibrary3d.code.tex
File: tikzlibrary3d.code.tex 2025-08-29 v3.1.11a (3.1.11a)
)
(d:/Program Files (x86)/texlive/2025/texmf-dist/tex/generic/pgf/frontendlayer/t
ikz/libraries/tikzlibraryarrows.code.tex
File: tikzlibraryarrows.code.tex 2025-08-29 v3.1.11a (3.1.11a)

(d:/Program Files (x86)/texlive/2025/texmf-dist/tex/generic/pgf/libraries/pgfli
braryarrows.code.tex
File: pgflibraryarrows.code.tex 2025-08-29 v3.1.11a (3.1.11a)
\arrowsize=\dimen364
)))
(d:/Program Files (x86)/texlive/2025/texmf-dist/tex/latex/pgfplots/pgfplots.sty

(d:/Program Files (x86)/texlive/2025/texmf-dist/tex/generic/pgfplots/pgfplots.r
evision.tex)
Package: pgfplots 2025/08/14 v1.18.2 Data Visualization (1.18.2)

(d:/Program Files (x86)/texlive/2025/texmf-dist/tex/generic/pgfplots/pgfplots.c
ode.tex
(d:/Program Files (x86)/texlive/2025/texmf-dist/tex/generic/pgfplots/pgfplotsco
re.code.tex
\t@pgfplots@toka=\toks46
\t@pgfplots@tokb=\toks47
\t@pgfplots@tokc=\toks48
\pgfplots@tmpa=\dimen365
\c@pgfplots@coordindex=\count405
\c@pgfplots@scanlineindex=\count406

(d:/Program Files (x86)/texlive/2025/texmf-dist/tex/generic/pgfplots/sys/pgfplo
tssysgeneric.code.tex))
(d:/Program Files (x86)/texlive/2025/texmf-dist/tex/generic/pgfplots/libs/pgfpl
otslibrary.code.tex)
(d:/Program Files (x86)/texlive/2025/texmf-dist/tex/generic/pgfplots/oldpgfcomp
atib/pgfplotsoldpgfsupp_loader.code.tex
(d:/Program Files (x86)/texlive/2025/texmf-dist/tex/generic/pgf/libraries/pgfli
braryfpu.code.tex)
(d:/Program Files (x86)/texlive/2025/texmf-dist/tex/generic/pgfplots/oldpgfcomp
atib/pgfplotsoldpgfsupp_pgfutil-common-lists.tex))
(d:/Program Files (x86)/texlive/2025/texmf-dist/tex/generic/pgfplots/util/pgfpl
otsutil.code.tex
(d:/Program Files (x86)/texlive/2025/texmf-dist/tex/generic/pgfplots/liststruct
ure/pgfplotsliststructure.code.tex)
(d:/Program Files (x86)/texlive/2025/texmf-dist/tex/generic/pgfplots/liststruct
ure/pgfplotsliststructureext.code.tex)
(d:/Program Files (x86)/texlive/2025/texmf-dist/tex/generic/pgfplots/liststruct
ure/pgfplotsarray.code.tex
\c@pgfplotsarray@tmp=\count407
)
(d:/Program Files (x86)/texlive/2025/texmf-dist/tex/generic/pgfplots/liststruct
ure/pgfplotsmatrix.code.tex)
(d:/Program Files (x86)/texlive/2025/texmf-dist/tex/generic/pgfplots/numtable/p
gfplotstableshared.code.tex
\c@pgfplotstable@counta=\count408
\t@pgfplotstable@a=\toks49
)
(d:/Program Files (x86)/texlive/2025/texmf-dist/tex/generic/pgfplots/liststruct
ure/pgfplotsdeque.code.tex)
(d:/Program Files (x86)/texlive/2025/texmf-dist/tex/generic/pgfplots/util/pgfpl
otsbinary.code.tex
(d:/Program Files (x86)/texlive/2025/texmf-dist/tex/generic/pgfplots/util/pgfpl
otsbinary.data.code.tex))
(d:/Program Files (x86)/texlive/2025/texmf-dist/tex/generic/pgfplots/util/pgfpl
otsutil.verb.code.tex)
(d:/Program Files (x86)/texlive/2025/texmf-dist/tex/generic/pgfplots/libs/pgfli
brarypgfplots.surfshading.code.tex
\c@pgfplotslibrarysurf@no=\count409

(d:/Program Files (x86)/texlive/2025/texmf-dist/tex/generic/pgfplots/sys/pgflib
rarypgfplots.surfshading.pgfsys-pdftex.def)))
(d:/Program Files (x86)/texlive/2025/texmf-dist/tex/generic/pgfplots/util/pgfpl
otscolormap.code.tex
(d:/Program Files (x86)/texlive/2025/texmf-dist/tex/generic/pgfplots/util/pgfpl
otscolor.code.tex))
(d:/Program Files (x86)/texlive/2025/texmf-dist/tex/generic/pgfplots/pgfplotsst
ackedplots.code.tex)
(d:/Program Files (x86)/texlive/2025/texmf-dist/tex/generic/pgfplots/pgfplotspl
othandlers.code.tex
(d:/Program Files (x86)/texlive/2025/texmf-dist/tex/generic/pgfplots/pgfplotsme
shplothandler.code.tex
(d:/Program Files (x86)/texlive/2025/texmf-dist/tex/generic/pgfplots/pgfplotsme
shplotimage.code.tex)))
(d:/Program Files (x86)/texlive/2025/texmf-dist/tex/generic/pgfplots/pgfplots.s
caling.code.tex)
(d:/Program Files (x86)/texlive/2025/texmf-dist/tex/generic/pgfplots/pgfplotsco
ordprocessing.code.tex)
(d:/Program Files (x86)/texlive/2025/texmf-dist/tex/generic/pgfplots/pgfplots.e
rrorbars.code.tex)
(d:/Program Files (x86)/texlive/2025/texmf-dist/tex/generic/pgfplots/pgfplots.m
arkers.code.tex)
(d:/Program Files (x86)/texlive/2025/texmf-dist/tex/generic/pgfplots/pgfplotsti
cks.code.tex)
(d:/Program Files (x86)/texlive/2025/texmf-dist/tex/generic/pgfplots/pgfplots.p
aths.code.tex)
(d:/Program Files (x86)/texlive/2025/texmf-dist/tex/generic/pgf/frontendlayer/t
ikz/libraries/tikzlibrarydecorations.code.tex
(d:/Program Files (x86)/texlive/2025/texmf-dist/tex/generic/pgf/modules/pgfmodu
ledecorations.code.tex
\pgfdecoratedcompleteddistance=\dimen366
\pgfdecoratedremainingdistance=\dimen367
\pgfdecoratedinputsegmentcompleteddistance=\dimen368
\pgfdecoratedinputsegmentremainingdistance=\dimen369
\pgf@decorate@distancetomove=\dimen370
\pgf@decorate@repeatstate=\count410
\pgfdecorationsegmentamplitude=\dimen371
\pgfdecorationsegmentlength=\dimen372
)
\tikz@lib@dec@box=\box72
)
(d:/Program Files (x86)/texlive/2025/texmf-dist/tex/generic/pgf/frontendlayer/t
ikz/libraries/tikzlibrarydecorations.pathmorphing.code.tex
(d:/Program Files (x86)/texlive/2025/texmf-dist/tex/generic/pgf/libraries/decor
ations/pgflibrarydecorations.pathmorphing.code.tex))
(d:/Program Files (x86)/texlive/2025/texmf-dist/tex/generic/pgf/frontendlayer/t
ikz/libraries/tikzlibrarydecorations.pathreplacing.code.tex
(d:/Program Files (x86)/texlive/2025/texmf-dist/tex/generic/pgf/libraries/decor
ations/pgflibrarydecorations.pathreplacing.code.tex))
(d:/Program Files (x86)/texlive/2025/texmf-dist/tex/generic/pgfplots/libs/tikzl
ibrarypgfplots.contourlua.code.tex)
\pgfplots@numplots=\count411
\pgfplots@xmin@reg=\dimen373
\pgfplots@xmax@reg=\dimen374
\pgfplots@ymin@reg=\dimen375
\pgfplots@ymax@reg=\dimen376
\pgfplots@zmin@reg=\dimen377
\pgfplots@zmax@reg=\dimen378
)
(d:/Program Files (x86)/texlive/2025/texmf-dist/tex/generic/pgf/frontendlayer/t
ikz/libraries/tikzlibraryplotmarks.code.tex
File: tikzlibraryplotmarks.code.tex 2025-08-29 v3.1.11a (3.1.11a)

(d:/Program Files (x86)/texlive/2025/texmf-dist/tex/generic/pgf/libraries/pgfli
braryplotmarks.code.tex
File: pgflibraryplotmarks.code.tex 2025-08-29 v3.1.11a (3.1.11a)
)))
(d:/Program Files (x86)/texlive/2025/texmf-dist/tex/latex/siunitx/siunitx.sty
Package: siunitx 2025-07-09 v3.4.14 A comprehensive (SI) units package
\l__siunitx_number_uncert_offset_int=\count412
\l__siunitx_number_exponent_fixed_int=\count413
\l__siunitx_number_min_decimal_int=\count414
\l__siunitx_number_min_integer_int=\count415
\l__siunitx_number_round_precision_int=\count416
\l__siunitx_number_lower_threshold_int=\count417
\l__siunitx_number_upper_threshold_int=\count418
\l__siunitx_number_group_first_int=\count419
\l__siunitx_number_group_size_int=\count420
\l__siunitx_number_group_minimum_int=\count421
\l__siunitx_angle_tmp_dim=\dimen379
\l__siunitx_angle_marker_box=\box73
\l__siunitx_angle_unit_box=\box74
\l__siunitx_compound_count_int=\count422

(d:/Program Files (x86)/texlive/2025/texmf-dist/tex/latex/translations/translat
ions.sty
Package: translations 2022/02/05 v1.12 internationalization of LaTeX2e packages
 (CN)
)
\l__siunitx_table_tmp_box=\box75
\l__siunitx_table_tmp_dim=\dimen380
\l__siunitx_table_column_width_dim=\dimen381
\l__siunitx_table_integer_box=\box76
\l__siunitx_table_decimal_box=\box77
\l__siunitx_table_uncert_box=\box78
\l__siunitx_table_before_box=\box79
\l__siunitx_table_after_box=\box80
\l__siunitx_table_before_dim=\dimen382
\l__siunitx_table_carry_dim=\dimen383
\l__siunitx_unit_tmp_int=\count423
\l__siunitx_unit_position_int=\count424
\l__siunitx_unit_total_int=\count425
)
(d:/Program Files (x86)/texlive/2025/texmf-dist/tex/latex/psnfss/pifont.sty
Package: pifont 2020/03/25 PSNFSS-v9.3 Pi font support (SPQR) 
LaTeX Font Info:    Trying to load font information for U+pzd on input line 63.


(d:/Program Files (x86)/texlive/2025/texmf-dist/tex/latex/psnfss/upzd.fd
File: upzd.fd 2001/06/04 font definitions for U/pzd.
)
LaTeX Font Info:    Trying to load font information for U+psy on input line 64.


(d:/Program Files (x86)/texlive/2025/texmf-dist/tex/latex/psnfss/upsy.fd
File: upsy.fd 2001/06/04 font definitions for U/psy.
))
(d:/Program Files (x86)/texlive/2025/texmf-dist/tex/latex/tikz-cd/tikz-cd.sty
Package: tikz-cd 2021/05/04 v1.0 Commutative diagrams with TikZ

(d:/Program Files (x86)/texlive/2025/texmf-dist/tex/generic/tikz-cd/tikzlibrary
cd.code.tex
(d:/Program Files (x86)/texlive/2025/texmf-dist/tex/generic/pgf/frontendlayer/t
ikz/libraries/tikzlibrarymatrix.code.tex
File: tikzlibrarymatrix.code.tex 2025-08-29 v3.1.11a (3.1.11a)
)
(d:/Program Files (x86)/texlive/2025/texmf-dist/tex/generic/pgf/frontendlayer/t
ikz/libraries/tikzlibraryquotes.code.tex
File: tikzlibraryquotes.code.tex 2025-08-29 v3.1.11a (3.1.11a)
)
(d:/Program Files (x86)/texlive/2025/texmf-dist/tex/generic/pgf/libraries/pgfli
braryarrows.meta.code.tex
File: pgflibraryarrows.meta.code.tex 2025-08-29 v3.1.11a (3.1.11a)
\pgfarrowinset=\dimen384
\pgfarrowlength=\dimen385
\pgfarrowwidth=\dimen386
\pgfarrowlinewidth=\dimen387
)))
(d:/Program Files (x86)/texlive/2025/texmf-dist/tex/generic/pgf/frontendlayer/t
ikz/libraries/tikzlibraryangles.code.tex
File: tikzlibraryangles.code.tex 2025-08-29 v3.1.11a (3.1.11a)
)
(d:/Program Files (x86)/texlive/2025/texmf-dist/tex/generic/pgf/frontendlayer/t
ikz/libraries/tikzlibrarypatterns.code.tex
File: tikzlibrarypatterns.code.tex 2025-08-29 v3.1.11a (3.1.11a)

(d:/Program Files (x86)/texlive/2025/texmf-dist/tex/generic/pgf/libraries/pgfli
brarypatterns.code.tex
File: pgflibrarypatterns.code.tex 2025-08-29 v3.1.11a (3.1.11a)
))
(d:/Program Files (x86)/texlive/2025/texmf-dist/tex/latex/tocbibind/tocbibind.s
ty
Package: tocbibind 2010/10/13 v1.5k extra ToC listings
Package tocbibind Info: The document has section divisions on input line 50.


Package tocbibind Note: Using section or other style headings.

)
(d:/Program Files (x86)/texlive/2025/texmf-dist/tex/latex/tikz-feynman/tikz-fey
nman.sty
Package: tikz-feynman 2016/02/05v1.1.0Feynman diagrams with TikZ

(d:/Program Files (x86)/texlive/2025/texmf-dist/tex/generic/iftex/ifluatex.sty
Package: ifluatex 2019/10/25 v1.5 ifluatex legacy package. Use iftex instead.
) (d:/Program Files (x86)/texlive/2025/texmf-dist/tex/latex/pgfopts/pgfopts.sty
Package: pgfopts 2014/07/10 v2.1a LaTeX package options with pgfkeys
\pgfopts@list@add@a@toks=\toks50
\pgfopts@list@add@b@toks=\toks51
)
(d:/Program Files (x86)/texlive/2025/texmf-dist/tex/latex/tikz-feynman/tikzlibr
aryfeynman.code.tex
(d:/Program Files (x86)/texlive/2025/texmf-dist/tex/generic/pgf/frontendlayer/t
ikz/libraries/tikzlibrarydecorations.markings.code.tex
(d:/Program Files (x86)/texlive/2025/texmf-dist/tex/generic/pgf/libraries/decor
ations/pgflibrarydecorations.markings.code.tex))
(d:/Program Files (x86)/texlive/2025/texmf-dist/tex/generic/pgf/frontendlayer/t
ikz/libraries/graphs/tikzlibrarygraphs.code.tex
File: tikzlibrarygraphs.code.tex 2025-08-29 v3.1.11a (3.1.11a)
\tikz@lib@auto@number=\count426
\tikz@qnode@count=\count427
)
(d:/Program Files (x86)/texlive/2025/texmf-dist/tex/generic/pgf/frontendlayer/t
ikz/libraries/tikzlibrarypositioning.code.tex
File: tikzlibrarypositioning.code.tex 2025-08-29 v3.1.11a (3.1.11a)
)
(d:/Program Files (x86)/texlive/2025/texmf-dist/tex/generic/pgf/frontendlayer/t
ikz/libraries/tikzlibraryshapes.geometric.code.tex
File: tikzlibraryshapes.geometric.code.tex 2025-08-29 v3.1.11a (3.1.11a)

(d:/Program Files (x86)/texlive/2025/texmf-dist/tex/generic/pgf/libraries/shape
s/pgflibraryshapes.geometric.code.tex
File: pgflibraryshapes.geometric.code.tex 2025-08-29 v3.1.11a (3.1.11a)
))
(d:/Program Files (x86)/texlive/2025/texmf-dist/tex/latex/tikz-feynman/tikzfeyn
man.keys.code.tex)))
(d:/Program Files (x86)/texlive/2025/texmf-dist/tex/latex/appendix/appendix.sty
Package: appendix 2020/02/08 v1.2c extra appendix facilities
\c@@pps=\count428
\c@@ppsavesec=\count429
\c@@ppsaveapp=\count430
) (d:/Program Files (x86)/texlive/2025/texmf-dist/tex/latex/tocloft/tocloft.sty
Package: tocloft 2017/08/31 v2.3i parameterised ToC, etc., typesetting
Package tocloft Info: The document has section divisions on input line 51.
\cftparskip=\skip82
\cftbeforetoctitleskip=\skip83
\cftaftertoctitleskip=\skip84
\cftbeforepartskip=\skip85
\cftpartnumwidth=\skip86
\cftpartindent=\skip87
\cftbeforesecskip=\skip88
\cftsecindent=\skip89
\cftsecnumwidth=\skip90
\cftbeforesubsecskip=\skip91
\cftsubsecindent=\skip92
\cftsubsecnumwidth=\skip93
\cftbeforesubsubsecskip=\skip94
\cftsubsubsecindent=\skip95
\cftsubsubsecnumwidth=\skip96
\cftbeforeparaskip=\skip97
\cftparaindent=\skip98
\cftparanumwidth=\skip99
\cftbeforesubparaskip=\skip100
\cftsubparaindent=\skip101
\cftsubparanumwidth=\skip102
\cftbeforeloftitleskip=\skip103
\cftafterloftitleskip=\skip104
\cftbeforefigskip=\skip105
\cftfigindent=\skip106
\cftfignumwidth=\skip107
\cftbeforelottitleskip=\skip108
\cftafterlottitleskip=\skip109
\cftbeforetabskip=\skip110
\cfttabindent=\skip111
\cfttabnumwidth=\skip112
\cftbeforesubfigskip=\skip113
\cftsubfigindent=\skip114
\cftsubfignumwidth=\skip115
\cftbeforesubtabskip=\skip116
\cftsubtabindent=\skip117
\cftsubtabnumwidth=\skip118
)
(d:/Program Files (x86)/texlive/2025/texmf-dist/tex/latex/simpler-wick/simpler-
wick.sty
Package: simpler-wick 2015/12/11 Simpler Wick contractions

(d:/Program Files (x86)/texlive/2025/texmf-dist/tex/latex/pgf/frontendlayer/lib
raries/tikzlibraryexternal.code.tex
(d:/Program Files (x86)/texlive/2025/texmf-dist/tex/latex/base/atveryend-ltx.st
y
Package: atveryend-ltx 2020/08/19 v1.0a Emulation of the original atveryend pac
kage
with kernel methods
)
(d:/Program Files (x86)/texlive/2025/texmf-dist/tex/generic/pgf/frontendlayer/t
ikz/libraries/tikzexternalshared.code.tex)))
(d:/Program Files (x86)/texlive/2025/texmf-dist/tex/latex/cjk/texinput/UTF8/UTF
8.enc
File: UTF8.enc 2021/10/16 4.8.5
)
(d:/Program Files (x86)/texlive/2025/texmf-dist/tex/latex/cjk/texinput/UTF8/UTF
8.chr
File: UTF8.chr 2021/10/16 4.8.5
)
Package translations Info: No language package found. I am going to use `englis
h' as default language. on input line 7.
 (./‰∫åÊ¨°ÈáèÂ≠êÂåñ.aux)
\openout1 = `‰∫åÊ¨°ÈáèÂ≠êÂåñ.aux'.

LaTeX Font Info:    Checking defaults for OML/cmm/m/it on input line 7.
LaTeX Font Info:    ... okay on input line 7.
LaTeX Font Info:    Checking defaults for OMS/cmsy/m/n on input line 7.
LaTeX Font Info:    ... okay on input line 7.
LaTeX Font Info:    Checking defaults for OT1/cmr/m/n on input line 7.
LaTeX Font Info:    ... okay on input line 7.
LaTeX Font Info:    Checking defaults for T1/cmr/m/n on input line 7.
LaTeX Font Info:    ... okay on input line 7.
LaTeX Font Info:    Checking defaults for TS1/cmr/m/n on input line 7.
LaTeX Font Info:    ... okay on input line 7.
LaTeX Font Info:    Checking defaults for OMX/cmex/m/n on input line 7.
LaTeX Font Info:    ... okay on input line 7.
LaTeX Font Info:    Checking defaults for U/cmr/m/n on input line 7.
LaTeX Font Info:    ... okay on input line 7.
LaTeX Font Info:    Checking defaults for T2A/cmr/m/n on input line 7.
LaTeX Font Info:    Trying to load font information for T2A+cmr on input line 7
.

(d:/Program Files (x86)/texlive/2025/texmf-dist/tex/latex/cyrillic/t2acmr.fd
File: t2acmr.fd 2001/08/11 v1.0a Computer Modern Cyrillic font definitions
)
LaTeX Font Info:    ... okay on input line 7.
LaTeX Font Info:    Checking defaults for C00/song/m/n on input line 7.
LaTeX Font Info:    ... okay on input line 7.
LaTeX Font Info:    Checking defaults for C05/song/m/n on input line 7.
LaTeX Font Info:    ... okay on input line 7.
LaTeX Font Info:    Checking defaults for C09/song/m/n on input line 7.
LaTeX Font Info:    ... okay on input line 7.
LaTeX Font Info:    Checking defaults for C10/song/m/n on input line 7.
LaTeX Font Info:    ... okay on input line 7.
LaTeX Font Info:    Checking defaults for C20/song/m/n on input line 7.
LaTeX Font Info:    ... okay on input line 7.
LaTeX Font Info:    Checking defaults for C19/song/m/n on input line 7.
LaTeX Font Info:    ... okay on input line 7.
LaTeX Font Info:    Checking defaults for C40/song/m/n on input line 7.
LaTeX Font Info:    ... okay on input line 7.
LaTeX Font Info:    Checking defaults for C42/song/m/n on input line 7.
LaTeX Font Info:    ... okay on input line 7.
LaTeX Font Info:    Checking defaults for C43/song/m/n on input line 7.
LaTeX Font Info:    ... okay on input line 7.
LaTeX Font Info:    Checking defaults for C50/song/m/n on input line 7.
LaTeX Font Info:    ... okay on input line 7.
LaTeX Font Info:    Checking defaults for C52/song/m/n on input line 7.
LaTeX Font Info:    ... okay on input line 7.
LaTeX Font Info:    Checking defaults for C49/song/m/n on input line 7.
LaTeX Font Info:    ... okay on input line 7.
LaTeX Font Info:    Checking defaults for C60/mj/m/n on input line 7.
LaTeX Font Info:    ... okay on input line 7.
LaTeX Font Info:    Checking defaults for C61/mj/m/n on input line 7.
LaTeX Font Info:    ... okay on input line 7.
LaTeX Font Info:    Checking defaults for C63/mj/m/n on input line 7.
LaTeX Font Info:    ... okay on input line 7.
LaTeX Font Info:    Checking defaults for C64/mj/m/n on input line 7.
LaTeX Font Info:    ... okay on input line 7.
LaTeX Font Info:    Checking defaults for C65/mj/m/n on input line 7.
LaTeX Font Info:    ... okay on input line 7.
LaTeX Font Info:    Checking defaults for C70/song/m/n on input line 7.
LaTeX Font Info:    ... okay on input line 7.
LaTeX Font Info:    Checking defaults for C31/song/m/n on input line 7.
LaTeX Font Info:    ... okay on input line 7.
LaTeX Font Info:    Checking defaults for C32/song/m/n on input line 7.
LaTeX Font Info:    ... okay on input line 7.
LaTeX Font Info:    Checking defaults for C33/song/m/n on input line 7.
LaTeX Font Info:    ... okay on input line 7.
LaTeX Font Info:    Checking defaults for C34/song/m/n on input line 7.
LaTeX Font Info:    ... okay on input line 7.
LaTeX Font Info:    Checking defaults for C35/song/m/n on input line 7.
LaTeX Font Info:    ... okay on input line 7.
LaTeX Font Info:    Checking defaults for C36/song/m/n on input line 7.
LaTeX Font Info:    ... okay on input line 7.
LaTeX Font Info:    Checking defaults for C37/song/m/n on input line 7.
LaTeX Font Info:    ... okay on input line 7.
LaTeX Font Info:    Checking defaults for C80/song/m/n on input line 7.
LaTeX Font Info:    ... okay on input line 7.
LaTeX Font Info:    Checking defaults for C81/song/m/n on input line 7.
LaTeX Font Info:    ... okay on input line 7.
LaTeX Font Info:    Checking defaults for C01/song/m/n on input line 7.
LaTeX Font Info:    ... okay on input line 7.
LaTeX Font Info:    Checking defaults for C11/song/m/n on input line 7.
LaTeX Font Info:    ... okay on input line 7.
LaTeX Font Info:    Checking defaults for C21/song/m/n on input line 7.
LaTeX Font Info:    ... okay on input line 7.
LaTeX Font Info:    Checking defaults for C41/song/m/n on input line 7.
LaTeX Font Info:    ... okay on input line 7.
LaTeX Font Info:    Checking defaults for C62/song/m/n on input line 7.
LaTeX Font Info:    ... okay on input line 7.
LaTeX Font Info:    Checking defaults for PD1/pdf/m/n on input line 7.
LaTeX Font Info:    ... okay on input line 7.
LaTeX Font Info:    Checking defaults for PU/pdf/m/n on input line 7.
LaTeX Font Info:    ... okay on input line 7.
Package hyperref Info: Link coloring OFF on input line 7.

(./‰∫åÊ¨°ÈáèÂ≠êÂåñ.out) (./‰∫åÊ¨°ÈáèÂ≠êÂåñ.out)
\@outlinefile=\write4
\openout4 = `‰∫åÊ¨°ÈáèÂ≠êÂåñ.out'.


*geometry* driver: auto-detecting
*geometry* detected driver: pdftex
*geometry* verbose mode - [ preamble ] result:
* driver: pdftex
* paper: a4paper
* layout: <same size as paper>
* layoutoffset:(h,v)=(0.0pt,0.0pt)
* modes: twoside 
* h-part:(L,W,R)=(71.13188pt, 455.24411pt, 71.13188pt)
* v-part:(T,H,B)=(62.59596pt, 725.54538pt, 56.9055pt)
* \paperwidth=597.50787pt
* \paperheight=845.04684pt
* \textwidth=455.24411pt
* \textheight=725.54538pt
* \oddsidemargin=-1.1381pt
* \evensidemargin=-1.1381pt
* \topmargin=-46.67403pt
* \headheight=12.0pt
* \headsep=25.0pt
* \topskip=10.0pt
* \footskip=30.0pt
* \marginparwidth=121.0pt
* \marginparsep=11.0pt
* \columnsep=10.0pt
* \skip\footins=9.0pt plus 4.0pt minus 2.0pt
* \hoffset=0.0pt
* \voffset=0.0pt
* \mag=1000
* \@twocolumnfalse
* \@twosidetrue
* \@mparswitchtrue
* \@reversemarginfalse
* (1in=72.27pt=25.4mm, 1cm=28.453pt)


(d:/Program Files (x86)/texlive/2025/texmf-dist/tex/context/base/mkii/supp-pdf.
mkii
[Loading MPS to PDF converter (version 2006.09.02).]
\scratchcounter=\count431
\scratchdimen=\dimen388
\scratchbox=\box81
\nofMPsegments=\count432
\nofMParguments=\count433
\everyMPshowfont=\toks52
\MPscratchCnt=\count434
\MPscratchDim=\dimen389
\MPnumerator=\count435
\makeMPintoPDFobject=\count436
\everyMPtoPDFconversion=\toks53
)
(d:/Program Files (x86)/texlive/2025/texmf-dist/tex/latex/epstopdf-pkg/epstopdf
-base.sty
Package: epstopdf-base 2020-01-24 v2.11 Base part for package epstopdf
Package epstopdf-base Info: Redefining graphics rule for `.eps' on input line 4
85.

(d:/Program Files (x86)/texlive/2025/texmf-dist/tex/latex/latexconfig/epstopdf-
sys.cfg
File: epstopdf-sys.cfg 2010/07/13 v1.3 Configuration of (r)epstopdf for TeX Liv
e
))
Package caption Info: Begin \AtBeginDocument code.
Package caption Info: subfig package v1.3 is loaded.
Package caption Info: End \AtBeginDocument code.
\c__nicematrix_shift_Ldots_last_row_dim=\dimen390
\c__nicematrix_innersep_middle_dim=\dimen391
LaTeX Info: Redefining \microtypecontext on input line 7.
Package microtype Info: Applying patch `item' on input line 7.
Package microtype Info: Applying patch `toc' on input line 7.
Package microtype Info: Applying patch `eqnum' on input line 7.
Package microtype Info: Applying patch `footnote' on input line 7.
Package microtype Info: Applying patch `verbatim' on input line 7.
LaTeX Info: Redefining \microtypesetup on input line 7.
Package microtype Info: Generating PDF output.
Package microtype Info: Character protrusion enabled (level 2).
Package microtype Info: Using default protrusion set `alltext'.
Package microtype Info: Automatic font expansion enabled (level 2),
(microtype)             stretch: 20, shrink: 20, step: 1, non-selected.
Package microtype Info: Using default expansion set `alltext-nott'.
Package microtype Info: Patching command `\showhyphens'.
Package microtype Info: No adjustment of tracking.
Package microtype Info: No adjustment of interword spacing.
Package microtype Info: No adjustment of character kerning.

(d:/Program Files (x86)/texlive/2025/texmf-dist/tex/latex/microtype/mt-cmr.cfg
File: mt-cmr.cfg 2013/05/19 v2.2 microtype config. file: Computer Modern Roman 
(RS)
)

Package pgfplots Warning: running in backwards compatibility mode (unsuitable t
ick labels; missing features). Consider writing \pgfplotsset{compat=1.18} into 
your preamble.
 on input line 7.


Package siunitx Warning: Detected the "physics" package:
(siunitx)                omitting definition of \qty.
(siunitx)                
(siunitx)                If you want to use \qty with the siunitx definition,
(siunitx)                add 
(siunitx)                
(siunitx)                    \AtBeginDocument{\RenewCommandCopy\qty\SI}
(siunitx)                
(siunitx)                to your preamble.


(d:/Program Files (x86)/texlive/2025/texmf-dist/tex/latex/translations/translat
ions-basic-dictionary-english.trsl
File: translations-basic-dictionary-english.trsl (english translation file `tra
nslations-basic-dictionary')
)
Package translations Info: loading dictionary `translations-basic-dictionary' f
or `english'. on input line 7.


Package tikz-feynman Warning: LuaTeX is required if you wish to have vertices a
utomatically placed. You can disable this warning by setting /tikzfeynman/warn 
luatex=false on input line 7.


Package tikz-feynman Warning: The key you tried to use '/graph drawing/node dis
tance' requires LuaTeX. It will be ignored. on input line 9.


Package tikz-feynman Warning: The key you tried to use '/graph drawing/level di
stance' requires LuaTeX. It will be ignored. on input line 9.


Package tikz-feynman Warning: The key you tried to use '/graph drawing/sibling 
distance' requires LuaTeX. It will be ignored. on input line 9.


Package tikz-feynman Warning: The key you tried to use '/graph drawing/node dis
tance' requires LuaTeX. It will be ignored. on input line 9.


Package tikz-feynman Warning: The key you tried to use '/graph drawing/level di
stance' requires LuaTeX. It will be ignored. on input line 9.


Package tikz-feynman Warning: The key you tried to use '/graph drawing/sibling 
distance' requires LuaTeX. It will be ignored. on input line 9.

LaTeX Font Info:    Trying to load font information for U+msa on input line 9.
(d:/Program Files (x86)/texlive/2025/texmf-dist/tex/latex/amsfonts/umsa.fd
File: umsa.fd 2013/01/14 v3.01 AMS symbols A
)
(d:/Program Files (x86)/texlive/2025/texmf-dist/tex/latex/microtype/mt-msa.cfg
File: mt-msa.cfg 2006/02/04 v1.1 microtype config. file: AMS symbols (a) (RS)
)
LaTeX Font Info:    Trying to load font information for U+msb on input line 9.
(d:/Program Files (x86)/texlive/2025/texmf-dist/tex/latex/amsfonts/umsb.fd
File: umsb.fd 2013/01/14 v3.01 AMS symbols B
)
(d:/Program Files (x86)/texlive/2025/texmf-dist/tex/latex/microtype/mt-msb.cfg
File: mt-msb.cfg 2005/06/01 v1.0 microtype config. file: AMS symbols (b) (RS)
)
LaTeX Font Info:    Trying to load font information for U+rsfs on input line 9.

(d:/Program Files (x86)/texlive/2025/texmf-dist/tex/latex/jknapltx/ursfs.fd
File: ursfs.fd 1998/03/24 rsfs font definition file (jk)
)

Package tikz-feynman Warning: The key you tried to use '/graph drawing/node dis
tance' requires LuaTeX. It will be ignored. on input line 9.


Package tikz-feynman Warning: The key you tried to use '/graph drawing/level di
stance' requires LuaTeX. It will be ignored. on input line 9.


Package tikz-feynman Warning: The key you tried to use '/graph drawing/sibling 
distance' requires LuaTeX. It will be ignored. on input line 9.


Package tikz-feynman Warning: The key you tried to use '/graph drawing/node dis
tance' requires LuaTeX. It will be ignored. on input line 9.


Package tikz-feynman Warning: The key you tried to use '/graph drawing/level di
stance' requires LuaTeX. It will be ignored. on input line 9.


Package tikz-feynman Warning: The key you tried to use '/graph drawing/sibling 
distance' requires LuaTeX. It will be ignored. on input line 9.


Package tikz-feynman Warning: The key you tried to use '/graph drawing/node dis
tance' requires LuaTeX. It will be ignored. on input line 9.


Package tikz-feynman Warning: The key you tried to use '/graph drawing/level di
stance' requires LuaTeX. It will be ignored. on input line 9.


Package tikz-feynman Warning: The key you tried to use '/graph drawing/sibling 
distance' requires LuaTeX. It will be ignored. on input line 9.


Package tikz-feynman Warning: The key you tried to use '/graph drawing/node dis
tance' requires LuaTeX. It will be ignored. on input line 9.


Package tikz-feynman Warning: The key you tried to use '/graph drawing/level di
stance' requires LuaTeX. It will be ignored. on input line 9.


Package tikz-feynman Warning: The key you tried to use '/graph drawing/sibling 
distance' requires LuaTeX. It will be ignored. on input line 9.




(d:/Program Files (x86)/texlive/2025/texmf-dist/tex/generic/ctex/zhmap/ctex-zhm
ap-windows.tex
File: ctex-zhmap-windows.tex 2022/07/14 v2.5.10 Windows font map loader for pdf
TeX and DVIPDFMx (CTEX)
{d:/Program Files (x86)/texlive/2025/texmf-var/fonts/map/pdftex/updmap/pdftex.m
ap}{UGBK.sfd}{Unicode.sfd}) [1

{d:/Program Files (x86)/texlive/2025/texmf-dist/fonts/enc/dvips/cm-super/cm-sup
er-t1.enc}]
LaTeX Font Info:    Trying to load font information for C70+rm on input line 10
.

(d:/Program Files (x86)/texlive/2025/texmf-dist/tex/latex/ctex/fd/c70rm.fd
File: c70rm.fd 2022/07/14 v2.5.10 Chinese font definition (CTEX)
)
Package CJKpunct Info: use punctuation spaces for family 'rm' with punctstyle (
quanjiao) on input line 10.


[2]
Package microtype Info: Loading generic protrusion settings for font family
(microtype)             `cmss' (encoding: T1).
(microtype)             For optimal results, create family-specific settings.
(microtype)             See the microtype manual for details.
LaTeX Font Info:    Trying to load font information for C70+zhhei on input line
 11.

(d:/Program Files (x86)/texlive/2025/texmf-dist/tex/latex/zhmetrics/c70zhhei.fd
File: c70zhhei.fd 2009/09/23 4.8.2
)
Package CJKpunct Info: use punctuation spaces for family 'zhhei' with punctstyl
e (quanjiao) on input line 11.

Underfull \hbox (badness 10000) in paragraph at lines 12--18

 []


Underfull \hbox (badness 10000) in paragraph at lines 12--18

 []



[1

]
Underfull \hbox (badness 10000) in paragraph at lines 21--50

 []


Underfull \hbox (badness 10000) in paragraph at lines 21--50

 []


Underfull \hbox (badness 10000) in paragraph at lines 21--50

 []


Underfull \hbox (badness 10000) in paragraph at lines 21--50

 []


Underfull \hbox (badness 10000) in paragraph at lines 21--50

 []


Underfull \hbox (badness 10000) in paragraph at lines 21--50

 []


Underfull \hbox (badness 10000) in paragraph at lines 21--50

 []


Underfull \hbox (badness 10000) in paragraph at lines 21--50

 []


Underfull \hbox (badness 10000) in paragraph at lines 21--50

 []


Underfull \hbox (badness 10000) in paragraph at lines 21--50

 []


Underfull \hbox (badness 10000) in paragraph at lines 21--50

 []


Underfull \hbox (badness 10000) in paragraph at lines 21--50

 []


Underfull \hbox (badness 10000) in paragraph at lines 21--50

 []


Underfull \hbox (badness 10000) in paragraph at lines 21--50

 []



[2

]
Underfull \vbox (badness 1092) has occurred while \output is active []



[3{d:/Program Files (x86)/texlive/2025/texmf-dist/fonts/enc/dvips/cm-super/cm-s
uper-t2a.enc}{d:/Program Files (x86)/texlive/2025/texmf-dist/fonts/enc/dvips/cm
-super/cm-super-ts1.enc}]
Underfull \hbox (badness 10000) in paragraph at lines 50--50

 []


Underfull \hbox (badness 10000) in paragraph at lines 52--52

 []

Package CJKpunct Info: use punctuation spaces for family 'zhkai' with punctstyl
e (quanjiao) on input line 53.

Underfull \hbox (badness 10000) in paragraph at lines 53--55

 []


Underfull \hbox (badness 10000) in paragraph at lines 53--55

 []



[4] (./‰∫åÊ¨°ÈáèÂ≠êÂåñ.toc

[1

]

[2]

[3]

[4]

[5]

[6]

[7]

[8]

[9])
\tf@toc=\write5
\openout5 = `‰∫åÊ¨°ÈáèÂ≠êÂåñ.toc'.



[10]
\matrixtoks=\toks54



pdfTeX warning (ext4): destination with the same identifier (name{page.1}) has 
been already used, duplicate ignored
<to be read again> 
                   \relax 
l.66 ...=u^{}_Ap^A=u^2_0-\vb{u}^2$„ÄÇ\item \textbf
                                                  {ËÅîÁªúÁ≥ªÊï∞}ÔºöÁ¨¨‰∫åÁ±ª...
[1

]


pdfTeX warning (ext4): destination with the same identifier (name{page.2}) has 
been already used, duplicate ignored
<to be read again> 
                   \relax 
l.71 \clearpage
               \section{‰∏ÄÁª¥ÂÆöÊÄÅË∞êÊåØÂ≠êÂíå‰∫åÊ¨°ÈáèÂ≠êÂåñÂéüÂûã}\label...
[2]
Underfull \hbox (badness 10000) in paragraph at lines 85--88

 []


Underfull \hbox (badness 10000) in paragraph at lines 92--96

 []


Underfull \hbox (badness 10000) in paragraph at lines 100--104

 []



[3

]
Underfull \hbox (badness 10000) in paragraph at lines 112--118

 []


Underfull \hbox (badness 10000) in paragraph at lines 112--118

 []


Underfull \hbox (badness 10000) in paragraph at lines 122--128

 []


Underfull \hbox (badness 10000) in paragraph at lines 122--128

 []



[4]
Underfull \hbox (badness 10000) in paragraph at lines 130--134

 []


Underfull \hbox (badness 10000) in paragraph at lines 134--138

 []


Underfull \hbox (badness 10000) in paragraph at lines 140--144

 []


Underfull \hbox (badness 10000) in paragraph at lines 156--163

 []


Underfull \hbox (badness 10000) in paragraph at lines 156--163

 []



[5]
Underfull \hbox (badness 10000) in paragraph at lines 167--173

 []


Underfull \hbox (badness 10000) in paragraph at lines 167--173

 []


Underfull \hbox (badness 10000) in paragraph at lines 173--181

 []


Underfull \hbox (badness 10000) in paragraph at lines 173--181

 []


Underfull \hbox (badness 10000) in paragraph at lines 173--181

 []



[6]
Missing character: There is no ; in font nullfont!
Missing character: There is no ; in font nullfont!
Missing character: There is no ; in font nullfont!
Missing character: There is no ; in font nullfont!
Missing character: There is no ; in font nullfont!
Missing character: There is no ; in font nullfont!
Missing character: There is no ; in font nullfont!

Package caption Warning: The option `hypcap=true' will be ignored for this
(caption)                particular \caption on input line 181.
See the caption package documentation for explanation.


Underfull \hbox (badness 10000) in paragraph at lines 183--189

 []


Underfull \hbox (badness 10000) in paragraph at lines 183--189

 []


Underfull \hbox (badness 10000) in paragraph at lines 189--193

 []



[7]
Underfull \hbox (badness 10000) in paragraph at lines 201--207

 []


Underfull \hbox (badness 10000) in paragraph at lines 201--207

 []


Underfull \hbox (badness 10000) in paragraph at lines 210--213

 []


Underfull \hbox (badness 10000) in paragraph at lines 215--223

 []


Underfull \hbox (badness 10000) in paragraph at lines 215--223

 []


Underfull \hbox (badness 10000) in paragraph at lines 215--223

 []



[8]
Underfull \hbox (badness 10000) in paragraph at lines 223--227

 []


Underfull \hbox (badness 10000) in paragraph at lines 237--241

 []



[9]
Underfull \hbox (badness 10000) in paragraph at lines 257--264

 []


Underfull \hbox (badness 10000) in paragraph at lines 257--264

 []


Underfull \hbox (badness 10000) in paragraph at lines 257--264

 []



[10]

[11]
Underfull \hbox (badness 10000) in paragraph at lines 266--269

 []


Underfull \hbox (badness 10000) in paragraph at lines 273--277

 []


Underfull \hbox (badness 10000) in paragraph at lines 281--285

 []



[12]
Underfull \hbox (badness 10000) in paragraph at lines 289--295

 []


Underfull \hbox (badness 10000) in paragraph at lines 289--295

 []


Underfull \hbox (badness 10000) in paragraph at lines 299--305

 []


Underfull \hbox (badness 10000) in paragraph at lines 299--305

 []



[13]
Underfull \hbox (badness 10000) in paragraph at lines 317--321

 []


Underfull \hbox (badness 10000) in paragraph at lines 331--335

 []


Underfull \hbox (badness 10000) in paragraph at lines 335--339

 []



[14]
Underfull \hbox (badness 10000) in paragraph at lines 355--358

 []



[15]
Underfull \hbox (badness 10000) in paragraph at lines 360--364

 []


Underfull \hbox (badness 10000) in paragraph at lines 372--376

 []



[16]
Underfull \hbox (badness 10000) in paragraph at lines 382--386

 []



[17]
Underfull \hbox (badness 10000) in paragraph at lines 406--410

 []

\g__nicematrix_max_cell_width_dim=\dimen392
\c@iRow=\count437
\c@jCol=\count438
\l__nicematrix_cell_box=\box82
\l__nicematrix_the_array_box=\box83
\l__nicematrix_left_delim_dim=\dimen393
\l__nicematrix_right_delim_dim=\dimen394
\l__nicematrix_l_dim=\dimen395


[18]
Underfull \hbox (badness 10000) in paragraph at lines 428--432

 []


Overfull \hbox (5.43365pt too wide) in paragraph at lines 436--438
\C70/rm/m/n/10/8f Ÿ \C70/rm/m/n/10/91 Ã \C70/rm/m/n/10/8b ˜ ˚ \C70/rm/m/n/10/80
 ^^E \C70/rm/m/n/10/81 Í \C70/rm/m/n/10/88 L \C70/rm/m/n/10/9a å \C70/rm/m/n/10
/8b ¡ \C70/rm/m/n/10/4e 
 \C70/rm/m/n/10/8f  \C70/rm/m/n/10/5b ˘ \C70/rm/m/n/10/89 “ \C70/rm/m/n/10/53 
^^V \C70/rm/m/n/10/76 Ñ \C70/rm/m/n/10/6b c \C70/rm/m/n/10/78 n \C70/rm/m/n/10/
60 '|\C70/rm/m/n/10/30 ^^B| \C70/rm/m/n/10/5f S \C70/rm/m/n/10/71 6 \C70/rm/m/n
/10/5b ˘ \C70/rm/m/n/10/4e é ^^@ \C70/rm/m/n/10/82 , \C70/rm/m/n/10/76 Ñ\T1/cmr
/m/it/10 (-20) Hamiltonian \C70/rm/m/n/10/7b ó &|\C70/rm/m/n/10/ff ^^L| \C70/rm
/m/n/10/62 ^^Q \C70/rm/m/n/10/4e Ï Õ \C70/rm/m/n/10/53 Ô \C70/rm/m/n/10/4e Â \C
70/rm/m/n/10/75 ( \C70/rm/m/n/10/51 v \C70/rm/m/n/10/4e å \C70/rm/m/n/10/6b ! \
C70/rm/m/n/10/57 ã$\OT1/cmr/bx/n/10 (-20) Y$\C70/rm/m/n/10/67 e
 []


Underfull \hbox (badness 10000) in paragraph at lines 440--444

 []



[19]
Underfull \hbox (badness 10000) in paragraph at lines 447--450

 []


Underfull \hbox (badness 10000) in paragraph at lines 456--462

 []


Underfull \hbox (badness 10000) in paragraph at lines 456--462

 []


Underfull \hbox (badness 10000) in paragraph at lines 456--462

 []


Overfull \hbox (1.39314pt too wide) in paragraph at lines 456--462
\C70/rm/m/n/10/73 ∞ \C70/rm/m/n/10/57 ( \C70/rm/m/n/10/62 ^^Q \C70/rm/m/n/10/4e
 Ï \C70/rm/m/n/10/67 e \C70/rm/m/n/10/8b ° \C70/rm/m/n/10/7b ó \C70/rm/m/n/10/5
3 ¬ \C70/rm/m/n/10/91 œ$\OML/cmm/m/it/10 ^^X$\C70/rm/m/n/10/54 å \C70/rm/m/n/10
/7c í \C70/rm/m/n/10/5b P \C70/rm/m/n/10/65 p$\OML/cmm/m/it/10 N$\C70/rm/m/n/10
/4e K \C70/rm/m/n/10/95 Ù \C70/rm/m/n/10/76 Ñ \C70/rm/m/n/10/51 s \C70/rm/m/n/1
0/7c ˚|\C70/rm/m/n/10/30 ^^B| \C70/rm/m/n/10/53 ÷ \C70/rm/m/n/10/7b ó &$[]\OML/
cmm/m/it/10  []\OT1/cmr/m/n/10 (-20) (\OML/cmm/m/it/10 ^^X[]\OT1/cmr/m/n/10 (-2
0) )$\C70/rm/m/n/10/54 å \C70/rm/m/n/10/80 ˝ \C70/rm/m/n/10/7e ß$\OML/cmm/m/it/
10 N[]$\C70/rm/m/n/10/4e - \C70/rm/m/n/10/76 Ñ \C70/rm/m/n/10/7c í \C70/rm/m/n/
10/5b P \C70/rm/m/n/10/60 ^^A$[]$|\C70/rm/m/n/10/ff ^^L| \C70/rm/m/n/10/52 ^^Y 
\C70/rm/m/n/10/75 1 \C70/rm/m/n/10/5b ö \C70/rm/m/n/10/4e I\T1/cmr/m/n/10 (-20)
 ([]2.3.1[])\C70/rm/m/n/10/66 ^^S
 []


Underfull \hbox (badness 10000) in paragraph at lines 462--466

 []



[20]
Underfull \hbox (badness 10000) in paragraph at lines 481--485

 []



[21]
Underfull \hbox (badness 10000) in paragraph at lines 497--501

 []



[22]
Underfull \hbox (badness 10000) in paragraph at lines 517--521

 []



[23]
Underfull \hbox (badness 10000) in paragraph at lines 541--546

 []


Underfull \hbox (badness 10000) in paragraph at lines 541--546

 []



[24]
Underfull \hbox (badness 10000) in paragraph at lines 557--563

 []


Underfull \hbox (badness 10000) in paragraph at lines 557--563

 []


Underfull \hbox (badness 10000) in paragraph at lines 563--567

 []



[25]
Underfull \hbox (badness 10000) in paragraph at lines 569--573

 []


Underfull \hbox (badness 10000) in paragraph at lines 576--579

 []


Underfull \hbox (badness 10000) in paragraph at lines 581--585

 []



[26]
Underfull \hbox (badness 10000) in paragraph at lines 591--595

 []


Overfull \hbox (1.39891pt too wide) in paragraph at lines 600--607
\C70/rm/m/n/10/53 ` \C70/rm/m/n/10/67 	 \C70/rm/m/n/10/65 p \C70/rm/m/n/10/53 Í
 \C70/rm/m/n/10/80 ˝ \C70/rm/m/n/10/51 œ \C70/rm/m/n/10/5c ^^Q$\OT1/cmr/m/n/10 
(-20) 1$|\C70/rm/m/n/10/ff ^^L| \C70/rm/m/n/10/56 ‡ \C70/rm/m/n/10/6b d \C70/rm
/m/n/10/7c ˚ \C70/rm/m/n/10/65 p \C70/rm/m/n/10/57 G \C70/rm/m/n/10/97 ^$\OT1/c
mr/m/n/10 (-20) 0$|\C70/rm/m/n/10/30 ^^B| \C70/rm/m/n/10/4f F \C70/rm/m/n/10/8f
 Ÿ \C70/rm/m/n/10/91 Ã \C70/rm/m/n/10/67 	 , \C70/rm/m/n/10/8d ( \C70/rm/m/n/10
/76 Ñ \C70/rm/m/n/10/53 : \C70/rm/m/n/10/52 +|\C70/rm/m/n/10/ff ^^Z| \C70/rm/m/
n/10/7c í \C70/rm/m/n/10/5b P \C70/rm/m/n/10/76 Ñ \C70/rm/m/n/10/4e ß \C70/rm/m
/n/10/75 ^^_ \C70/rm/m/n/10/54 å \C70/rm/m/n/10/6d à \C70/rm/m/n/10/59 1 \C70/r
m/m/n/10/67 , \C70/rm/m/n/10/8d ( \C70/rm/m/n/10/4e 
 \C70/rm/m/n/10/66 / \C70/rm/m/n/10/75 1 \C70/rm/m/n/10/6c ‚ \C70/rm/m/n/10/51 
˝ \C70/rm/m/n/10/65 p \C70/rm/m/n/10/56 ‡ \C70/rm/m/n/10/5b P$\OML/cmm/m/it/10 
 []$\C70/rm/m/n/10/76 Ñ
 []


Underfull \hbox (badness 10000) in paragraph at lines 600--607

 []


Underfull \hbox (badness 10000) in paragraph at lines 600--607

 []


Underfull \hbox (badness 10000) in paragraph at lines 600--607

 []



[27]
Underfull \hbox (badness 10000) in paragraph at lines 623--627

 []


Underfull \hbox (badness 10000) in paragraph at lines 637--641

 []



[28]
Overfull \hbox (6.99348pt too wide) in paragraph at lines 645--647
\C70/rm/m/n/10/62 ^^Q \C70/rm/m/n/10/4e Ï \C70/rm/m/n/10/77  \C70/rm/m/n/10/52
 0 \C70/rm/m/n/10/5b É \C70/rm/m/n/10/54 å \C70/rm/m/n/10/5f ^^O\T1/cmr/m/n/10 
(-20) ([]2.3.9[])\C70/rm/m/n/10/76 Ñ \C70/rm/m/n/10/5f b ^^O \C70/rm/m/n/10/4e 
^^@ \C70/rm/m/n/10/81 Ù|\C70/rm/m/n/10/ff ^^L| \C70/rm/bx/n/10/53 Ô \C70/rm/bx/
n/10/89 ¡ \C70/rm/bx/n/10/4e ^^M \C70/rm/bx/n/10/76 ¯ \C70/rm/bx/n/10/5b π \C70
/rm/bx/n/10/53 ü \C70/rm/bx/n/10/74 ^^F \C70/rm/bx/n/10/5e v \C70/rm/bx/n/10/4e
 ^^M \C70/rm/bx/n/10/4f ^^Z \C70/rm/bx/n/10/5b ¸ \C70/rm/bx/n/10/81 Ù \C70/rm/b
x/n/10/4e å \C70/rm/bx/n/10/6b ! \C70/rm/bx/n/10/91 œ \C70/rm/bx/n/10/5b P \C70
/rm/bx/n/10/53 ^^V \C70/rm/bx/n/10/7b ó & \C70/rm/bx/n/10/76 Ñ \C70/rm/bx/n/10/
65 9 \C70/rm/bx/n/10/53 ÿ|\C70/rm/m/n/10/30 ^^B| \C70/rm/m/n/10/8f Ÿ \C70/rm/m/
n/10/66 / \C70/rm/m/n/10/56 ‡ \C70/rm/m/n/10/4e :$\OMS/cmsy/m/n/10 O$\C70/rm/m/
n/10/54 å$[]\OMS/cmsy/m/n/10 O$\C70/rm/m/n/10/66 /
 []


Underfull \hbox (badness 10000) in paragraph at lines 651--655

 []



[29]
Underfull \hbox (badness 10000) in paragraph at lines 677--681

 []



[30]
Underfull \hbox (badness 10000) in paragraph at lines 691--695

 []



[31]
Underfull \hbox (badness 10000) in paragraph at lines 716--720

 []



[32]
Underfull \hbox (badness 10000) in paragraph at lines 730--734

 []



[33]
Underfull \hbox (badness 10000) in paragraph at lines 742--749

 []


Underfull \hbox (badness 10000) in paragraph at lines 742--749

 []


Underfull \hbox (badness 10000) in paragraph at lines 742--749

 []



[34]
Overfull \hbox (1.7953pt too wide) in paragraph at lines 756--758
\C70/rm/m/n/10/5b ö \C70/rm/m/n/10/4e I \C70/rm/m/n/10/67 	 \C70/rm/m/n/10/59 Ç
 \C70/rm/m/n/10/4e 
 \C70/rm/m/n/10/5e ¶ \C70/rm/m/n/10/89 ƒ \C70/rm/m/n/10/76 Ñ \C70/rm/m/n/10/5e 
^^? \C70/rm/m/n/10/4e I\T1/cmr/m/sl/10 (-20) Riemann\C70/rm/m/n/10/6d A \C70/rm
/m/n/10/5f b \C70/rm/m/n/10/79  \C70/rm/m/n/10/4e :\T1/cmr/bx/sl/10 (-20) Lore
ntz \C70/rm/bx/n/10/6d A \C70/rm/bx/n/10/5f b|\C70/rm/m/n/10/ff ^^L| \C70/rm/m/
n/10/53 Ô \C70/rm/m/n/10/4e Â \C70/rm/m/n/10/77  \C70/rm/m/n/10/52 0 \C70/rm/m
/n/10/51 v \C70/rm/m/n/10/7a z \C70/rm/m/n/10/95 Ù \C70/rm/m/n/10/52 ^^F \C70/r
m/m/n/10/91 œ \C70/rm/m/n/10/5c 1 \C70/rm/m/n/10/66 / \C70/rm/m/n/10/90 ^^Z \C7
0/rm/m/n/10/5e 8 \C70/rm/m/n/10/4e 	 \C70/rm/m/n/10/7e Ù \C70/rm/m/n/10/6b ' \C
70/rm/m/n/10/5f ^^O \C70/rm/m/n/10/7a z \C70/rm/m/n/10/95 Ù$\U/msb/m/n/10 R[]$\
C70/rm/m/n/10/76 Ñ
 []


Overfull \hbox (12.82257pt too wide) in paragraph at lines 760--762
\C70/rm/m/n/10/8b Â \C70/rm/m/n/10/5f ^^O \C70/rm/m/n/10/4e _ \C70/rm/m/n/10/66
 / \C70/rm/m/n/10/63 ^^G \C70/rm/m/n/10/68 ^^G \C70/rm/m/n/10/53 G \C70/rm/m/n/
10/96 M \C70/rm/m/n/10/76 Ñ \C70/rm/m/n/10/74 ^^F \C70/rm/m/n/10/8b ∫ \C70/rm/m
/n/10/4f ù \C70/rm/m/n/10/63 n|\C70/rm/m/n/10/ff ^^L| \C70/rm/m/n/10/5b É \C70/
rm/m/n/10/57 ( P \C70/rm/m/n/10/68 ^^G \C70/rm/m/n/10/53 ÿ \C70/rm/m/n/10/63 b 
\C70/rm/m/n/10/4e  \C70/rm/m/n/10/66 / \C70/rm/m/n/10/4e ^^M \C70/rm/m/n/10/53
 ÿ \C70/rm/m/n/10/76 Ñ|\C70/rm/m/n/10/30 ^^B| \C70/rm/m/n/10/5b ˘ \C70/rm/m/n/1
0/4e é\T1/cmr/m/sl/10 (-20) Lorentz \C70/rm/m/n/10/6d A \C70/rm/m/n/10/5f b|\C7
0/rm/m/n/10/ff ^^L| \C70/rm/m/n/10/7a z \C70/rm/m/n/10/95 Ù \C70/rm/m/n/10/75 (
\T1/cmr/m/sl/10 (-20) Cartesian\C70/rm/m/n/10/57 P \C70/rm/m/n/10/68 ^^G \C70/r
m/m/n/10/7c ˚$\OT1/cmr/m/n/10 (-20) (\OML/cmm/m/it/10 x[]\OT1/cmr/m/n/10 (-20) 
) =
 []


Underfull \hbox (badness 10000) in paragraph at lines 764--768

 []



[35]

Package caption Warning: The option `hypcap=true' will be ignored for this
(caption)                particular \caption on input line 778.
See the caption package documentation for explanation.


Underfull \hbox (badness 10000) in paragraph at lines 779--782

 []



[36]
Underfull \hbox (badness 10000) in paragraph at lines 798--802

 []



[37]
Underfull \hbox (badness 10000) in paragraph at lines 805--808

 []



[38]
Underfull \hbox (badness 10000) in paragraph at lines 841--844

 []


Underfull \hbox (badness 10000) in paragraph at lines 848--852

 []



[39]
Underfull \hbox (badness 10000) in paragraph at lines 856--860

 []


Underfull \hbox (badness 10000) in paragraph at lines 864--868

 []



[40]
Underfull \hbox (badness 10000) in paragraph at lines 876--880

 []


Underfull \hbox (badness 10000) in paragraph at lines 890--894

 []



[41]
Underfull \hbox (badness 10000) in paragraph at lines 904--908

 []


Underfull \hbox (badness 10000) in paragraph at lines 920--924

 []



[42]
Underfull \hbox (badness 10000) in paragraph at lines 930--936

 []


Underfull \hbox (badness 10000) in paragraph at lines 930--936

 []


Underfull \hbox (badness 10000) in paragraph at lines 942--946

 []



[43]
Underfull \hbox (badness 10000) in paragraph at lines 946--950

 []


Underfull \hbox (badness 10000) in paragraph at lines 958--962

 []



[44]
Underfull \hbox (badness 10000) in paragraph at lines 984--988

 []



[45]
Underfull \hbox (badness 10000) in paragraph at lines 1002--1006

 []


Underfull \hbox (badness 10000) in paragraph at lines 1012--1016

 []



[46]
Underfull \hbox (badness 10000) in paragraph at lines 1024--1028

 []

LaTeX Font Info:    Trying to load font information for U+euf on input line 103
4.
(d:/Program Files (x86)/texlive/2025/texmf-dist/tex/latex/amsfonts/ueuf.fd
File: ueuf.fd 2013/01/14 v3.01 Euler Fraktur
)
(d:/Program Files (x86)/texlive/2025/texmf-dist/tex/latex/microtype/mt-euf.cfg
File: mt-euf.cfg 2006/07/03 v1.1 microtype config. file: AMS Euler Fraktur (RS)

)
Underfull \hbox (badness 10000) in paragraph at lines 1040--1044

 []



[47]
Underfull \hbox (badness 10000) in paragraph at lines 1052--1055

 []



[48]
Underfull \hbox (badness 10000) in paragraph at lines 1073--1077

 []


Underfull \hbox (badness 10000) in paragraph at lines 1085--1089

 []



[49]
Underfull \hbox (badness 10000) in paragraph at lines 1097--1101

 []


Underfull \hbox (badness 10000) in paragraph at lines 1111--1115

 []



[50]
Underfull \hbox (badness 10000) in paragraph at lines 1124--1129

 []


Underfull \hbox (badness 10000) in paragraph at lines 1124--1129

 []



[51]
Underfull \hbox (badness 10000) in paragraph at lines 1147--1151

 []


Underfull \hbox (badness 10000) in paragraph at lines 1163--1167

 []



[52]
Underfull \hbox (badness 10000) in paragraph at lines 1179--1183

 []



[53]
Underfull \hbox (badness 10000) in paragraph at lines 1207--1211

 []



[54]
Underfull \hbox (badness 10000) in paragraph at lines 1219--1223

 []


Underfull \hbox (badness 10000) in paragraph at lines 1236--1245

 []


Underfull \hbox (badness 10000) in paragraph at lines 1236--1245

 []


Underfull \hbox (badness 10000) in paragraph at lines 1236--1245

 []


Underfull \hbox (badness 10000) in paragraph at lines 1236--1245

 []



[55]
Underfull \hbox (badness 10000) in paragraph at lines 1261--1275

 []


Underfull \hbox (badness 10000) in paragraph at lines 1261--1275

 []


Underfull \hbox (badness 10000) in paragraph at lines 1261--1275

 []


Underfull \hbox (badness 10000) in paragraph at lines 1261--1275

 []


Underfull \hbox (badness 10000) in paragraph at lines 1261--1275

 []


Underfull \hbox (badness 10000) in paragraph at lines 1261--1275

 []



[56]
Underfull \hbox (badness 10000) in paragraph at lines 1279--1283

 []



[57]
Underfull \hbox (badness 10000) in paragraph at lines 1293--1297

 []


Underfull \hbox (badness 10000) in paragraph at lines 1311--1315

 []



[58]

[59]
Underfull \hbox (badness 10000) in paragraph at lines 1330--1335

 []


Underfull \hbox (badness 10000) in paragraph at lines 1330--1335

 []


Underfull \hbox (badness 10000) in paragraph at lines 1343--1347

 []



[60

]
Underfull \hbox (badness 10000) in paragraph at lines 1355--1359

 []



[61]
Underfull \hbox (badness 10000) in paragraph at lines 1377--1381

 []


Underfull \hbox (badness 10000) in paragraph at lines 1391--1397

 []


Underfull \hbox (badness 10000) in paragraph at lines 1391--1397

 []



[62]
Underfull \hbox (badness 10000) in paragraph at lines 1405--1409

 []


Underfull \hbox (badness 10000) in paragraph at lines 1413--1417

 []


Underfull \hbox (badness 10000) in paragraph at lines 1419--1425

 []


Underfull \hbox (badness 10000) in paragraph at lines 1419--1425

 []



[63]
Underfull \hbox (badness 10000) in paragraph at lines 1428--1431

 []


Underfull \hbox (badness 10000) in paragraph at lines 1437--1441

 []



[64]
Underfull \hbox (badness 10000) in paragraph at lines 1447--1451

 []


Underfull \hbox (badness 10000) in paragraph at lines 1457--1461

 []


Underfull \hbox (badness 10000) in paragraph at lines 1469--1473

 []



[65]
Underfull \hbox (badness 10000) in paragraph at lines 1481--1485

 []


Underfull \hbox (badness 10000) in paragraph at lines 1493--1496

 []



[66]
Underfull \hbox (badness 10000) in paragraph at lines 1496--1500

 []


Underfull \hbox (badness 10000) in paragraph at lines 1504--1510

 []


Underfull \hbox (badness 10000) in paragraph at lines 1504--1510

 []


Underfull \hbox (badness 10000) in paragraph at lines 1512--1516

 []



[67]
Underfull \hbox (badness 10000) in paragraph at lines 1522--1526

 []



[68]
Underfull \hbox (badness 10000) in paragraph at lines 1532--1538

 []


Underfull \hbox (badness 10000) in paragraph at lines 1532--1538

 []


Underfull \hbox (badness 10000) in paragraph at lines 1540--1544

 []


Underfull \hbox (badness 10000) in paragraph at lines 1547--1550

 []



[69]
Underfull \hbox (badness 10000) in paragraph at lines 1552--1556

 []


Underfull \hbox (badness 10000) in paragraph at lines 1560--1564

 []


Underfull \hbox (badness 10000) in paragraph at lines 1565--1569

 []


Underfull \hbox (badness 10000) in paragraph at lines 1573--1577

 []



[70]
Underfull \hbox (badness 10000) in paragraph at lines 1581--1587

 []


Underfull \hbox (badness 10000) in paragraph at lines 1581--1587

 []



[71]
Underfull \hbox (badness 10000) in paragraph at lines 1595--1601

 []


Underfull \hbox (badness 10000) in paragraph at lines 1595--1601

 []


Underfull \hbox (badness 10000) in paragraph at lines 1607--1613

 []


Underfull \hbox (badness 10000) in paragraph at lines 1607--1613

 []


Underfull \hbox (badness 10000) in paragraph at lines 1615--1619

 []



[72]
Underfull \hbox (badness 10000) in paragraph at lines 1620--1625

 []


Underfull \hbox (badness 10000) in paragraph at lines 1620--1625

 []


Underfull \hbox (badness 10000) in paragraph at lines 1635--1641

 []


Underfull \hbox (badness 10000) in paragraph at lines 1635--1641

 []



[73]
Underfull \hbox (badness 10000) in paragraph at lines 1644--1647

 []


Underfull \hbox (badness 10000) in paragraph at lines 1653--1661

 []


Underfull \hbox (badness 10000) in paragraph at lines 1653--1661

 []


Underfull \hbox (badness 10000) in paragraph at lines 1653--1661

 []



[74]
Underfull \hbox (badness 10000) in paragraph at lines 1671--1675

 []



[75]
Underfull \hbox (badness 10000) in paragraph at lines 1677--1681

 []


Underfull \hbox (badness 10000) in paragraph at lines 1681--1687

 []


Underfull \hbox (badness 10000) in paragraph at lines 1681--1687

 []


Underfull \hbox (badness 10000) in paragraph at lines 1695--1701

 []


Underfull \hbox (badness 10000) in paragraph at lines 1695--1701

 []



[76]
Underfull \hbox (badness 10000) in paragraph at lines 1701--1705

 []



[77]
Underfull \hbox (badness 10000) in paragraph at lines 1725--1729

 []


Underfull \hbox (badness 10000) in paragraph at lines 1738--1741

 []


Underfull \hbox (badness 10000) in paragraph at lines 1741--1747

 []


Underfull \hbox (badness 10000) in paragraph at lines 1741--1747

 []



[78]
Underfull \hbox (badness 10000) in paragraph at lines 1749--1757

 []


Underfull \hbox (badness 10000) in paragraph at lines 1749--1757

 []


Underfull \hbox (badness 10000) in paragraph at lines 1749--1757

 []


Underfull \hbox (badness 10000) in paragraph at lines 1757--1763

 []



[79]
Underfull \hbox (badness 10000) in paragraph at lines 1765--1769

 []


Underfull \hbox (badness 10000) in paragraph at lines 1773--1777

 []



[80]
Underfull \hbox (badness 10000) in paragraph at lines 1778--1783

 []


Underfull \hbox (badness 10000) in paragraph at lines 1778--1783

 []


Underfull \hbox (badness 10000) in paragraph at lines 1785--1795

 []


Underfull \hbox (badness 10000) in paragraph at lines 1785--1795

 []


Overfull \hbox (11.19568pt too wide) in paragraph at lines 1785--1795
\C70/rm/m/n/10/5b ¸ \C70/rm/m/n/10/76 Ñ \C70/rm/m/n/10/4f › \C70/rm/m/n/10/8f õ
 \C70/rm/m/n/10/5f b ^^O \C70/rm/m/n/10/76 Ñ \C70/rm/m/n/10/53 U ¬ \C70/rm/m/n/
10/7f §|\C70/rm/m/n/10/ff ^^L| \C70/rm/m/n/10/4e ÷ Ï \C70/rm/m/n/10/57 G \C70/r
m/m/n/10/5b ˘ \C70/rm/m/n/10/5e î \C70/rm/m/n/10/4e Ü\T1/cmr/m/sl/10 (-20) Noet
her \C70/rm/m/n/10/5b ö \C70/rm/m/n/10/74 ^^F|\C70/rm/m/n/10/ff ^^Z| \C70/rm/m/
n/10/5b ˘ \C70/rm/m/n/10/79  \C70/rm/m/n/10/4e ^^M \C70/rm/m/n/10/53 ÿ \C70/rm
/m/n/10/60 ' \C70/rm/m/n/10/7e Ÿ \C70/rm/m/n/10/51 ˙ \C70/rm/m/n/10/5b à \C70/r
m/m/n/10/60 R \C70/rm/m/n/10/91 œ|\C70/rm/m/n/10/ff ^^L| \C70/rm/m/n/10/57 (\T1
/cmr/m/sl/10 (-20) Lagrange \C70/rm/m/n/10/88 h \C70/rm/m/n/10/8f  \C70/rm/m/n
/10/4e  :\T1/cmr/m/sl/10 (-20) Noether
 []


Underfull \hbox (badness 10000) in paragraph at lines 1785--1795

 []


Underfull \hbox (badness 10000) in paragraph at lines 1785--1795

 []


Underfull \hbox (badness 10000) in paragraph at lines 1795--1799

 []



[81]
Underfull \hbox (badness 10000) in paragraph at lines 1803--1809

 []


Underfull \hbox (badness 10000) in paragraph at lines 1803--1809

 []


Underfull \hbox (badness 10000) in paragraph at lines 1810--1815

 []


Underfull \hbox (badness 10000) in paragraph at lines 1810--1815

 []



[82]
Overfull \hbox (2.77434pt too wide) in paragraph at lines 1820--1821
\C70/rm/m/n/10/4e ^^M \C70/rm/m/n/10/96 æ \C70/rm/m/n/10/77  \C70/rm/m/n/10/52
 0 \C70/rm/m/n/10/62 ^^Q \C70/rm/m/n/10/4e Ï \C70/rm/m/n/10/8f Ÿ \C70/rm/m/n/10
/91 Ã \C70/rm/m/n/10/4e Õ \C70/rm/m/n/10/71 6 \C70/rm/m/n/10/57 ( \C70/rm/m/n/1
0/4f ^^? \C70/rm/m/n/10/75 ( \C70/rm/m/n/10/7e Ø \C70/rm/m/n/10/7a z \C70/rm/m/
n/10/95 Ù \C70/rm/m/n/10/5f b ^^O \C70/rm/m/n/10/76 Ñ \C70/rm/m/n/10/88 h \C70/
rm/m/n/10/8f |\C70/rm/m/n/10/ff ^^L| \C70/rm/m/n/10/4e : Ü \C70/rm/m/n/10/8f «
 \C70/rm/m/n/10/6e ! \C70/rm/m/n/10/52 0 \C70/rm/m/n/10/56 € \C70/rm/m/n/10/7e 
Ù \C70/rm/m/n/10/5f b ^^O|\C70/rm/m/n/10/ff ^^L| \C70/rm/m/n/10/62 ^^Q \C70/rm/
m/n/10/4e Ï \C70/rm/m/n/10/75 ( \C70/rm/m/n/10/53 U \C70/rm/m/n/10/4f M \C70/rm
/m/n/10/56 € \C70/rm/m/n/10/7e Ù \C70/rm/m/n/10/59 ^^M \C70/rm/m/n/10/67 Å \C70
/rm/m/n/10/53 ^^V \C70/rm/m/n/10/77 ‚ \C70/rm/m/n/10/91 œ$\OML/cmm/m/it/10 e[]$
\C70/rm/m/n/10/5c ^^F
 []


Underfull \hbox (badness 10000) in paragraph at lines 1825--1829

 []



[83]
Underfull \hbox (badness 10000) in paragraph at lines 1839--1843

 []


Underfull \hbox (badness 10000) in paragraph at lines 1846--1849

 []


Underfull \hbox (badness 10000) in paragraph at lines 1850--1856

 []


Underfull \hbox (badness 10000) in paragraph at lines 1850--1856

 []


Underfull \hbox (badness 10000) in paragraph at lines 1850--1856

 []



[84]

[85]
Underfull \hbox (badness 10000) in paragraph at lines 1858--1861

 []


Package hyperref Warning: Token not allowed in a PDF string (Unicode):
(hyperref)                removing `math shift' on input line 1862.


Package hyperref Warning: Token not allowed in a PDF string (Unicode):
(hyperref)                removing `math shift' on input line 1862.


Underfull \hbox (badness 10000) in paragraph at lines 1864--1867

 []


Underfull \hbox (badness 10000) in paragraph at lines 1867--1873

 []


Underfull \hbox (badness 10000) in paragraph at lines 1867--1873

 []



[86]
Underfull \hbox (badness 10000) in paragraph at lines 1879--1883

 []


Underfull \hbox (badness 10000) in paragraph at lines 1883--1889

 []


Underfull \hbox (badness 10000) in paragraph at lines 1883--1889

 []


Underfull \hbox (badness 10000) in paragraph at lines 1892--1895

 []



[87]
Underfull \hbox (badness 10000) in paragraph at lines 1913--1917

 []


Underfull \hbox (badness 10000) in paragraph at lines 1921--1925

 []



[88]
Underfull \hbox (badness 10000) in paragraph at lines 1931--1935

 []


Underfull \hbox (badness 10000) in paragraph at lines 1937--1941

 []



[89]
Underfull \hbox (badness 10000) in paragraph at lines 1947--1951

 []


Underfull \hbox (badness 10000) in paragraph at lines 1955--1961

 []


Underfull \hbox (badness 10000) in paragraph at lines 1955--1961

 []



[90]
Underfull \hbox (badness 10000) in paragraph at lines 1969--1973

 []


Underfull \hbox (badness 10000) in paragraph at lines 1980--1984

 []



[91]
Underfull \hbox (badness 10000) in paragraph at lines 1999--2006

 []


Underfull \hbox (badness 10000) in paragraph at lines 1999--2006

 []


Underfull \hbox (badness 10000) in paragraph at lines 1999--2006

 []



[92]
Underfull \hbox (badness 10000) in paragraph at lines 2020--2026

 []


Underfull \hbox (badness 10000) in paragraph at lines 2020--2026

 []


Underfull \hbox (badness 10000) in paragraph at lines 2026--2030

 []



[93]
Underfull \hbox (badness 10000) in paragraph at lines 2032--2036

 []


Underfull \hbox (badness 10000) in paragraph at lines 2042--2050

 []


Underfull \hbox (badness 10000) in paragraph at lines 2042--2050

 []


Underfull \hbox (badness 10000) in paragraph at lines 2042--2050

 []



[94]
Underfull \hbox (badness 10000) in paragraph at lines 2062--2066

 []


Overfull \hbox (1.4174pt too wide) in paragraph at lines 2062--2066
\C70/rm/m/n/10/4f F \C70/rm/m/n/10/66 / \C70/rm/m/n/10/5b É \C70/rm/m/n/10/57 (
 \C70/rm/m/n/10/5f b ^^O \C70/rm/m/n/10/4e 
 \C70/rm/m/n/10/7e Ÿ \C70/rm/m/n/10/4e Ü \C70/rm/m/n/10/62 ^^Q \C70/rm/m/n/10/4
e Ï \C70/rm/m/n/10/54 / \C70/rm/m/n/10/53 —|\C70/rm/m/n/10/ff ^^L| $\OML/cmm/m/
it/10 ^^Z$\C70/rm/m/n/10/66 / \C70/rm/m/n/10/75 ($\OML/cmm/m/it/10  $\C70/rm/m/
n/10/54 å$\OML/cmm/m/it/10  []$\C70/rm/m/n/10/88 h \C70/rm/m/n/10/79 : \C70/rm/
m/n/10/76 Ñ|\C70/rm/m/n/10/ff ^^L| \C70/rm/m/n/10/51 v \C70/rm/m/n/10/7b ó &$[]
\OML/cmm/m/it/10 ^^Z$\C70/rm/m/n/10/5f b ^^O \C70/rm/m/n/10/66 / \C70/rm/m/n/10
/75 ( \C70/rm/m/n/10/76 ¯ \C70/rm/m/n/10/5b ˘ \C70/rm/m/n/10/5e î \C70/rm/m/n/1
0/76 Ñ \C70/rm/m/n/10/4e å \C70/rm/m/n/10/6b ! \C70/rm/m/n/10/91 œ \C70/rm/m/n/
10/5b P \C70/rm/m/n/10/53 ^^V \C70/rm/m/n/10/7b ó &$\OT1/cmr/m/n/10 (-20) ([]\O
ML/cmm/m/it/10  ; [] []\OT1/cmr/m/n/10 (-20) )$\C70/rm/m/n/10/76 Ù
 []


Underfull \hbox (badness 10000) in paragraph at lines 2067--2070

 []



[95
pdfTeX warning (ext4): destination with the same identifier (name{equation.6.3.
17}) has been already used, duplicate ignored
<argument> ...shipout:D \box_use:N \l_shipout_box 
                                                  \__shipout_drop_firstpage_...
l.2074 ..._{c\ 0}^{\ 0}\dd{V}=\int \hat{h}\dd{V}$$
                                                  ]
Underfull \hbox (badness 10000) in paragraph at lines 2088--2092

 []



[96]
Underfull \hbox (badness 10000) in paragraph at lines 2104--2108

 []


Underfull \hbox (badness 10000) in paragraph at lines 2114--2118

 []


Underfull \hbox (badness 10000) in paragraph at lines 2114--2118

 []


Overfull \hbox (7.4732pt too wide) in paragraph at lines 2118--2118
\C70/rm/m/n/10/52 õ \C70/rm/m/n/10/54 å \C70/rm/m/n/10/53 Õ \C70/rm/m/n/10/4f \
 \C70/rm/m/n/10/75 ( \C70/rm/m/n/10/52 õ|\C70/rm/m/n/10/30 ^^B| \C70/rm/m/n/10/
56 ‡ \C70/rm/m/n/10/4e : \C70/rm/m/n/10/57 ( \C70/rm/m/n/10/5f ^^O\T1/cmr/m/n/1
0 (-20) ([]6.3.31[])\C70/rm/m/n/10/4e - \C70/rm/m/n/10/5b ˘ \C70/rm/m/n/10/4e é
 $ \C70/rm/m/n/10/80 ^^E \C70/rm/m/n/10/76 Ñ \C70/rm/m/n/10/65 p \C70/rm/m/n/10
/91 œ \C70/rm/m/n/10/66 / \C70/rm/m/n/10/50 Z \C70/rm/m/n/10/5d Ó \C70/rm/m/n/1
0/80 ^^L \C70/rm/m/n/10/4e ^^M \C70/rm/m/n/10/66 / \C70/rm/m/n/10/6c B \C70/rm/
m/n/10/54 å|\C70/rm/m/n/10/ff ^^L| \C70/rm/m/n/10/6c B \C70/rm/m/n/10/54 å \C70
/rm/m/n/10/5f ^^O \C70/rm/m/n/10/53 Ô \C70/rm/m/n/10/4e Â \C70/rm/m/n/10/53 ¬ \
C70/rm/m/n/10/80 ^^C ˝ \C70/rm/m/n/10/91 œ\T1/cmr/m/n/10 (-20) ([]6.3.27[])|\C7
0/rm/m/n/10/ff ^^L|
 []



[97]
Underfull \hbox (badness 10000) in paragraph at lines 2119--2128

 []


Underfull \hbox (badness 10000) in paragraph at lines 2119--2128

 []


Underfull \hbox (badness 10000) in paragraph at lines 2119--2128

 []


Underfull \hbox (badness 10000) in paragraph at lines 2119--2128

 []


Underfull \hbox (badness 10000) in paragraph at lines 2130--2134

 []



[98]
Underfull \hbox (badness 10000) in paragraph at lines 2142--2146

 []



[99]
Underfull \hbox (badness 10000) in paragraph at lines 2160--2164

 []


Underfull \hbox (badness 10000) in paragraph at lines 2175--2178

 []



[100]
Underfull \hbox (badness 10000) in paragraph at lines 2194--2202

 []


Underfull \hbox (badness 10000) in paragraph at lines 2194--2202

 []


Underfull \hbox (badness 10000) in paragraph at lines 2194--2202

 []



[101]

[102]
Underfull \hbox (badness 10000) in paragraph at lines 2216--2220

 []


Underfull \hbox (badness 10000) in paragraph at lines 2226--2230

 []


Underfull \hbox (badness 10000) in paragraph at lines 2230--2234

 []



[103]
Underfull \hbox (badness 10000) in paragraph at lines 2244--2248

 []



[104]
Underfull \hbox (badness 10000) in paragraph at lines 2260--2266

 []


Underfull \hbox (badness 10000) in paragraph at lines 2260--2266

 []



[105]
Underfull \hbox (badness 10000) in paragraph at lines 2284--2288

 []


Package hyperref Warning: Token not allowed in a PDF string (Unicode):
(hyperref)                removing `math shift' on input line 2291.


Package hyperref Warning: Token not allowed in a PDF string (Unicode):
(hyperref)                removing `math shift' on input line 2291.


Underfull \hbox (badness 10000) in paragraph at lines 2293--2300

 []


Underfull \hbox (badness 10000) in paragraph at lines 2293--2300

 []


Underfull \hbox (badness 10000) in paragraph at lines 2293--2300

 []



[106]
Underfull \hbox (badness 10000) in paragraph at lines 2308--2314

 []


Underfull \hbox (badness 10000) in paragraph at lines 2308--2314

 []


Underfull \hbox (badness 10000) in paragraph at lines 2314--2318

 []


Underfull \hbox (badness 10000) in paragraph at lines 2321--2324

 []



[107]
Underfull \hbox (badness 10000) in paragraph at lines 2332--2336

 []



[108]
Underfull \hbox (badness 10000) in paragraph at lines 2346--2350

 []


Underfull \hbox (badness 10000) in paragraph at lines 2354--2360

 []


Underfull \hbox (badness 10000) in paragraph at lines 2354--2360

 []



[109]
Underfull \hbox (badness 10000) in paragraph at lines 2366--2370

 []



[110]
Underfull \hbox (badness 10000) in paragraph at lines 2390--2394

 []


Underfull \hbox (badness 10000) in paragraph at lines 2406--2412

 []


Underfull \hbox (badness 10000) in paragraph at lines 2406--2412

 []



[111]
Underfull \hbox (badness 10000) in paragraph at lines 2424--2428

 []



[112]
Underfull \hbox (badness 10000) in paragraph at lines 2435--2438

 []


Underfull \hbox (badness 10000) in paragraph at lines 2442--2446

 []


Underfull \hbox (badness 10000) in paragraph at lines 2448--2452

 []



[113]
Underfull \hbox (badness 10000) in paragraph at lines 2458--2462

 []



[114]
Underfull \hbox (badness 10000) in paragraph at lines 2470--2474

 []


Underfull \hbox (badness 10000) in paragraph at lines 2478--2488

 []


Underfull \hbox (badness 10000) in paragraph at lines 2478--2488

 []


Underfull \hbox (badness 10000) in paragraph at lines 2478--2488

 []


Underfull \hbox (badness 10000) in paragraph at lines 2478--2488

 []



[115]
Underfull \hbox (badness 10000) in paragraph at lines 2490--2494

 []


Underfull \hbox (badness 10000) in paragraph at lines 2496--2502

 []


Underfull \hbox (badness 10000) in paragraph at lines 2496--2502

 []


Overfull \hbox (1.58565pt too wide) in paragraph at lines 2502--2504
\C70/rm/m/n/10/6c Ë \C70/rm/m/n/10/61 ^^O \C70/rm/m/n/10/8f Ÿ \C70/rm/m/n/10/91
 Ã \C70/rm/m/n/10/5e v \C70/rm/m/n/10/4e ^^M \C70/rm/m/n/10/66 / \C70/rm/m/n/10
/4e % \C70/rm/m/n/10/68 < \C70/rm/m/n/10/76 Ñ \C70/rm/m/n/10/7b I \C70/rm/m/n/1
0/4e é|\C70/rm/m/n/10/ff ^^L| \C70/rm/m/n/10/56 ‡ \C70/rm/m/n/10/4e :$\OML/cmm/
b/it/10 $$\C70/rm/m/n/10/5e v \C70/rm/m/n/10/4e ^^M \C70/rm/m/n/10/66 / \C70/rm
/m/n/10/77 ^^_ \C70/rm/m/n/10/6b c \C70/rm/m/n/10/76 Ñ \C70/rm/m/n/10/7c í \C70
/rm/m/n/10/5b P \C70/rm/m/n/10/52 ® \C70/rm/m/n/10/91 œ|\C70/rm/m/n/10/ff ^^L| 
\C70/rm/m/n/10/51 w \C70/rm/m/n/10/4f S \C70/rm/m/n/10/76 Ñ \C70/rm/m/n/10/52 ®
 \C70/rm/m/n/10/91 œ \C70/rm/m/n/10/5e î \C70/rm/m/n/10/8b Â \C70/rm/m/n/10/75 
( \C70/rm/m/n/10/6b c \C70/rm/m/n/10/52 ^^Y \C70/rm/m/n/10/80 ˝ \C70/rm/m/n/10/
52 ® \C70/rm/m/n/10/5f   \C70/rm/m/n/10/91 œ \C70/rm/m/n/10/4e Â \C70/rm/m/n/10
/79 Ô \C70/rm/m/n/10/52 ^^F$\OML/cmm/m/it/10 p[] \OT1/cmr/m/n/10 (-20) =
 []



[116]
Underfull \hbox (badness 10000) in paragraph at lines 2517--2521

 []



[117]
Underfull \hbox (badness 10000) in paragraph at lines 2529--2533

 []


Underfull \hbox (badness 10000) in paragraph at lines 2537--2541

 []


Underfull \hbox (badness 10000) in paragraph at lines 2544--2547

 []



[118]
Underfull \hbox (badness 10000) in paragraph at lines 2551--2555

 []


Underfull \hbox (badness 10000) in paragraph at lines 2556--2561

 []


Underfull \hbox (badness 10000) in paragraph at lines 2556--2561

 []


Overfull \hbox (6.84793pt too wide) in paragraph at lines 2556--2561
\C70/rm/m/n/10/73 ∞ \C70/rm/m/n/10/57 ( \C70/rm/m/n/10/62 ^^Q \C70/rm/m/n/10/4e
 Ï \C70/rm/m/n/10/67 e \C70/rm/m/n/10/80 ^^C \C70/rm/m/n/10/86 Q \C70/rm/m/n/10
/67 ^^@ \C70/rm/m/n/10/9a ÿ \C70/rm/m/n/10/81 Í \C70/rm/m/n/10/65 À \C70/rm/m/n
/10/73 ª \C70/rm/m/n/10/82 r \C70/rm/m/n/10/5b P \C70/rm/m/n/10/76 Ñ \C70/rm/m/
n/10/57 :|\C70/rm/m/n/10/30 ^^B| \C70/rm/m/n/10/7c { \C70/rm/m/n/10/4f <\T1/cmr
/m/sl/10 (-20) KG \C70/rm/m/n/10/57 : \C70/rm/m/n/10/54 å\T1/cmr/m/sl/10 (-20) 
Proca\C70/rm/m/n/10/57 :|\C70/rm/m/n/10/ff ^^L| \C70/rm/m/n/10/51 v \C70/rm/m/n
/10/4e ^^M \C70/rm/m/n/10/53 Ô \C70/rm/m/n/10/7e ¶ \C70/rm/m/n/10/5f   \C70/rm/
m/n/10/91 œ \C70/rm/m/n/10/4f M \C70/rm/m/n/10/5f b$\OML/cmm/b/it/10  []$\C70/r
m/m/n/10/53 Ô \C70/rm/m/n/10/4e Â \C70/rm/m/n/10/90 ^^Z \C70/rm/m/n/10/8f « \C7
0/rm/m/n/10/56 € \C70/rm/m/n/10/7e Ù \C70/rm/m/n/10/90 ^^_ \C70/rm/m/n/10/5e ¶$
\OT1/cmr/bx/n/10 (-20) u[]$\C70/rm/m/n/10/62 i
 []



[119]
Underfull \hbox (badness 10000) in paragraph at lines 2575--2579

 []


Underfull \hbox (badness 10000) in paragraph at lines 2583--2588

 []


Underfull \hbox (badness 10000) in paragraph at lines 2583--2588

 []



[120]

[121]
Underfull \hbox (badness 10000) in paragraph at lines 2590--2593

 []


Underfull \hbox (badness 10000) in paragraph at lines 2596--2601

 []


Overfull \hbox (8.17912pt too wide) in paragraph at lines 2596--2601
\C70/rm/m/n/10/4e K \C70/rm/m/n/10/52 M \C70/rm/m/n/10/5d Ú \C70/rm/m/n/10/7e œ
 \C70/rm/m/n/10/63 ^^G \C70/rm/m/n/10/51 ˙|\C70/rm/m/n/10/ff ^^L| \C70/rm/m/n/1
0/7b ,[]\T1/cmr/m/n/10 (-20) 5.4[]\C70/rm/m/n/10/82 Ç \C70/rm/m/n/10/4e - \C70/
rm/m/n/10/7e Ÿ \C70/rm/m/n/10/51 ˙ \C70/rm/m/n/10/76 Ñ \C70/rm/m/n/10/4e 	 \C70
/rm/m/n/10/7e Ù \C70/rm/m/n/10/65 À \C70/rm/m/n/10/91 œ \C70/rm/m/n/10/76 Ñ \C7
0/rm/m/n/10/57 ˙ \C70/rm/m/n/10/67 , \C70/rm/m/n/10/74 ^^F \C70/rm/m/n/10/8b ∫ 
\C70/rm/m/n/10/66 / \C70/rm/m/n/10/4e 	 \C70/rm/m/n/10/7e Ù \C70/rm/m/n/10/65 À
 \C70/rm/m/n/10/8f l \C70/rm/m/n/10/7f § \C70/rm/m/n/10/76 Ñ \C70/rm/m/n/10/4e 
^^M \C70/rm/m/n/10/53 Ô \C70/rm/m/n/10/7e ¶ \C70/rm/m/n/10/88 h \C70/rm/m/n/10/
79 :|\C70/rm/m/n/10/ff ^^L| \C70/rm/m/n/10/80 ^^L \C70/rm/m/n/10/56 € \C70/rm/m
/n/10/7e Ù \C70/rm/m/n/10/65 À \C70/rm/m/n/10/91 œ \C70/rm/m/n/10/5b ˘ \C70/rm/
m/n/10/5e î\T1/cmr/m/sl/10 (-20) Lorentz
 []


Underfull \hbox (badness 10000) in paragraph at lines 2596--2601

 []


Underfull \hbox (badness 10000) in paragraph at lines 2607--2611

 []



[122]
Underfull \hbox (badness 10000) in paragraph at lines 2611--2615

 []


Underfull \hbox (badness 10000) in paragraph at lines 2615--2619

 []


Underfull \hbox (badness 10000) in paragraph at lines 2621--2625

 []


Underfull \hbox (badness 10000) in paragraph at lines 2629--2633

 []



[123]
Underfull \hbox (badness 10000) in paragraph at lines 2641--2647

 []


Underfull \hbox (badness 10000) in paragraph at lines 2641--2647

 []



[124]
Underfull \hbox (badness 10000) in paragraph at lines 2649--2655

 []


Underfull \hbox (badness 10000) in paragraph at lines 2649--2655

 []


Underfull \hbox (badness 10000) in paragraph at lines 2659--2663

 []


Underfull \hbox (badness 10000) in paragraph at lines 2663--2669

 []


Underfull \hbox (badness 10000) in paragraph at lines 2663--2669

 []



[125]
Underfull \hbox (badness 10000) in paragraph at lines 2672--2675

 []



[126]
Underfull \hbox (badness 10000) in paragraph at lines 2697--2701

 []



[127]
Underfull \hbox (badness 10000) in paragraph at lines 2725--2729

 []



[128]
Underfull \hbox (badness 10000) in paragraph at lines 2749--2753

 []



[129]
Underfull \hbox (badness 10000) in paragraph at lines 2761--2765

 []


Underfull \hbox (badness 10000) in paragraph at lines 2765--2769

 []



[130]

Package hyperref Warning: Token not allowed in a PDF string (Unicode):
(hyperref)                removing `math shift' on input line 2782.


Package hyperref Warning: Token not allowed in a PDF string (Unicode):
(hyperref)                removing `math shift' on input line 2782.


Underfull \hbox (badness 10000) in paragraph at lines 2784--2787

 []


Underfull \hbox (badness 10000) in paragraph at lines 2787--2793

 []


Underfull \hbox (badness 10000) in paragraph at lines 2787--2793

 []



[131]
Underfull \hbox (badness 10000) in paragraph at lines 2799--2807

 []


Underfull \hbox (badness 10000) in paragraph at lines 2799--2807

 []


Underfull \hbox (badness 10000) in paragraph at lines 2799--2807

 []



[132]
Underfull \hbox (badness 10000) in paragraph at lines 2823--2827

 []


Underfull \hbox (badness 10000) in paragraph at lines 2833--2837

 []



[133]
Underfull \hbox (badness 10000) in paragraph at lines 2849--2853

 []


Underfull \hbox (badness 10000) in paragraph at lines 2865--2869

 []



[134]
Underfull \hbox (badness 10000) in paragraph at lines 2877--2881

 []



[135]
Underfull \hbox (badness 10000) in paragraph at lines 2891--2895

 []



[136]
Underfull \hbox (badness 10000) in paragraph at lines 2919--2923

 []


Underfull \hbox (badness 10000) in paragraph at lines 2923--2927

 []


Underfull \hbox (badness 10000) in paragraph at lines 2933--2937

 []



[137]
Underfull \hbox (badness 10000) in paragraph at lines 2949--2953

 []



[138]
Underfull \hbox (badness 10000) in paragraph at lines 2957--2963

 []


Underfull \hbox (badness 10000) in paragraph at lines 2957--2963

 []


Underfull \hbox (badness 10000) in paragraph at lines 2969--2973

 []



[139]
Underfull \hbox (badness 10000) in paragraph at lines 2979--2983

 []


Underfull \hbox (badness 10000) in paragraph at lines 2979--2983

 []


Underfull \hbox (badness 10000) in paragraph at lines 2986--2999

 []


Underfull \hbox (badness 10000) in paragraph at lines 2986--2999

 []


Underfull \hbox (badness 10000) in paragraph at lines 2986--2999

 []


Overfull \hbox (4.46172pt too wide) in paragraph at lines 2986--2999
\C70/rm/m/n/10/4e ^^@ \C70/rm/m/n/10/69 Ç \C70/rm/m/n/10/5f ı \C70/rm/m/n/10/4e
 : \C70/zhhei/m/n/10/53 Õ \C70/rm/bx/n/10/7c í \C70/rm/bx/n/10/5b P|\C70/rm/m/n
/10/ff ^^L| \C70/rm/m/n/10/4e Œ \C70/rm/m/n/10/80 ^^L \C70/rm/m/n/10/8b ﬁ \C70/
rm/m/n/10/75 ^^_ \C70/rm/m/n/10/4e Ü ß \C70/rm/m/n/10/75 ^^_ |\C70/rm/m/n/10/20
 ^^T| \C70/rm/m/n/10/6e n \C70/rm/m/n/10/70 m \C70/rm/m/n/10/69 Ç \C70/rm/m/n/1
0/5f ı|\C70/rm/m/n/10/ff ^^L| \C70/rm/m/n/10/8f Ÿ \C70/rm/m/n/10/54 å \C70/rm/m
/n/10/62 ^^Q \C70/rm/m/n/10/4e Ï \C70/rm/m/n/10/57 (\T1/cmr/m/sl/10 (-20) KG \C
70/rm/m/n/10/57 : \C70/rm/m/n/10/4e - \C70/rm/m/n/10/76 Ñ \C70/rm/m/n/10/52 ^^F
 \C70/rm/m/n/10/67 ê \C70/rm/m/n/10/8f « \C70/rm/m/n/10/7a  \C70/rm/m/n/10/66 
/ \C70/rm/m/n/10/4e ^^@ \C70/rm/m/n/10/81 Ù \C70/rm/m/n/10/76 Ñ|\C70/rm/m/n/10/
30 ^^B| \C70/rm/m/n/10/96 è \C70/rm/m/n/10/54 ^^N\T1/cmr/m/n/10 (-20) 1932\C70/
rm/m/n/10/5e t\T1/cmr/m/sl/10 (-20) Carl
 []


Underfull \hbox (badness 10000) in paragraph at lines 2986--2999

 []


Underfull \hbox (badness 10000) in paragraph at lines 2986--2999

 []


Underfull \hbox (badness 10000) in paragraph at lines 2986--2999

 []



[140]
Underfull \hbox (badness 10000) in paragraph at lines 3003--3007

 []



[141]
Underfull \hbox (badness 10000) in paragraph at lines 3025--3029

 []



[142]
Underfull \hbox (badness 10000) in paragraph at lines 3035--3041

 []


Underfull \hbox (badness 10000) in paragraph at lines 3035--3041

 []



[143]
Underfull \hbox (badness 10000) in paragraph at lines 3055--3059

 []



[144]
Underfull \hbox (badness 10000) in paragraph at lines 3075--3079

 []



[145]
Underfull \hbox (badness 10000) in paragraph at lines 3099--3103

 []


Overfull \hbox (0.9257pt too wide) in paragraph at lines 3105--3107
\C70/rm/m/n/10/8f Ÿ \C70/rm/m/n/10/91 Ã \C70/rm/m/n/10/8b ° \C70/rm/m/n/10/7b ó
 \C70/rm/m/n/10/7e ∆ \C70/rm/m/n/10/82 Ç \C70/rm/m/n/10/5c 1 \C70/rm/m/n/10/4e 
^^M \C70/rm/m/n/10/5c U \C70/rm/m/n/10/79 : \C70/rm/m/n/10/4e Ü|\C70/rm/m/n/10/
ff ^^L| \C70/rm/m/n/10/62 ^^Q \C70/rm/m/n/10/4e Ï \C70/rm/m/n/10/51 v \C70/rm/m
/n/10/5b û \C70/rm/m/n/10/53 Ô \C70/rm/m/n/10/4e Â \C70/rm/m/n/10/68 9 \C70/rm/
m/n/10/63 n \C70/rm/m/n/10/4e 
 \C70/rm/m/n/10/65 á \C70/rm/m/n/10/4e - \C70/rm/m/n/10/5d Ú \C70/rm/m/n/10/67 
	 \C70/rm/m/n/10/76 Ñ \C70/rm/m/n/10/7e ” \C70/rm/m/n/10/8b ∫ \C70/rm/m/n/10/8f
 € \C70/rm/m/n/10/88 L \C70/rm/m/n/10/7b Ä \C70/rm/m/n/10/53 U \C70/rm/m/n/10/7
6 Ñ \C70/rm/m/n/10/63 ® \C70/rm/m/n/10/74 ^^F|\C70/rm/m/n/10/ff ^^Z| \C70/rm/m/
n/10/54 å\T1/cmr/m/sl/10 (-20) KG \C70/rm/m/n/10/57 : \C70/rm/m/n/10/5b ˘ \C70/
rm/m/n/10/6b ‘|\C70/rm/m/n/10/ff ^^L| \T1/cmr/m/sl/10 (-20) Dirac\C70/rm/m/n/10
/57 :
 []


Underfull \hbox (badness 10000) in paragraph at lines 3109--3113

 []


Underfull \hbox (badness 10000) in paragraph at lines 3115--3118

 []



[146]
Underfull \hbox (badness 10000) in paragraph at lines 3120--3124

 []


Underfull \hbox (badness 10000) in paragraph at lines 3126--3129

 []



[147]
Underfull \hbox (badness 10000) in paragraph at lines 3149--3153

 []



[148]
Underfull \hbox (badness 10000) in paragraph at lines 3159--3163

 []


Underfull \hbox (badness 10000) in paragraph at lines 3173--3177

 []



[149]
Underfull \hbox (badness 10000) in paragraph at lines 3180--3183

 []


Underfull \hbox (badness 10000) in paragraph at lines 3191--3199

 []


Underfull \hbox (badness 10000) in paragraph at lines 3191--3199

 []


Underfull \hbox (badness 10000) in paragraph at lines 3191--3199

 []



[150]
Underfull \hbox (badness 10000) in paragraph at lines 3201--3205

 []



[151]
Underfull \hbox (badness 10000) in paragraph at lines 3233--3237

 []



[152]
Underfull \hbox (badness 10000) in paragraph at lines 3253--3257

 []



[153]
Underfull \hbox (badness 10000) in paragraph at lines 3269--3273

 []


Underfull \hbox (badness 10000) in paragraph at lines 3279--3283

 []



[154]
Underfull \hbox (badness 10000) in paragraph at lines 3304--3307

 []



[155]
Underfull \hbox (badness 10000) in paragraph at lines 3309--3313

 []



[156]
Underfull \hbox (badness 10000) in paragraph at lines 3341--3345

 []



[157]
Underfull \hbox (badness 10000) in paragraph at lines 3359--3363

 []



[158]
Underfull \hbox (badness 10000) in paragraph at lines 3383--3387

 []



[159]
Underfull \hbox (badness 10000) in paragraph at lines 3402--3406

 []



[160]
Underfull \hbox (badness 10000) in paragraph at lines 3422--3426

 []



[161]
Underfull \hbox (badness 10000) in paragraph at lines 3442--3446

 []


Underfull \hbox (badness 10000) in paragraph at lines 3452--3458

 []


Underfull \hbox (badness 10000) in paragraph at lines 3452--3458

 []



[162]
Underfull \hbox (badness 10000) in paragraph at lines 3460--3464

 []


Package hyperref Warning: Token not allowed in a PDF string (Unicode):
(hyperref)                removing `math shift' on input line 3469.


Package hyperref Warning: Token not allowed in a PDF string (Unicode):
(hyperref)                removing `math shift' on input line 3469.


Underfull \hbox (badness 10000) in paragraph at lines 3471--3474

 []



[163]
Overfull \hbox (5.78539pt too wide) in paragraph at lines 3482--3484
\C70/rm/m/n/10/4e é \C70/rm/m/n/10/66 / \C70/rm/m/n/10/57 ( \C70/rm/m/n/10/63 ®
 \C70/rm/m/n/10/5e ^^? \C70/rm/m/n/10/81 Û \C70/rm/m/n/10/56 € \C70/rm/m/n/10/7
e Ù \C70/rm/m/n/10/54 ^^N \C70/rm/m/n/10/62 ^^Q \C70/rm/m/n/10/4e Ï \C70/rm/m/n
/10/5f ó \C70/rm/m/n/10/52 0$\OML/cmm/m/it/10 s \OT1/cmr/m/n/10 (-20) = []$\C70
/rm/m/n/10/76 Ñ \C70/rm/m/n/10/8d 9 \C70/rm/m/n/10/7c s \C70/rm/m/n/10/5b P \C7
0/rm/m/n/10/76 Ñ \C70/rm/m/n/10/4e $ \C70/rm/m/n/10/7c { \C70/rm/m/n/10/4e 	 \C
70/rm/m/n/10/79 È \C70/rm/m/n/10/65 À \C70/rm/m/n/10/91 œ \C70/rm/m/n/10/4e :$[
]$|\C70/rm/m/n/10/ff ^^L| \C70/rm/m/n/10/97 Y \C70/rm/m/n/10/60 ^^A \C70/rm/m/n
/10/65 π \C70/rm/m/n/10/7a  \C70/rm/m/n/10/5e î \C70/rm/m/n/10/8b Â \C70/rm/m/
n/10/75 1 \C70/rm/m/n/10/5f ^^O\T1/cmr/m/n/10 (-20) ([]7.8.1[])\C70/rm/m/n/10/6
3 ®
 []


Underfull \hbox (badness 10000) in paragraph at lines 3492--3496

 []



[164]
Underfull \hbox (badness 10000) in paragraph at lines 3514--3518

 []



[165]

[166]
Overfull \hbox (4.8349pt too wide) in paragraph at lines 3540--3544
\C70/rm/m/n/10/6c Ë \C70/rm/m/n/10/61 ^^O \C70/rm/m/n/10/52 0 \C70/rm/m/n/10/8f
 Ÿ \C70/rm/m/n/10/91 Ã\T1/cmr/m/sl/10 (-20) ST \C70/rm/m/n/10/57 : \C70/rm/m/n/
10/76 Ñ \C70/rm/m/n/10/83 w \C70/rm/m/n/10/4e ^^N\T1/cmr/m/sl/10 (-20) Dirac \C
70/rm/m/n/10/57 : \C70/rm/m/n/10/76 Ñ \C70/rm/m/n/10/83 w \C70/rm/m/n/10/57 ( \
C70/rm/m/n/10/5f b ^^O \C70/rm/m/n/10/4e 
 \C70/rm/m/n/10/66 / \C70/rm/m/n/10/4e ^^@ \C70/rm/m/n/10/68 7 \C70/rm/m/n/10/7
6 Ñ|\C70/rm/m/n/10/ff ^^L| \C70/rm/m/n/10/4e _ \C70/rm/m/n/10/5c 1 \C70/rm/m/n/
10/66 / \C70/rm/m/n/10/8b Ù \C70/rm/m/n/10/5b É \C70/rm/m/n/10/66 / \C70/rm/m/n
/10/67 	 \C70/rm/m/n/10/5b û \C70/rm/m/n/10/96 E \C70/rm/m/n/10/72 i \C70/rm/m/
n/10/74 ^^F \C70/rm/m/n/10/61 ^^O \C70/rm/m/n/10/4e I \C70/rm/m/n/10/76 Ñ|\C70/
rm/m/n/10/ff ^^L| \C70/rm/m/n/10/5e v \C70/rm/m/n/10/97 ^ \C70/rm/m/n/10/54 å\T
1/cmr/m/sl/10 (-20) Proca\C70/rm/m/n/10/57 :
 []


Underfull \hbox (badness 10000) in paragraph at lines 3540--3544

 []


Underfull \hbox (badness 10000) in paragraph at lines 3548--3552

 []



[167]

Package hyperref Warning: Token not allowed in a PDF string (Unicode):
(hyperref)                removing `math shift' on input line 3556.


Package hyperref Warning: Token not allowed in a PDF string (Unicode):
(hyperref)                removing `math shift' on input line 3556.


Underfull \hbox (badness 10000) in paragraph at lines 3558--3561

 []


Underfull \hbox (badness 10000) in paragraph at lines 3562--3569

 []


Underfull \hbox (badness 10000) in paragraph at lines 3562--3569

 []


Underfull \hbox (badness 10000) in paragraph at lines 3562--3569

 []



[168]
Underfull \hbox (badness 10000) in paragraph at lines 3573--3577

 []


Underfull \hbox (badness 10000) in paragraph at lines 3593--3597

 []


Underfull \hbox (badness 10000) in paragraph at lines 3600--3602

 []



[169]

[170]
Underfull \hbox (badness 10000) in paragraph at lines 3604--3607

 []


Underfull \hbox (badness 10000) in paragraph at lines 3610--3613

 []



[171]
Underfull \hbox (badness 10000) in paragraph at lines 3635--3639

 []



[172]
Underfull \hbox (badness 10000) in paragraph at lines 3651--3655

 []


Underfull \hbox (badness 10000) in paragraph at lines 3661--3665

 []



[173]
Underfull \hbox (badness 10000) in paragraph at lines 3675--3679

 []



[174]
Underfull \hbox (badness 10000) in paragraph at lines 3697--3701

 []


Underfull \hbox (badness 10000) in paragraph at lines 3705--3709

 []



[175]
Overfull \hbox (10.69354pt too wide) in paragraph at lines 3715--3717
\C70/rm/m/n/10/76 Ñ$[][]$\C70/rm/m/n/10/66 / \C70/rm/m/n/10/4e Œ$[][]$\C70/rm/m
/n/10/62 i \C70/rm/m/n/10/5f   \C70/rm/m/n/10/80 ^^L \C70/rm/m/n/10/67 e \C70/r
m/m/n/10/76 Ñ|\C70/rm/m/n/10/ff ^^L| \C70/rm/m/n/10/80 ^^L$[][]$\C70/rm/m/n/10/
5b ˘ \C70/rm/m/n/10/5e î \C70/rm/m/n/10/76 Ñ \C70/rm/m/n/10/70 Ì \C70/rm/m/n/10
/52 õ \C70/rm/m/n/10/5b f \C70/rm/m/n/10/51 ˝ \C70/rm/m/n/10/65 p \C70/rm/m/n/1
0/66 / \C70/rm/m/n/10/81 Í \C70/rm/m/n/10/75 1 \C70/rm/m/n/10/80 ˝$\OML/cmm/m/i
t/10 F\OT1/cmr/m/n/10 (-20) ([][])$|\C70/rm/m/n/10/ff ^^L| \C70/rm/m/n/10/4e é 
\C70/rm/m/n/10/66 / \C70/rm/m/n/10/5b ˘ \C70/rm/m/n/10/63 b$\OML/cmm/m/it/10 n$
\C70/rm/m/n/10/54 å$\OML/cmm/m/it/10 ^^V$\C70/rm/m/n/10/7e Ÿ \C70/rm/m/n/10/51 
˙ \C70/rm/m/n/10/6b Õ \C70/rm/m/n/10/51 ˝ \C70/rm/m/n/10/65 p$\OML/cmm/m/it/10 
f[] \OT1/cmr/m/n/10 (-20) = \OMS/cmsy/m/n/10 ^^@\OML/cmm/m/it/10 n[]^^V[]$|\C70
/rm/m/n/10/ff ^^L|
 []


Underfull \hbox (badness 10000) in paragraph at lines 3721--3725

 []



[176]

[177]
Underfull \hbox (badness 10000) in paragraph at lines 3755--3759

 []


Underfull \hbox (badness 10000) in paragraph at lines 3763--3767

 []


Underfull \hbox (badness 10000) in paragraph at lines 3768--3771

 []


Underfull \hbox (badness 10000) in paragraph at lines 3773--3775

 []



[178]

Package caption Warning: The option `hypcap=true' will be ignored for this
(caption)                particular \caption on input line 3775.
See the caption package documentation for explanation.


Overfull \hbox (96.04994pt too wide) in paragraph at lines 3775--3775
 [] 
 []



[179]
Underfull \hbox (badness 10000) in paragraph at lines 3793--3797

 []


Underfull \hbox (badness 10000) in paragraph at lines 3799--3802

 []


Underfull \hbox (badness 10000) in paragraph at lines 3804--3812

 []


Underfull \hbox (badness 10000) in paragraph at lines 3804--3812

 []


Underfull \hbox (badness 10000) in paragraph at lines 3804--3812

 []



[180]
Underfull \hbox (badness 10000) in paragraph at lines 3813--3816

 []


Underfull \hbox (badness 10000) in paragraph at lines 3816--3820

 []


Underfull \hbox (badness 10000) in paragraph at lines 3826--3830

 []



[181]

[182]
Underfull \hbox (badness 10000) in paragraph at lines 3856--3860

 []



[183]
Underfull \hbox (badness 10000) in paragraph at lines 3874--3878

 []


Underfull \hbox (badness 10000) in paragraph at lines 3886--3890

 []



[184]
Underfull \hbox (badness 10000) in paragraph at lines 3911--3916

 []


Underfull \hbox (badness 10000) in paragraph at lines 3911--3916

 []



[185]
Underfull \hbox (badness 10000) in paragraph at lines 3928--3932

 []



[186]
Underfull \hbox (badness 10000) in paragraph at lines 3944--3948

 []



[187]
Underfull \hbox (badness 10000) in paragraph at lines 3970--3974

 []



[188]
Underfull \hbox (badness 10000) in paragraph at lines 3992--3996

 []



[189]

[190]
Underfull \hbox (badness 10000) in paragraph at lines 4012--4016

 []


Package caption Warning: The option `hypcap=true' will be ignored for this
(caption)                particular \caption on input line 4026.
See the caption package documentation for explanation.



[191]
Underfull \hbox (badness 10000) in paragraph at lines 4028--4032

 []


Underfull \hbox (badness 10000) in paragraph at lines 4048--4052

 []



[192]
Underfull \hbox (badness 10000) in paragraph at lines 4076--4080

 []



[193]

[194]
Underfull \hbox (badness 10000) in paragraph at lines 4098--4102

 []


Underfull \hbox (badness 10000) in paragraph at lines 4110--4114

 []



[195]
Underfull \hbox (badness 10000) in paragraph at lines 4130--4134

 []



[196]
Underfull \hbox (badness 10000) in paragraph at lines 4144--4148

 []



[197]
Underfull \hbox (badness 10000) in paragraph at lines 4164--4168

 []



[198]
Underfull \hbox (badness 10000) in paragraph at lines 4184--4188

 []



[199]
Underfull \hbox (badness 10000) in paragraph at lines 4200--4204

 []


Underfull \hbox (badness 10000) in paragraph at lines 4212--4216

 []



[200]
Underfull \hbox (badness 10000) in paragraph at lines 4226--4230

 []



[201]
Underfull \hbox (badness 10000) in paragraph at lines 4244--4248

 []


Underfull \hbox (badness 10000) in paragraph at lines 4260--4264

 []



[202]
Underfull \hbox (badness 10000) in paragraph at lines 4286--4290

 []



[203]
Underfull \hbox (badness 10000) in paragraph at lines 4298--4302

 []


Underfull \hbox (badness 10000) in paragraph at lines 4306--4310

 []



[204]
Underfull \hbox (badness 10000) in paragraph at lines 4322--4326

 []



[205]
Overfull \hbox (3.57852pt too wide) in paragraph at lines 4336--4338
\C70/rm/m/n/10/8f Ÿ \C70/rm/m/n/10/88 ´ \C70/rm/m/n/10/79  \C70/rm/m/n/10/4e :
\T1/cmr/bx/sl/10 (-20) Kirchhoff \C70/zhhei/m/n/10/5b ö \C70/zhhei/m/n/10/5f ã|
\C70/rm/m/n/10/ff ^^L| \C70/rm/m/n/10/4e _ \C70/rm/m/n/10/5c 1 \C70/rm/m/n/10/6
6 / \C70/rm/m/n/10/8b Ù \C70/rm/m/n/10/54 8 \C70/rm/m/n/10/65 6 \C70/rm/m/n/10/
6b ‘$[] \OMS/cmsy/m/n/10 / \OML/cmm/m/it/10 f\OT1/cmr/m/n/10 (-20) (\OML/cmm/m/
it/10 !; ^^R\OT1/cmr/m/n/10 (-20) )$|\C70/rm/m/n/10/30 ^^B| \C70/rm/m/n/10/8f Ÿ
 \C70/rm/m/n/10/51 v \C70/rm/m/n/10/5b û \C70/rm/m/n/10/54 å \C70/rm/m/n/10/4e 
å \C70/rm/m/n/10/6b ! \C70/rm/m/n/10/91 œ \C70/rm/m/n/10/5b P \C70/rm/m/n/10/53
 ^^V \C70/rm/m/n/10/66 / \C70/rm/m/n/10/76 Ù \C70/rm/m/n/10/63 • \C70/rm/m/n/10
/51 s \C70/rm/m/n/10/80 T \C70/rm/m/n/10/76 Ñ|\C70/rm/m/n/10/ff ^^L| \T1/cmr/m/
sl/10 (-20) Kirchhoff\C70/rm/m/n/10/5b ö
 []


Underfull \hbox (badness 10000) in paragraph at lines 4340--4344

 []



[206]
Underfull \hbox (badness 10000) in paragraph at lines 4358--4362

 []



[207]
Underfull \hbox (badness 10000) in paragraph at lines 4366--4373

 []


Underfull \hbox (badness 10000) in paragraph at lines 4366--4373

 []


Underfull \hbox (badness 10000) in paragraph at lines 4366--4373

 []


Underfull \hbox (badness 10000) in paragraph at lines 4375--4381

 []


Underfull \hbox (badness 10000) in paragraph at lines 4382--4387

 []


Underfull \hbox (badness 10000) in paragraph at lines 4382--4387

 []



[208]
Underfull \hbox (badness 10000) in paragraph at lines 4388--4391

 []


Overfull \hbox (2.56982pt too wide) in paragraph at lines 4395--4395
[]\C70/rm/m/n/10/75 1 \C70/rm/m/n/10/54 ^^D \C70/rm/m/n/10/68 < \C70/rm/m/n/10/
70 π \C70/rm/m/n/10/59 ^^D \C70/rm/m/n/10/76 Ñ \C70/rm/m/n/10/75 5 \C70/rm/m/n/
10/5b P \C70/rm/m/n/10/81 Í \C70/rm/m/n/10/65 À \C70/rm/m/n/10/78 ¡ \C70/rm/m/n
/10/77 È \C70/rm/m/n/10/76 Ñ \C70/rm/m/n/10/60 ; \C70/rm/m/n/10/8b Ò \C70/rm/m/
n/10/5b ¸ \C70/rm/m/n/10/78 ¡ \C70/rm/m/n/10/57 : \C70/rm/m/n/10/7e Ÿ \C70/rm/m
/n/10/51 ˙ \C70/rm/m/n/10/76 Ñ \C70/rm/m/n/10/80 ˝ \C70/rm/m/n/10/91 œ|\C70/rm/
m/n/10/ff ^^L| \C70/rm/m/n/10/57 ( \C70/rm/m/n/10/7b ,$\OML/cmm/m/it/10 i$\C70/
rm/m/n/10/4e * \C70/rm/m/n/10/68 < \C70/rm/m/n/10/70 π \C70/rm/m/n/10/59 ^^D \C
70/rm/m/n/10/8b ∞ \C70/rm/m/n/10/4e :$\OMS/cmsy/m/n/10 H[]$|\C70/rm/m/n/10/30 ^
^B| \C70/rm/m/n/10/62 ^^Q \C70/rm/m/n/10/4e Ï \C70/rm/m/n/10/53 Ô \C70/rm/m/n/1
0/4e Â \C70/rm/m/n/10/5c ^^F \C70/rm/m/n/10/57 ( \C70/rm/m/n/10/7b ,$\OML/cmm/m
/it/10 i$\C70/rm/m/n/10/4e *
 []



[209]
Underfull \hbox (badness 10000) in paragraph at lines 4397--4401

 []


Package caption Warning: The option `hypcap=true' will be ignored for this
(caption)                particular \caption on input line 4407.
See the caption package documentation for explanation.



[210]
Underfull \hbox (badness 10000) in paragraph at lines 4415--4419

 []



[211]

[212]
Underfull \hbox (badness 10000) in paragraph at lines 4449--4455

 []


Underfull \hbox (badness 10000) in paragraph at lines 4449--4455

 []



[213]

Package caption Warning: The option `hypcap=true' will be ignored for this
(caption)                particular \caption on input line 4469.
See the caption package documentation for explanation.


Underfull \hbox (badness 10000) in paragraph at lines 4470--4473

 []



[214]

Package caption Warning: The option `hypcap=true' will be ignored for this
(caption)                particular \caption on input line 4501.
See the caption package documentation for explanation.



[215]
Underfull \hbox (badness 10000) in paragraph at lines 4504--4507

 []



[216]

Package caption Warning: The option `hypcap=true' will be ignored for this
(caption)                particular \caption on input line 4513.
See the caption package documentation for explanation.


Overfull \hbox (1.5999pt too wide) in paragraph at lines 4520--4524
\C70/rm/m/n/10/6c Ë \C70/rm/m/n/10/61 ^^O \C70/rm/m/n/10/62 ^^Q \C70/rm/m/n/10/
4e Ï \C70/rm/m/n/10/8f Ÿ \C70/rm/m/n/10/91 Ã \C70/rm/m/n/10/5f : \C70/rm/m/n/10
/8c ^^C \C70/rm/m/n/10/4e å \C70/rm/m/n/10/7e Ù \C70/rm/m/n/10/6a ! \C70/rm/m/n
/10/57 ã|\C70/rm/m/n/10/ff ^^L| \C70/rm/m/n/10/4e ^^@ \C70/rm/m/n/10/7e Ù \C70/
rm/m/n/10/76 Ñ\T1/cmr/m/sl/10 (-20) Ising \C70/rm/m/n/10/6a ! \C70/rm/m/n/10/57
 ã \C70/rm/m/n/10/75 1 \C70/rm/m/n/10/51 v \C70/rm/m/n/10/67 , \C70/rm/m/n/10/4
e ∫ \C70/rm/m/n/10/57 (\T1/cmr/m/n/10 (-20) 1924\C70/rm/m/n/10/5e t \C70/rm/m/n
/10/8b ¡ \C70/rm/m/n/10/66 ^^N \C70/rm/m/n/10/4e Ü ^^M \C70/rm/m/n/10/4f ^^Z \C
70/rm/m/n/10/4e ß \C70/rm/m/n/10/75 ^^_ \C70/rm/m/n/10/76 ¯ \C70/rm/m/n/10/53 ÿ
\T1/cmr/m/n/10 (-20) (Ernst Ising|\C70/rm/m/n/10/ff ^^L| \T1/cmr/m/n/10 (-20) 1
924)|\C70/rm/m/n/10/ff ^^L|
 []


Underfull \hbox (badness 10000) in paragraph at lines 4520--4524

 []



[217]
Underfull \hbox (badness 10000) in paragraph at lines 4532--4536

 []


Package caption Warning: The option `hypcap=true' will be ignored for this
(caption)                particular \caption on input line 4542.
See the caption package documentation for explanation.


Package caption Warning: The option `hypcap=true' will be ignored for this
(caption)                particular \caption on input line 4542.
See the caption package documentation for explanation.



[218]

Package caption Warning: The option `hypcap=true' will be ignored for this
(caption)                particular \caption on input line 4550.
See the caption package documentation for explanation.


Package caption Warning: The option `hypcap=true' will be ignored for this
(caption)                particular \caption on input line 4550.
See the caption package documentation for explanation.



[219]

[220]
Underfull \hbox (badness 10000) in paragraph at lines 4575--4579

 []


Underfull \hbox (badness 10000) in paragraph at lines 4582--4585

 []


Underfull \hbox (badness 10000) in paragraph at lines 4586--4589

 []



[221]
Underfull \hbox (badness 10000) in paragraph at lines 4601--4605

 []



[222]
Underfull \hbox (badness 10000) in paragraph at lines 4615--4619

 []



[223]
Underfull \hbox (badness 10000) in paragraph at lines 4635--4639

 []


Package caption Warning: The option `hypcap=true' will be ignored for this
(caption)                particular \caption on input line 4645.
See the caption package documentation for explanation.


Package caption Warning: The option `hypcap=true' will be ignored for this
(caption)                particular \caption on input line 4645.
See the caption package documentation for explanation.



[224]
Underfull \hbox (badness 10000) in paragraph at lines 4653--4657

 []


Package caption Warning: The option `hypcap=true' will be ignored for this
(caption)                particular \caption on input line 4657.
See the caption package documentation for explanation.



[225]

Package caption Warning: The option `hypcap=true' will be ignored for this
(caption)                particular \caption on input line 4661.
See the caption package documentation for explanation.


Package caption Warning: The option `hypcap=true' will be ignored for this
(caption)                particular \caption on input line 4661.
See the caption package documentation for explanation.


Overfull \hbox (0.8348pt too wide) in paragraph at lines 4662--4663
\C70/rm/m/n/10/54 ^^L \C70/rm/m/n/10/76 Ñ \C70/rm/m/n/10/7a 3 \C70/rm/m/n/10/60
 ^^A \C70/rm/m/n/10/53 : \C70/rm/m/n/10/95 Ù|\C70/rm/m/n/10/ff ^^L| $\OML/cmm/m
/it/10 BB[]$\C70/rm/m/n/10/66 / \C70/rm/m/n/10/97 ^ \C70/rm/m/n/10/7a 3 \C70/rm
/m/n/10/60 ^^A|\C70/rm/m/n/10/ff ^^L| $\OML/cmm/m/it/10 AB$\C70/rm/m/n/10/54 å$
\OML/cmm/m/it/10 A[]B[]$\C70/rm/m/n/10/66 / \C70/rm/m/n/10/4e ö \C70/rm/m/n/10/
7a 3 \C70/rm/m/n/10/60 ^^A|\C70/rm/m/n/10/ff ^^L| $\OML/cmm/m/it/10 AC$\C70/rm/
m/n/10/54 å$\OML/cmm/m/it/10 A[]C[]$\C70/rm/m/n/10/66 / \C70/rm/m/n/10/7a 3 \C7
0/rm/m/n/10/60 ^^A|\C70/rm/m/n/10/30 ^^B| \C70/rm/m/n/10/75 1 \C70/rm/m/n/10/4e
 é \C70/rm/m/n/10/97 ^ \C70/rm/m/n/10/7a 3 \C70/rm/m/n/10/60 ^^A \C70/rm/m/n/10
/4e ^^M \C70/rm/m/n/10/53 Ô ÷|\C70/rm/m/n/10/ff ^^L| \C70/rm/m/n/10/62 @ \C70/r
m/m/n/10/4e Â$\OML/cmm/m/it/10 BB[]$\C70/rm/m/n/10/66 /
 []



[226]
Underfull \hbox (badness 10000) in paragraph at lines 4671--4675

 []


Underfull \hbox (badness 10000) in paragraph at lines 4685--4691

 []



[227]
Underfull \hbox (badness 10000) in paragraph at lines 4709--4713

 []



[228]
Underfull \hbox (badness 10000) in paragraph at lines 4715--4719

 []


Underfull \hbox (badness 10000) in paragraph at lines 4724--4727

 []


Overfull \hbox (0.57521pt too wide) in paragraph at lines 4724--4727
\C70/rm/m/n/10/75 1 \C70/rm/m/n/10/4e é \C70/rm/m/n/10/57 ( \C70/rm/m/n/10/5b è
 \C70/rm/m/n/10/89 ¬ \C70/rm/m/n/10/74 ^^F \C70/rm/m/n/10/8b ∫ \C70/rm/m/n/10/4
e - \C70/rm/m/n/10/5e v \C70/rm/m/n/10/67 * \C70/rm/m/n/10/6d â \C70/rm/m/n/10/
53   \C70/rm/m/n/10/7c í \C70/rm/m/n/10/5b P \C70/rm/m/n/10/65 p \C70/rm/m/n/10
/76 Ñ \C70/rm/m/n/10/53 ÿ ^^V|\C70/rm/m/n/10/ff ^^L| \C70/rm/m/n/10/62 @ \C70/r
m/m/n/10/4e Â \C70/rm/m/n/10/62 ^^Q \C70/rm/m/n/10/4e Ï \C70/rm/m/n/10/5b å \C7
0/rm/m/n/10/51 h \C70/rm/m/n/10/53 Ô \C70/rm/m/n/10/4e Â \C70/rm/m/n/10/57 ( \C
70/rm/m/n/10/6b c \C70/rm/m/n/10/52 ^^Y \C70/rm/m/n/10/7c ˚ \C70/rm/m/n/10/7e ¸
 \C70/rm/m/n/10/4e  \C70/rm/m/n/10/59 ^^D \C70/rm/m/n/10/74 ^^F|\C70/rm/m/n/10
/ff ^^L| \C70/rm/m/n/10/4e _ \C70/rm/m/n/10/5c 1 \C70/rm/m/n/10/66 / \C70/rm/m/
n/10/4f ^^? \C70/rm/m/n/10/75 ( \C70/rm/m/n/10/81 Í \C70/rm/m/n/10/75 1 \C70/rm
/m/n/10/80 ˝$\OML/cmm/m/it/10 F$\C70/rm/m/n/10/54 å
 []



[229]
Overfull \hbox (3.3482pt too wide) in paragraph at lines 4739--4743
\C70/rm/m/n/10/53 ^^V \C70/rm/m/n/10/7b Ä \C70/rm/m/n/10/8b Â \C70/rm/m/n/10/59
 G \C70/rm/m/n/10/70 π|\C70/rm/m/n/10/30 ^^B| \C70/rm/m/n/10/6b d \C70/rm/m/n/1
0/5c @ \C70/rm/m/n/10/90 Ë \C70/rm/m/n/10/74 ^^F \C70/rm/m/n/10/8b ∫ \C70/rm/m/
n/10/90 ^^Z \C70/rm/m/n/10/5e 8 \C70/rm/m/n/10/79  \C70/rm/m/n/10/4e :\T1/cmr/
bx/sl/10 (-20) Landau-Ginzburg \C70/zhhei/m/n/10/4e å \C70/zhhei/m/n/10/7e ß \C
70/zhhei/m/n/10/76 ¯ \C70/zhhei/m/n/10/53 ÿ \C70/zhhei/m/n/10/74 ^^F \C70/zhhei
/m/n/10/8b ∫\T1/cmr/m/n/10 (-20) (\T2A/cmr/m/sl/10 (-20) À.ƒ.À‡Ì‰‡Û|\C70/rm/m/n
/10/ff ^^L| \T1/cmr/m/n/10 (-20) 1959|\C70/rm/m/n/10/ff ^^L| \T2A/cmr/m/sl/10 (
-20) ¬.À.√ËÌÁ·Û„|\C70/rm/m/n/10/ff ^^L|
 []


Underfull \hbox (badness 10000) in paragraph at lines 4739--4743

 []


Package caption Warning: The option `hypcap=true' will be ignored for this
(caption)                particular \caption on input line 4743.
See the caption package documentation for explanation.



[230]
Underfull \hbox (badness 10000) in paragraph at lines 4761--4765

 []



[231]
Underfull \hbox (badness 10000) in paragraph at lines 4775--4779

 []



[232]
Underfull \hbox (badness 10000) in paragraph at lines 4790--4793

 []


Package caption Warning: The option `hypcap=true' will be ignored for this
(caption)                particular \caption on input line 4799.
See the caption package documentation for explanation.



[233]

Package caption Warning: The option `hypcap=true' will be ignored for this
(caption)                particular \caption on input line 4807.
See the caption package documentation for explanation.


Package caption Warning: The option `hypcap=true' will be ignored for this
(caption)                particular \caption on input line 4807.
See the caption package documentation for explanation.


Underfull \hbox (badness 10000) in paragraph at lines 4821--4825

 []



[234]
Underfull \hbox (badness 10000) in paragraph at lines 4825--4829

 []



[235]
Underfull \hbox (badness 10000) in paragraph at lines 4847--4851

 []


Underfull \hbox (badness 10000) in paragraph at lines 4863--4867

 []



[236]

[237]
Underfull \hbox (badness 10000) in paragraph at lines 4890--4893

 []



[238]
Underfull \hbox (badness 10000) in paragraph at lines 4921--4931

 []


Underfull \hbox (badness 10000) in paragraph at lines 4921--4931

 []


Underfull \hbox (badness 10000) in paragraph at lines 4921--4931

 []


Underfull \hbox (badness 10000) in paragraph at lines 4921--4931

 []



[239]
Underfull \hbox (badness 10000) in paragraph at lines 4933--4937

 []



[240]
Underfull \hbox (badness 10000) in paragraph at lines 4941--4947

 []


Underfull \hbox (badness 10000) in paragraph at lines 4941--4947

 []



[241]
Underfull \hbox (badness 10000) in paragraph at lines 4958--4961

 []



[242]
Underfull \hbox (badness 10000) in paragraph at lines 4962--4967

 []


Underfull \hbox (badness 10000) in paragraph at lines 4962--4967

 []



[243]
Underfull \hbox (badness 10000) in paragraph at lines 4997--5001

 []



[244]
Underfull \hbox (badness 10000) in paragraph at lines 5021--5025

 []



[245]
Underfull \hbox (badness 10000) in paragraph at lines 5039--5043

 []



[246]
Underfull \hbox (badness 10000) in paragraph at lines 5071--5075

 []



[247]
Underfull \hbox (badness 10000) in paragraph at lines 5089--5093

 []



[248]
Underfull \hbox (badness 10000) in paragraph at lines 5105--5109

 []


Underfull \hbox (badness 10000) in paragraph at lines 5117--5121

 []


Underfull \hbox (badness 10000) in paragraph at lines 5117--5121

 []



[249]
Underfull \hbox (badness 10000) in paragraph at lines 5131--5135

 []



[250]
Underfull \hbox (badness 10000) in paragraph at lines 5149--5153

 []



[251]
Underfull \hbox (badness 10000) in paragraph at lines 5171--5175

 []


Package caption Warning: The option `hypcap=true' will be ignored for this
(caption)                particular \caption on input line 5185.
See the caption package documentation for explanation.


Underfull \hbox (badness 10000) in paragraph at lines 5186--5189

 []



[252]
Underfull \hbox (badness 10000) in paragraph at lines 5201--5205

 []



[253]
Underfull \hbox (badness 10000) in paragraph at lines 5223--5229

 []



[254]

Package caption Warning: The option `hypcap=true' will be ignored for this
(caption)                particular \caption on input line 5239.
See the caption package documentation for explanation.


Underfull \hbox (badness 10000) in paragraph at lines 5247--5250

 []



[255]

Package caption Warning: The option `hypcap=true' will be ignored for this
(caption)                particular \caption on input line 5252.
See the caption package documentation for explanation.


Underfull \hbox (badness 10000) in paragraph at lines 5254--5258

 []



[256]
Underfull \hbox (badness 10000) in paragraph at lines 5266--5270

 []


Underfull \hbox (badness 10000) in paragraph at lines 5284--5288

 []



[257]

Package caption Warning: The option `hypcap=true' will be ignored for this
(caption)                particular \caption on input line 5290.
See the caption package documentation for explanation.


Underfull \hbox (badness 10000) in paragraph at lines 5302--5306

 []



[258]
Underfull \hbox (badness 10000) in paragraph at lines 5314--5318

 []



[259]
Overfull \hbox (2.09082pt too wide) in paragraph at lines 5331--5334
\C70/rm/m/n/10/59 ^^D \C70/rm/m/n/10/76 Ñ \C70/rm/m/n/10/4e å \C70/rm/m/n/10/6b
 ! \C70/rm/m/n/10/91 œ \C70/rm/m/n/10/5b P \C70/rm/m/n/10/53 ^^V \C70/rm/m/n/10
/66 / \C70/rm/m/n/10/54 & \C70/rm/m/n/10/5e î \C70/rm/m/n/10/8b Â \C70/rm/m/n/1
0/91 « \C70/rm/m/n/10/75 ( \C70/rm/m/n/10/76 ¯ \C70/rm/m/n/10/5b ˘ \C70/rm/m/n/
10/8b ∫ \C70/rm/m/n/10/60 ' \C70/rm/m/n/10/76 Ñ|\C70/rm/m/n/10/ff ^^_| \C70/rm/
m/n/10/4e _ \C70/rm/m/n/10/5c 1 \C70/rm/m/n/10/66 / \C70/rm/m/n/10/8b Ù|\C70/rm
/m/n/10/ff ^^L| \C70/rm/m/n/10/66 v \C70/rm/m/n/10/68 < \C70/rm/m/n/10/76 Ñ \C7
0/rm/m/n/10/7b Ä \C70/rm/m/n/10/8c ^^P \C70/rm/m/n/10/63 / \C70/rm/m/n/10/52 ® 
\C70/rm/m/n/10/66 / \C70/rm/m/n/10/7c { \C70/rm/m/n/10/4f < \C70/rm/m/n/10/4e é
 \C70/rm/m/n/10/7e œ \C70/rm/m/n/10/51 x \C70/rm/m/n/10/8c ^^P \C70/rm/m/n/10/6
3 / \C70/rm/m/n/10/5b P \C70/rm/m/n/10/8f ÿ \C70/rm/m/n/10/66 /\T1/cmr/m/sl/10 
(-20) Proca\C70/rm/m/n/10/57 :|\C70/rm/m/n/10/ff ^^L|
 []


Underfull \hbox (badness 10000) in paragraph at lines 5331--5334

 []


Underfull \hbox (badness 10000) in paragraph at lines 5334--5338

 []



[260]
Overfull \hbox (8.55684pt too wide) in paragraph at lines 5350--5352
\C70/rm/m/n/10/4e ^^M \C70/rm/m/n/10/96 æ \C70/rm/m/n/10/53 — \C70/rm/m/n/10/73
 ∞ \C70/rm/m/n/10/8f Ÿ \C70/rm/m/n/10/5c 1 \C70/rm/m/n/10/66 / v \C70/rm/m/n/10
/68 < \C70/rm/m/n/10/76 Ñ \C70/rm/m/n/10/7b Ä \C70/rm/m/n/10/6b c \C70/rm/m/n/1
0/57 P \C70/rm/m/n/10/68 ^^G|\C70/rm/m/n/10/ff ^^L| \C70/rm/m/n/10/6e · \C70/rm
/m/n/10/8d ≥ \C70/rm/m/n/10/53 U \C70/rm/m/n/10/81 Í \C70/rm/m/n/10/75 1 \C70/r
m/m/n/10/5e ¶ \C70/rm/m/n/10/63 / \C70/rm/m/n/10/52 ® \C70/rm/m/n/10/76 Ñ \C70/
rm/m/n/10/5f b ^^O|\C70/rm/m/n/10/30 ^^B| \C70/rm/m/n/10/4e Õ \C70/rm/m/n/10/71
 6 \C70/rm/m/n/10/8b ∞ \C70/rm/m/n/10/8d ( \C70/rm/m/n/10/91 œ \C70/rm/m/n/10/4
e ; \C70/rm/m/n/10/50 < \C70/rm/m/n/10/4e :$\OML/cmm/m/it/10 m[]$|\C70/rm/m/n/1
0/ff ^^L| \C70/rm/m/n/10/52 ^^Y \C70/rm/m/n/10/80 ˝ \C70/rm/m/n/10/91 œ \C70/rm
/m/n/10/63 	 \C70/rm/m/n/10/5f ^^O\T1/cmr/m/n/10 (-20) ([]9.5.10[])\C70/rm/m/n/
10/53 Ô
 []


Underfull \hbox (badness 10000) in paragraph at lines 5356--5360

 []



[261]
Underfull \hbox (badness 10000) in paragraph at lines 5374--5378

 []



[262]
Underfull \hbox (badness 10000) in paragraph at lines 5394--5398

 []



[263]
Underfull \hbox (badness 10000) in paragraph at lines 5412--5416

 []



[264]
Underfull \hbox (badness 10000) in paragraph at lines 5434--5438

 []



[265]
Underfull \hbox (badness 10000) in paragraph at lines 5449--5452

 []



[266]
Underfull \hbox (badness 10000) in paragraph at lines 5468--5472

 []



[267]
Underfull \hbox (badness 10000) in paragraph at lines 5495--5499

 []



[268]
Underfull \hbox (badness 10000) in paragraph at lines 5519--5523

 []



[269]
Underfull \hbox (badness 10000) in paragraph at lines 5527--5531

 []


Underfull \hbox (badness 10000) in paragraph at lines 5541--5545

 []



[270]
Underfull \hbox (badness 10000) in paragraph at lines 5550--5554

 []



[271]
Underfull \hbox (badness 10000) in paragraph at lines 5570--5574

 []



[272]
Underfull \hbox (badness 10000) in paragraph at lines 5596--5600

 []



[273]
Underfull \hbox (badness 10000) in paragraph at lines 5618--5622

 []



[274]
Underfull \hbox (badness 10000) in paragraph at lines 5638--5647

 []


Underfull \hbox (badness 10000) in paragraph at lines 5638--5647

 []


Underfull \hbox (badness 10000) in paragraph at lines 5638--5647

 []


Underfull \hbox (badness 10000) in paragraph at lines 5638--5647

 []



[275]
Underfull \hbox (badness 10000) in paragraph at lines 5655--5658

 []


Overfull \hbox (21.84276pt too wide) in paragraph at lines 5655--5658
\C70/rm/m/n/10/5f ^^@ \C70/rm/m/n/10/82 r \C70/rm/m/n/10/65 c π \C70/rm/m/n/10/
7a |\C70/rm/m/n/10/30 ^^B| \C70/rm/m/n/10/57 ( \C70/rm/m/n/10/52 ® \C70/rm/m/n
/10/91 œ$\OT1/cmr/bx/n/10 (-20) k[] \OMS/cmsy/m/n/10 ^^] \OT1/cmr/bx/n/10 (-20)
 0$\C70/rm/m/n/10/59 ^^D \C70/rm/m/n/10/5f ^^U \C70/rm/m/n/10/51 e \C70/rm/m/n/
10/4e å \C70/rm/m/n/10/96 6 \C70/rm/m/n/10/5c U \C70/rm/m/n/10/5f ^^@ ^^O\T1/cm
r/m/n/10 (-20) ([]9.5.107[])|\C70/rm/m/n/10/ff ^^L| \C70/rm/m/n/10/75 1 \C70/rm
/m/n/10/4e é \C70/rm/m/n/10/6d A \C70/rm/m/n/10/4f S \C70/rm/m/n/10/66 / \C70/r
m/m/n/10/54 ^^D ^^Q ^^L \C70/rm/m/n/10/60 ' \C70/rm/m/n/10/76 Ñ|\C70/rm/m/n/10/
ff ^^L| \C70/rm/m/n/10/62 @ \C70/rm/m/n/10/4e Â \C70/rm/m/n/10/53 Ô \C70/rm/m/n
/10/4e Â \C70/rm/m/n/10/50 G \C70/rm/m/n/10/8b æ \C70/rm/m/n/10/57 (\T1/cmr/m/s
l/10 (-20) Cartesian\C70/rm/m/n/10/7c ˚
 []



[276]

Package caption Warning: The option `hypcap=true' will be ignored for this
(caption)                particular \caption on input line 5664.
See the caption package documentation for explanation.


Underfull \hbox (badness 10000) in paragraph at lines 5666--5672

 []


Underfull \hbox (badness 10000) in paragraph at lines 5666--5672

 []



[277]
Underfull \hbox (badness 10000) in paragraph at lines 5684--5688

 []


Underfull \hbox (badness 10000) in paragraph at lines 5696--5702

 []


Underfull \hbox (badness 10000) in paragraph at lines 5696--5702

 []



[278]
Underfull \hbox (badness 10000) in paragraph at lines 5711--5714

 []



[279]

Package caption Warning: The option `hypcap=true' will be ignored for this
(caption)                particular \caption on input line 5716.
See the caption package documentation for explanation.


Underfull \hbox (badness 10000) in paragraph at lines 5717--5720

 []



[280]
Underfull \hbox (badness 10000) in paragraph at lines 5734--5742

 []


Underfull \hbox (badness 10000) in paragraph at lines 5734--5742

 []


Underfull \hbox (badness 10000) in paragraph at lines 5734--5742

 []



[281]
Underfull \hbox (badness 10000) in paragraph at lines 5764--5770

 []


Underfull \hbox (badness 10000) in paragraph at lines 5764--5770

 []



[282]

Package caption Warning: The option `hypcap=true' will be ignored for this
(caption)                particular \caption on input line 5774.
See the caption package documentation for explanation.


Underfull \hbox (badness 10000) in paragraph at lines 5779--5784

 []


Underfull \hbox (badness 10000) in paragraph at lines 5779--5784

 []



[283]
Underfull \hbox (badness 10000) in paragraph at lines 5800--5804

 []



[284]
Underfull \hbox (badness 10000) in paragraph at lines 5816--5820

 []


Underfull \hbox (badness 10000) in paragraph at lines 5834--5838

 []



[285]

[286]
Underfull \hbox (badness 10000) in paragraph at lines 5860--5864

 []



[287]
Underfull \hbox (badness 10000) in paragraph at lines 5876--5880

 []


Underfull \hbox (badness 10000) in paragraph at lines 5888--5892

 []



[288]
Underfull \hbox (badness 10000) in paragraph at lines 5900--5904

 []


Overfull \hbox (0.41954pt too wide) in paragraph at lines 5900--5904
\C70/rm/m/n/10/56 ‡ \C70/rm/m/n/10/4e : å \C70/rm/m/n/10/6b ! \C70/rm/m/n/10/91
 œ \C70/rm/m/n/10/5b P \C70/rm/m/n/10/53 ^^V \C70/rm/m/n/10/7b ó & \C70/rm/m/n/
10/4f ^^Z ^^? \C70/rm/m/n/10/5f ó \C70/rm/m/n/10/60 ^^A \C70/rm/m/n/10/76 Ñ \C7
0/rm/m/n/10/7c í \C70/rm/m/n/10/5b P \C70/rm/m/n/10/65 p$\OMS/cmsy/m/n/10 ^^F\O
T1/cmr/m/n/10 (-20) 1$|\C70/rm/m/n/10/ff ^^L| \C70/rm/m/n/10/62 @ \C70/rm/m/n/1
0/4e Â \C70/rm/m/n/10/63 	 \C70/rm/m/n/10/71 g \C70/rm/m/n/10/4e ß \C70/rm/m/n/
10/75 ^^_ |\C70/rm/m/n/10/20 ^^T| \C70/rm/m/n/10/6e n \C70/rm/m/n/10/70 m \C70/
rm/m/n/10/7b ó & \C70/rm/m/n/10/76 Ñ \C70/rm/m/n/10/5b ö \C70/rm/m/n/10/4e I|\C
70/rm/m/n/10/ff ^^L| \C70/rm/m/n/10/57 ( ˙ \C70/rm/m/n/10/60 ^^A \C70/rm/m/n/10
/76 Ñ \C70/rm/m/n/10/53 ` \C70/rm/m/n/10/67 	 \C70/rm/m/n/10/65 p \C70/rm/m/n/1
0/60 ^^A$[]$\C70/rm/m/n/10/4e 
 []



[289]
Underfull \hbox (badness 10000) in paragraph at lines 5926--5930

 []



[290]
Underfull \hbox (badness 10000) in paragraph at lines 5951--5956

 []


Underfull \hbox (badness 10000) in paragraph at lines 5951--5956

 []



[291]
Underfull \hbox (badness 10000) in paragraph at lines 5956--5964

 []


Underfull \hbox (badness 10000) in paragraph at lines 5956--5964

 []


Underfull \hbox (badness 10000) in paragraph at lines 5956--5964

 []


Underfull \hbox (badness 10000) in paragraph at lines 5976--5984

 []


Underfull \hbox (badness 10000) in paragraph at lines 5976--5984

 []


Overfull \hbox (6.28036pt too wide) in paragraph at lines 5976--5984
\C70/rm/m/n/10/51 v \C70/rm/m/n/10/5b û \C70/rm/m/n/10/6d x \C70/rm/m/n/10/6e ^
^P \C70/rm/m/n/10/4e ^^M \C70/rm/m/n/10/53 ÿ \C70/rm/m/n/10/91 œ \C70/rm/m/n/10
/65 È \C70/rm/m/n/10/57 (\T1/cmr/m/n/10 (-20) 1910\C70/rm/m/n/10/5e t \C70/rm/m
/n/10/5c 1 \C70/rm/m/n/10/75 1\T1/cmr/m/sl/10 (-20) Ehrenfest \C70/rm/m/n/10/53
 — \C70/rm/m/n/10/73 ∞|\C70/rm/m/n/10/ff ^^L| \C70/rm/m/n/10/5e v \C70/rm/m/n/1
0/57 (\T1/cmr/m/n/10 (-20) 1911\C70/rm/m/n/10/5e t \C70/rm/m/n/10/76 Ñ\T1/cmr/m
/sl/10 (-20) Solvay \C70/rm/m/n/10/4f ^^Z \C70/rm/m/n/10/8b Æ \C70/rm/m/n/10/4e
 
 \C70/rm/m/n/10/75 1\T1/cmr/m/sl/10 (-20) Einstein|\C70/rm/m/n/10/ff ^^L| \T1/c
mr/m/sl/10 (-20) Lorentz\C70/rm/m/n/10/54 å\T1/cmr/m/sl/10 (-20) PoincarÈ
 []


Underfull \hbox (badness 10000) in paragraph at lines 5976--5984

 []



[292]

[293]
Underfull \hbox (badness 10000) in paragraph at lines 6008--6012

 []


Underfull \hbox (badness 10000) in paragraph at lines 6025--6028

 []



[294]
Underfull \hbox (badness 10000) in paragraph at lines 6032--6036

 []


Underfull \hbox (badness 10000) in paragraph at lines 6046--6050

 []



[295]
Underfull \hbox (badness 10000) in paragraph at lines 6060--6064

 []



[296]
Underfull \hbox (badness 10000) in paragraph at lines 6090--6094

 []



[297]
Underfull \hbox (badness 10000) in paragraph at lines 6102--6106

 []



[298]
Underfull \hbox (badness 10000) in paragraph at lines 6130--6135

 []


Underfull \hbox (badness 10000) in paragraph at lines 6130--6135

 []


Underfull \hbox (badness 10000) in paragraph at lines 6136--6143

 []


Underfull \hbox (badness 10000) in paragraph at lines 6136--6143

 []


Underfull \hbox (badness 10000) in paragraph at lines 6136--6143

 []



[299]
Underfull \hbox (badness 10000) in paragraph at lines 6153--6157

 []



[300]

[301]
Underfull \hbox (badness 10000) in paragraph at lines 6179--6183

 []



[302]
Underfull \hbox (badness 10000) in paragraph at lines 6201--6205

 []



[303]

Package caption Warning: The option `hypcap=true' will be ignored for this
(caption)                particular \caption on input line 6219.
See the caption package documentation for explanation.


Underfull \hbox (badness 10000) in paragraph at lines 6221--6225

 []



[304]
Underfull \hbox (badness 10000) in paragraph at lines 6239--6243

 []



[305]
Underfull \hbox (badness 10000) in paragraph at lines 6272--6281

 []


Underfull \hbox (badness 10000) in paragraph at lines 6272--6281

 []


Underfull \hbox (badness 10000) in paragraph at lines 6272--6281

 []


Underfull \hbox (badness 10000) in paragraph at lines 6272--6281

 []



[306]
Underfull \hbox (badness 10000) in paragraph at lines 6285--6291

 []


Underfull \hbox (badness 10000) in paragraph at lines 6285--6291

 []



[307]
Overfull \hbox (1.5505pt too wide) in paragraph at lines 6295--6297
\C70/rm/m/n/10/8f Ÿ \C70/rm/m/n/10/5c 1 \C70/rm/m/n/10/66 / \C70/rm/m/n/10/8d 9
 \C70/rm/m/n/10/7c s \C70/rm/m/n/10/8d Ö \C70/rm/m/n/10/6d A \C70/rm/m/n/10/76 
Ñ \C70/rm/m/n/10/4e 4 \C70/rm/m/n/10/75 L \C70/rm/m/n/10/70 π|\C70/rm/m/n/10/ff
 ^^L| \C70/rm/m/n/10/5b ˘ \C70/rm/m/n/10/5e î \C70/rm/m/n/10/4e é \C70/rm/m/n/1
0/73 ª \C70/rm/m/n/10/82 r \C70/rm/m/n/10/8d Ö \C70/rm/m/n/10/6d A \C70/rm/m/n/
10/4f S \C70/rm/m/n/10/76 Ñ \C70/rm/m/n/10/4e 4 \C70/rm/m/n/10/75 L \C70/rm/m/n
/10/70 π$\OML/cmm/m/it/10 T[]$|\C70/rm/m/n/10/30 ^^B| \C70/rm/m/n/10/57 ( \C70/
rm/m/n/10/7b ,[]\T1/cmr/m/n/10 (-20) 9.6[]\C70/rm/m/n/10/82 Ç \C70/rm/m/n/10/62
 ^^Q \C70/rm/m/n/10/4e Ï \C70/rm/m/n/10/63 – \C70/rm/m/n/10/52 0|\C70/rm/m/n/10
/ff ^^L| \C70/rm/m/n/10/73 ª \C70/rm/m/n/10/82 r \C70/rm/m/n/10/8d Ö \C70/rm/m/
n/10/6d A \C70/rm/m/n/10/60 ' \C70/rm/m/n/10/4e ; \C70/rm/m/n/10/89 Å \C70/rm/m
/n/10/66 /$[]$\T1/cmr/m/n/10 (-20) He\C70/rm/m/n/10/57 (
 []


Underfull \hbox (badness 10000) in paragraph at lines 6299--6303

 []



[308]

Package caption Warning: The option `hypcap=true' will be ignored for this
(caption)                particular \caption on input line 6317.
See the caption package documentation for explanation.


Underfull \hbox (badness 10000) in paragraph at lines 6320--6323

 []



[309]
Underfull \hbox (badness 10000) in paragraph at lines 6329--6333

 []


Underfull \hbox (badness 10000) in paragraph at lines 6337--6341

 []



[310]
Underfull \hbox (badness 10000) in paragraph at lines 6353--6357

 []


Underfull \hbox (badness 10000) in paragraph at lines 6367--6373

 []


Underfull \hbox (badness 10000) in paragraph at lines 6367--6373

 []


Underfull \hbox (badness 10000) in paragraph at lines 6374--6379

 []


Underfull \hbox (badness 10000) in paragraph at lines 6374--6379

 []



[311]

LaTeX Warning: Reference `fhbcbi' on page 312 undefined on input line 6388.



[312]
Underfull \hbox (badness 10000) in paragraph at lines 6393--6397

 []


Underfull \hbox (badness 10000) in paragraph at lines 6407--6411

 []



[313]
Underfull \hbox (badness 10000) in paragraph at lines 6413--6417

 []



[314]

Package pgfplots Warning: the content of your 3d axis has changed compared to p
revious versions of pgfplots. please review it. 
 [continued] explanation: you have a 3d axis with 'axis equal' and/or 'unit vec
tor ratio' which has (probably) been optimized for an older version of pgfplots
. any version older than 1.6 produced wrong output.
 [continued] to remove this warning, write \pgfplotsset{compat=1.6} (or newer) 
in your preamble (may change all figures in your document) or by adding that to
 the affected axis. on input line 6431.

 [warning /pgfplots/warning/axis equal incompatible change]

Package pgfplots Warning: Please use '\pgfplotsset{compat=1.8}' to enable corre
ct label placement for 3d axes (at least compat/labels=1.8). on input line 6431
.

 [warning /pgfplots/warning/center lines upgrade required]

Package caption Warning: The option `hypcap=true' will be ignored for this
(caption)                particular \caption on input line 6431.
See the caption package documentation for explanation.


Underfull \hbox (badness 10000) in paragraph at lines 6433--6437

 []



[315]
Underfull \hbox (badness 10000) in paragraph at lines 6449--6453

 []



[316]
Underfull \hbox (badness 10000) in paragraph at lines 6485--6493

 []


Underfull \hbox (badness 10000) in paragraph at lines 6485--6493

 []


Underfull \hbox (badness 10000) in paragraph at lines 6485--6493

 []


Underfull \hbox (badness 10000) in paragraph at lines 6485--6493

 []



[317]
Underfull \hbox (badness 10000) in paragraph at lines 6507--6511

 []



[318]
Underfull \hbox (badness 10000) in paragraph at lines 6521--6529

 []


Underfull \hbox (badness 10000) in paragraph at lines 6521--6529

 []


Underfull \hbox (badness 10000) in paragraph at lines 6521--6529

 []



[319]
Underfull \hbox (badness 10000) in paragraph at lines 6539--6545

 []


Underfull \hbox (badness 10000) in paragraph at lines 6539--6545

 []


Underfull \hbox (badness 10000) in paragraph at lines 6539--6545

 []



[320]
Underfull \hbox (badness 10000) in paragraph at lines 6555--6559

 []



[321]
Underfull \hbox (badness 10000) in paragraph at lines 6580--6583

 []



[322]
Underfull \hbox (badness 10000) in paragraph at lines 6609--6613

 []



[323]
Underfull \hbox (badness 10000) in paragraph at lines 6627--6631

 []



[324]
Underfull \hbox (badness 10000) in paragraph at lines 6645--6649

 []



[325]
Underfull \hbox (badness 10000) in paragraph at lines 6663--6667

 []


Underfull \hbox (badness 10000) in paragraph at lines 6669--6675

 []


Underfull \hbox (badness 10000) in paragraph at lines 6669--6675

 []



[326]
Underfull \hbox (badness 10000) in paragraph at lines 6689--6693

 []



[327]
Underfull \hbox (badness 10000) in paragraph at lines 6707--6711

 []


Underfull \hbox (badness 10000) in paragraph at lines 6725--6729

 []



[328]
LaTeX Font Info:    Calculating math sizes for size <14> on input line 6729.


Package amsmath Warning: Foreign command \atop;
(amsmath)                \frac or \genfrac should be used instead
(amsmath)                 on input line 6729.


Package caption Warning: The option `hypcap=true' will be ignored for this
(caption)                particular \caption on input line 6729.
See the caption package documentation for explanation.


Package caption Warning: The option `hypcap=true' will be ignored for this
(caption)                particular \caption on input line 6737.
See the caption package documentation for explanation.



[329]
Underfull \hbox (badness 10000) in paragraph at lines 6745--6751

 []


Underfull \hbox (badness 10000) in paragraph at lines 6745--6751

 []


Overfull \hbox (0.35345pt too wide) in paragraph at lines 6752--6755
\C70/rm/m/n/10/66 / \C70/rm/m/n/10/5f 1 \C70/rm/m/n/10/57 :$\OML/cmm/m/it/10 H 
\OMS/cmsy/m/n/10 ^^\ \OML/cmm/m/it/10 H[]$|\C70/rm/m/n/10/ff ^^L| \C70/rm/m/n/1
0/4e ^^T \C70/rm/m/n/10/5b ˘ \C70/rm/m/n/10/4e é \C70/rm/m/n/10/6b c \C70/rm/m/
n/10/5e 8 \C70/rm/m/n/10/76 ¯ \C70/rm/m/n/10/62 ^^Q \C70/rm/m/n/10/4e Ï \C70/rm
/m/n/10/53 ÷$\OML/cmm/m/it/10 ^^V[] \OT1/cmr/m/n/10 (-20) = 1$|\C70/rm/m/n/10/3
0 ^^B| \C70/rm/m/n/10/6b d \C70/rm/m/n/10/59 ^^D \C70/rm/m/n/10/62 ^^Q \C70/rm/
m/n/10/4e Ï \C70/rm/m/n/10/53 Í \C70/rm/m/n/10/80 ^^C \C70/rm/m/n/10/86 Q \C70/
rm/m/n/10/6e · \C70/rm/m/n/10/8d ≥\T1/cmr/m/sl/10 (-20) London\C70/rm/m/n/10/67
 Å \C70/rm/m/n/10/96 P|\C70/rm/m/n/10/ff ^^L| \C70/rm/m/n/10/4e _ \C70/rm/m/n/1
0/5c 1 \C70/rm/m/n/10/66 / \C70/rm/m/n/10/55 / \C70/rm/m/n/10/8c a \C70/rm/m/n/
10/76 Ñ\T1/cmr/m/sl/10 (-20) Meissner
 []


Underfull \hbox (badness 10000) in paragraph at lines 6752--6755

 []



[330]
Underfull \hbox (badness 10000) in paragraph at lines 6765--6769

 []


Underfull \hbox (badness 10000) in paragraph at lines 6779--6783

 []



[331]
Underfull \hbox (badness 10000) in paragraph at lines 6797--6801

 []



[332]

Package caption Warning: The option `hypcap=true' will be ignored for this
(caption)                particular \caption on input line 6807.
See the caption package documentation for explanation.


Underfull \hbox (badness 10000) in paragraph at lines 6819--6823

 []


Overfull \hbox (3.52098pt too wide) in paragraph at lines 6819--6823
\C70/rm/m/n/10/4e : Ü \C70/rm/m/n/10/5f ó \C70/rm/m/n/10/52 0 \C70/rm/m/n/10/66
 Ù \C70/rm/m/n/10/7c æ \C70/rm/m/n/10/78 n \C70/rm/m/n/10/76 Ñ \C70/rm/m/n/10/8
9 „|\C70/rm/m/n/10/ff ^^L| \C70/rm/m/n/10/62 ^^Q \C70/rm/m/n/10/4e Ï \C70/rm/m/
n/10/67 e \C70/rm/m/n/10/80 ^^C \C70/rm/m/n/10/86 Q \C70/rm/m/n/10/7a ^^? \C70/
rm/m/n/10/90 ^^O \C70/rm/m/n/10/6d Ò \C70/rm/m/n/10/5e ¶ \C70/rm/m/n/10/76 Ñ \C
70/rm/m/n/10/4e ^^@ \C70/rm/m/n/10/7e ß \C70/rm/m/n/10/4f Ó \C70/rm/m/n/10/6b c
|\C70/rm/m/n/10/30 ^^B| \C70/rm/m/n/10/4e : \C70/rm/m/n/10/6b d \C70/rm/m/n/10/
62 ^^Q \C70/rm/m/n/10/4e Ï \C70/rm/m/n/10/5c ^^F \C70/rm/m/n/10/8f π \C70/rm/m/
n/10/75 L \C70/rm/m/n/10/67 a \C70/rm/m/n/10/4e ˆ \C70/rm/m/n/10/96 P \C70/rm/m
/n/10/52 6 \C70/rm/m/n/10/57 ($\OML/cmm/m/it/10 s$\C70/rm/m/n/10/76 ¯ \C70/rm/m
/n/10/51 Ö|\C70/rm/m/n/10/ff ^^L| \C70/rm/m/n/10/57 ( \C70/rm/m/n/10/4e 4 \C70/
rm/m/n/10/75 L \C70/rm/m/n/10/97 b$\OT1/cmr/m/n/10 (-20) ^^F$\C70/rm/m/n/10/4e 


 []



[333]
Underfull \hbox (badness 10000) in paragraph at lines 6833--6837

 []



[334]
Underfull \hbox (badness 10000) in paragraph at lines 6855--6859

 []


Underfull \hbox (badness 10000) in paragraph at lines 6859--6865

 []


Underfull \hbox (badness 10000) in paragraph at lines 6859--6865

 []


Underfull \hbox (badness 10000) in paragraph at lines 6865--6869

 []


Underfull \hbox (badness 10000) in paragraph at lines 6865--6869

 []



[335]

Package caption Warning: The option `hypcap=true' will be ignored for this
(caption)                particular \caption on input line 6873.
See the caption package documentation for explanation.


Underfull \hbox (badness 10000) in paragraph at lines 6874--6877

 []



[336]
Underfull \hbox (badness 10000) in paragraph at lines 6893--6897

 []


Underfull \hbox (badness 10000) in paragraph at lines 6898--6903

 []


Underfull \hbox (badness 10000) in paragraph at lines 6898--6903

 []



[337]
Underfull \hbox (badness 10000) in paragraph at lines 6914--6917

 []



[338]

Package caption Warning: The option `hypcap=true' will be ignored for this
(caption)                particular \caption on input line 6921.
See the caption package documentation for explanation.



[339]
Underfull \hbox (badness 10000) in paragraph at lines 6933--6939

 []


Underfull \hbox (badness 10000) in paragraph at lines 6933--6939

 []


Underfull \hbox (badness 10000) in paragraph at lines 6945--6949

 []



[340]
Underfull \hbox (badness 10000) in paragraph at lines 6959--6963

 []


Underfull \hbox (badness 10000) in paragraph at lines 6973--6977

 []



[341]
Overfull \hbox (0.81871pt too wide) in paragraph at lines 6977--6979
\C70/rm/m/n/10/51 v \C70/rm/m/n/10/4e -$[]$\C70/rm/m/n/10/66 / \C70/rm/m/n/10/7
8 ¡ \C70/rm/m/n/10/57 : \C70/rm/m/n/10/5b ˘ \C70/rm/m/n/10/65 t \C70/rm/m/n/10/
4e * \C70/rm/m/n/10/8d Ö \C70/rm/m/n/10/5b ¸ \C70/rm/m/n/10/4f S \C70/rm/m/n/10
/6c ø \C70/rm/m/n/10/57 Ç \C70/rm/m/n/10/76 Ù \C70/rm/m/n/10/4e é \C70/rm/m/n/1
0/78 ¡ \C70/rm/m/n/10/6d ° \C70/rm/m/n/10/4e ^^] \C70/rm/m/n/10/76 Ñ \C70/rm/m/
n/10/6a * \C70/rm/m/n/10/62 * \C70/rm/m/n/10/97 b \C70/rm/m/n/10/76 Ñ \C70/rm/m
/n/10/5e s \C70/rm/m/n/10/57 G|\C70/rm/m/n/10/ff ^^L| \C70/rm/m/n/10/56 ‡ \C70/
rm/m/n/10/4e : \C70/rm/m/n/10/5f ^^O\T1/cmr/m/n/10 (-20) ([]9.6.86[])\C70/rm/m/
n/10/4e - \C70/rm/m/n/10/6d â \C70/rm/m/n/10/53  $\OT1/cmr/m/n/10 (-20) 
\OML/cmm/m/it/10 R[]$|\C70/rm/m/n/10/ff ^^L| \C70/rm/m/n/10/8f Ÿ \C70/rm/m/n/10
/91 Ã$\OML/cmm/m/it/10 R[]$\C70/rm/m/n/10/4f \
 []


Underfull \hbox (badness 10000) in paragraph at lines 6980--6983

 []



[342]
Underfull \hbox (badness 10000) in paragraph at lines 7003--7007

 []


Underfull \hbox (badness 10000) in paragraph at lines 7009--7013

 []



[343]
Underfull \hbox (badness 10000) in paragraph at lines 7027--7031

 []


Underfull \hbox (badness 10000) in paragraph at lines 7035--7039

 []



[344]
Underfull \hbox (badness 10000) in paragraph at lines 7039--7044

 []


Underfull \hbox (badness 10000) in paragraph at lines 7039--7044

 []



[345]
Overfull \hbox (0.5144pt too wide) in paragraph at lines 7047--7048
\C70/rm/m/n/10/54 ^^L \C70/rm/m/n/10/65 ˆ \C70/rm/m/n/10/62 ^^Q \C70/rm/m/n/10/
4e Ï \C70/rm/m/n/10/6c Ë \C70/rm/m/n/10/61 ^^O \C70/rm/m/n/10/52 0|\C70/rm/m/n/
10/ff ^^L| \C70/rm/m/n/10/57 : \C70/rm/m/n/10/76 Ñ \C70/rm/m/n/10/51 s \C70/rm/
m/n/10/80 T \C70/rm/m/n/10/51 ˝ \C70/rm/m/n/10/65 p \C70/rm/m/n/10/57 ( \C70/rm
/m/n/10/97 ^ \C70/rm/m/n/10/5e s \C70/rm/m/n/10/88 a \C70/rm/m/n/10/60 ^^A \C70
/rm/m/n/10/4e  \C70/rm/m/n/10/8d w \C70/rm/m/n/10/52 0 \C70/rm/m/n/10/4e Ü \C7
0/rm/m/n/10/97 ^ \C70/rm/m/n/10/5e 8 \C70/rm/m/n/10/51 s \C70/rm/m/n/10/95 . \C
70/rm/m/n/10/76 Ñ \C70/rm/m/n/10/4f \ \C70/rm/m/n/10/75 (|\C70/rm/m/n/10/ff ^^L
| \C70/rm/m/n/10/5b É \C70/rm/m/n/10/8b ¡ \C70/rm/m/n/10/66 ^^N \C70/rm/m/n/10/
4e Ü \C70/rm/m/n/10/57 : \C70/rm/m/n/10/5b ˘ \C70/rm/m/n/10/7a z \C70/rm/m/n/10
/95 Ù \C70/rm/m/n/10/76 Ñ \C70/rm/m/n/10/4f ù \C70/rm/m/n/10/8d V\T1/cmr/m/n/10
 (-20) ([]9.6.69[])|\C70/rm/m/n/10/30 ^^B|
 []


Underfull \hbox (badness 10000) in paragraph at lines 7049--7052

 []


Underfull \hbox (badness 10000) in paragraph at lines 7064--7068

 []



[346

]
Underfull \hbox (badness 10000) in paragraph at lines 7076--7080

 []


Underfull \hbox (badness 10000) in paragraph at lines 7090--7094

 []



[347]
Missing character: There is no [ in font nullfont!
Missing character: There is no > in font nullfont!
Missing character: There is no = in font nullfont!
Missing character: There is no s in font nullfont!
Missing character: There is no t in font nullfont!
Missing character: There is no e in font nullfont!
Missing character: There is no a in font nullfont!
Missing character: There is no l in font nullfont!
Missing character: There is no t in font nullfont!
Missing character: There is no h in font nullfont!
Missing character: There is no ] in font nullfont!

Package caption Warning: The option `hypcap=true' will be ignored for this
(caption)                particular \caption on input line 7110.
See the caption package documentation for explanation.


Underfull \hbox (badness 10000) in paragraph at lines 7111--7114

 []



[348]
Underfull \hbox (badness 10000) in paragraph at lines 7136--7139

 []



[349]
Underfull \hbox (badness 10000) in paragraph at lines 7145--7149

 []



[350]
Underfull \hbox (badness 10000) in paragraph at lines 7176--7181

 []


Underfull \hbox (badness 10000) in paragraph at lines 7176--7181

 []



[351]

[352]
Underfull \hbox (badness 10000) in paragraph at lines 7195--7199

 []


Underfull \hbox (badness 10000) in paragraph at lines 7207--7211

 []



[353]
Underfull \hbox (badness 10000) in paragraph at lines 7221--7225

 []


Underfull \hbox (badness 10000) in paragraph at lines 7232--7235

 []



[354]
Underfull \hbox (badness 10000) in paragraph at lines 7243--7247

 []



[355]
Underfull \hbox (badness 10000) in paragraph at lines 7257--7261

 []


Underfull \hbox (badness 10000) in paragraph at lines 7267--7271

 []


Overfull \hbox (52.88515pt too wide) in paragraph at lines 7278--7281
\T1/cmr/m/sl/10 (-20) Feynman\C70/rm/m/n/10/8d Ô \C70/rm/m/n/10/5f Ñ \C70/rm/m/
n/10/79 Ô \C70/rm/m/n/10/52 ^^F \C70/rm/m/n/10/66 / \C70/rm/m/n/10/88 ´ \C70/rm
/m/n/10/7e ¶ \C70/rm/m/n/10/67 _ \C70/rm/m/n/10/76 Ñ|\C70/rm/m/n/10/ff ^^L| \C7
0/rm/m/n/10/80 ^^L \C70/rm/m/n/10/91 M \C70/rm/m/n/10/52 ^^F \C70/rm/m/n/10/51 
˝ \C70/rm/m/n/10/65 p \C70/rm/m/n/10/89 Å \C70/rm/m/n/10/6c B \C70/rm/m/n/10/56
 ﬁ \C70/rm/m/n/10/8d Ô|\C70/rm/m/n/10/ff ^^L| \C70/rm/m/n/10/56 ‡ \C70/rm/m/n/1
0/6b d \C70/rm/m/n/10/54 ^^N \C70/rm/m/n/10/65 á \C70/rm/m/n/10/4e - \C70/rm/m/
n/10/82 Â \C70/rm/m/n/10/4e ^^M \C70/rm/m/n/10/72 y \C70/rm/m/n/10/52 + \C70/rm
/m/n/10/8b Ù \C70/rm/m/n/10/66 ^^N|\C70/rm/m/n/10/ff ^^L| \C70/rm/m/n/10/52 ^^Y
$[]$|\C70/rm/m/n/10/30 ^^B|
 []


Underfull \hbox (badness 10000) in paragraph at lines 7278--7281

 []


Underfull \hbox (badness 10000) in paragraph at lines 7278--7281

 []



[356]

[357]
Overfull \hbox (7.30531pt too wide) in paragraph at lines 7307--7311
\C70/rm/m/n/10/56 ﬁ \C70/rm/m/n/10/52 0 \C70/rm/m/n/10/4e Ü \C70/rm/m/n/10/6b '
 \C70/rm/m/n/10/5f ^^O \C70/rm/m/n/10/7a z \C70/rm/m/n/10/95 Ù \C70/rm/m/n/10/7
6 Ñ \C70/rm/m/n/10/52 ® \C70/rm/m/n/10/91 œ \C70/rm/m/n/10/51 Ö \C70/rm/m/n/10/
79 Ô|\C70/rm/m/n/10/30 ^^B| \C70/rm/m/n/10/62 @ \C70/rm/m/n/10/4e Â\T1/cmr/m/sl
/10 (-20) Wick \C70/rm/m/n/10/65 À \C70/rm/m/n/10/8f l \C70/rm/m/n/10/5c 1 \C70
/rm/m/n/10/66 / \C70/rm/m/n/10/4e ^^@ * \C70/rm/m/n/10/4f * \C70/rm/m/n/10/8f l
 \C70/rm/m/n/10/52 ®|\C70/rm/m/n/10/ff ^^L| \C70/rm/m/n/10/62 ^^V \C70/rm/m/n/1
0/80 ^^E \C70/rm/m/n/10/77  \C70/rm/m/n/10/4f \ \C70/rm/m/n/10/86 Z \C70/rm/m/
n/10/8f l \C70/rm/m/n/10/52 ®|\C70/rm/m/n/10/ff ^^L| \C70/rm/m/n/10/51 v \C70/r
m/m/n/10/5c ^^F \C70/rm/m/n/10/6b ' \C70/rm/m/n/10/5f ^^O \C70/rm/m/n/10/65 ˆ \
C70/rm/m/n/10/7a z \C70/rm/m/n/10/53 ÿ \C70/rm/m/n/10/4e :\T1/cmr/m/sl/10 (-20)
 Lorentz
 []


Underfull \hbox (badness 10000) in paragraph at lines 7307--7311

 []



[358]
Underfull \hbox (badness 10000) in paragraph at lines 7331--7335

 []



[359]
Underfull \hbox (badness 10000) in paragraph at lines 7347--7351

 []


Overfull \hbox (0.3572pt too wide) in paragraph at lines 7354--7357
\C70/rm/m/n/10/4f \ \C70/rm/m/n/10/4e : \C70/rm/m/n/10/5b ˘ \C70/rm/m/n/10/4e 
 \C70/rm/m/n/10/8f  \C70/rm/m/n/10/7e ﬂ \C70/rm/m/n/10/8b ° \C70/rm/m/n/10/5c 
B \C70/rm/m/n/10/97 b \C70/rm/m/n/10/52 ^^F \C70/rm/m/n/10/67 ê \C70/rm/m/n/10/
76 Ñ \C70/rm/m/n/10/60 ; \C70/rm/m/n/10/7e ”|\C70/rm/m/n/10/ff ^^L| \C70/rm/m/n
/10/4e Â \C70/rm/m/n/10/53   \C70/rm/m/n/10/54 ^^N \C70/rm/m/n/10/7e Ì \C70/rm/
m/n/10/8b ® ∫ \C70/rm/m/n/10/76 Ñ \C70/rm/m/n/10/57 ˙ \C70/rm/m/n/10/78 @|\C70/
rm/m/n/10/ff ^^L| \C70/rm/m/n/10/8f Ÿ \C70/rm/m/n/10/91 Ã \C70/rm/m/n/10/5f ^^U
 \C70/rm/m/n/10/51 e \C70/rm/m/n/10/4e ^^@ * \C70/rm/m/n/10/7e ﬂ \C70/rm/m/n/10
/8b ° \C70/rm/m/n/10/5b f \C70/rm/m/n/10/4e - \C70/rm/m/n/10/76 Ñ \C70/rm/m/n/1
0/91 Õ \C70/rm/m/n/10/89 Å \C70/rm/m/n/10/69 Ç \C70/rm/m/n/10/5f ı|\C70/rm/m/n/
10/ff ^^Z| \T1/cmr/bx/sl/10 (-20) Markov\C70/zhhei/m/n/10/8f «
 []


Underfull \hbox (badness 10000) in paragraph at lines 7354--7357

 []



[360]
Underfull \hbox (badness 10000) in paragraph at lines 7367--7371

 []


Underfull \hbox (badness 10000) in paragraph at lines 7378--7381

 []



[361]
Underfull \hbox (badness 10000) in paragraph at lines 7391--7395

 []



[362]
Underfull \hbox (badness 10000) in paragraph at lines 7403--7407

 []


Underfull \hbox (badness 10000) in paragraph at lines 7417--7421

 []



[363]
Underfull \hbox (badness 10000) in paragraph at lines 7427--7431

 []


Underfull \hbox (badness 10000) in paragraph at lines 7432--7435

 []



[364]
Underfull \hbox (badness 10000) in paragraph at lines 7450--7453

 []


Overfull \hbox (11.15405pt too wide) in paragraph at lines 7457--7459
\C70/rm/m/n/10/8f Ÿ \C70/rm/m/n/10/91 Ã \C70/rm/m/n/10/62 ^^Q \C70/rm/m/n/10/4e
 Ï ‰$[]\OML/cmm/m/it/10 f$\C70/rm/m/n/10/53 Í \C70/rm/m/n/10/4f \ \C70/rm/m/n/1
0/75 ( \C70/rm/m/n/10/4e é \C70/rm/m/n/10/52 ^^] \C70/rm/m/n/10/60 ^^A$\OT1/cmr
/bx/n/10 (-20) q[]\OT1/cmr/m/n/10 (-20) (0)$|\C70/rm/m/n/10/ff ^^L| \C70/rm/m/n
/10/4e ^^T \C70/rm/m/n/10/52 ) \C70/rm/m/n/10/75 ( \C70/rm/m/n/10/4e Ü$[]\OMS/c
msy/m/n/10 O\OT1/cmr/m/n/10 (-20) (\U/rsfs/m/n/10 C\OT1/cmr/m/n/10 (-20) )$\C70
/rm/m/n/10/4e - \C70/rm/m/n/10/53 Ô \C70/rm/m/n/10/89 ¬ \C70/rm/m/n/10/6d K \C7
0/rm/m/n/10/91 œ\T1/cmr/m/sl/10 (-20) Hermitian\C70/rm/m/n/10/7b ó & \C70/rm/m/
n/10/76 Ñ \C70/rm/m/n/10/8f l \C70/rm/m/n/10/7f n \C70/rm/m/n/10/51 q \C70/rm/m
/n/10/8f m \C70/rm/m/n/10/60 '|\C70/rm/m/n/10/30 ^^B| \C70/rm/m/n/10/68 9 \C70/
rm/m/n/10/63 n \C70/rm/m/n/10/5f ^^O\T1/cmr/m/n/10 (-20) ([]10.2.31[])|\C70/rm/
m/n/10/ff ^^L|
 []



[365]
Underfull \hbox (badness 10000) in paragraph at lines 7469--7473

 []


Underfull \hbox (badness 10000) in paragraph at lines 7475--7479

 []



[366]
Underfull \hbox (badness 10000) in paragraph at lines 7491--7495

 []



[367]
Underfull \hbox (badness 10000) in paragraph at lines 7501--7505

 []



[368]
Underfull \hbox (badness 10000) in paragraph at lines 7524--7528

 []


Underfull \hbox (badness 10000) in paragraph at lines 7524--7528

 []


Underfull \hbox (badness 10000) in paragraph at lines 7534--7538

 []



[369]
Underfull \hbox (badness 10000) in paragraph at lines 7550--7554

 []


Underfull \hbox (badness 10000) in paragraph at lines 7554--7558

 []



[370]
Underfull \hbox (badness 10000) in paragraph at lines 7562--7566

 []


Underfull \hbox (badness 10000) in paragraph at lines 7580--7584

 []



[371]
Underfull \hbox (badness 10000) in paragraph at lines 7596--7600

 []


Underfull \hbox (badness 10000) in paragraph at lines 7603--7608

 []


Underfull \hbox (badness 10000) in paragraph at lines 7603--7608

 []



[372]
Underfull \hbox (badness 10000) in paragraph at lines 7608--7612

 []



[373]
Underfull \hbox (badness 10000) in paragraph at lines 7622--7626

 []


Underfull \hbox (badness 10000) in paragraph at lines 7636--7640

 []



[374]
Underfull \hbox (badness 10000) in paragraph at lines 7650--7654

 []


Overfull \hbox (2.07089pt too wide) in paragraph at lines 7662--7664
\C70/rm/m/n/10/67 Ñ|\C70/rm/m/n/10/ff ^^L| \C70/rm/m/n/10/6b d \C70/rm/m/n/10/5
9 ^^D \C70/rm/m/n/10/75 e \C70/rm/m/n/10/8f «|\C70/rm/m/n/10/30 ^^B| \C70/rm/m/
n/10/62 ^^Q \C70/rm/m/n/10/4e Ï ^^M \C70/rm/m/n/10/59 ® \C70/rm/m/n/10/80 ^^C \
C70/rm/m/n/10/86 Q \C70/rm/m/n/10/74 ^^F \C70/rm/m/n/10/60 Û \C70/rm/m/n/10/73 
ª \C70/rm/m/n/10/82 r \C70/rm/m/n/10/6c ^^T \C70/rm/m/n/10/4f S \ \C70/rm/m/n/1
0/4e : \C70/rm/m/n/10/81 Í \C70/rm/m/n/10/75 1 \C70/rm/m/n/10/57 : \C70/rm/m/n/
10/4f ã \C70/rm/m/n/10/5b P|\C70/rm/m/n/10/ff ^^L| \C70/rm/m/n/10/68 9 \C70/rm/
m/n/10/63 n \C70/rm/m/n/10/5b ö \C70/rm/m/n/10/4e I \C70/rm/m/n/10/51 v \C70/rm
/m/n/10/53 ü\T1/cmr/m/it/10 (-20) Hamiltonian \C70/rm/m/n/10/4e :$[]\OML/cmm/m/
it/10 H[] \OT1/cmr/m/n/10 (-20) = []\OT1/cmr/bx/n/10 (-20) p[]\OML/cmm/m/it/10 
=\OT1/cmr/m/n/10 (-20) 2\OML/cmm/m/it/10 m$\C70/rm/m/n/10/5e v
 []


Underfull \hbox (badness 10000) in paragraph at lines 7664--7668

 []



[375]
Underfull \hbox (badness 10000) in paragraph at lines 7686--7690

 []



[376]
Underfull \hbox (badness 10000) in paragraph at lines 7699--7702

 []



[377]
Underfull \hbox (badness 10000) in paragraph at lines 7710--7714

 []


Underfull \hbox (badness 10000) in paragraph at lines 7730--7734

 []



[378]
Overfull \hbox (0.37292pt too wide) in paragraph at lines 7736--7738
\C70/rm/m/n/10/51 v \C70/rm/m/n/10/4e - \C70/rm/m/n/10/86 } \C70/rm/m/n/10/71 6
 \C70/rm/m/n/10/8f ﬁ \C70/rm/m/n/10/4e X$[] \OML/cmm/m/it/10 f[]\OT1/cmr/m/n/10
 (-20) (\OML/cmm/m/it/10 x\OT1/cmr/m/n/10 (-20) )$\C70/rm/m/n/10/4e ^^M \C70/rm
/m/n/10/5b π \C70/rm/m/n/10/66 ^^S \C70/rm/m/n/10/8b ° \C70/rm/m/n/10/7b ó|\C70
/rm/m/n/10/ff ^^L| \C70/rm/m/n/10/4f F \C70/rm/m/n/10/66 / \C70/rm/m/n/10/57 ( 
\C70/rm/m/n/10/7c ˚ \C70/rm/m/n/10/7e ¸ \C70/rm/m/n/10/4e $\OML/cmm/m/it/10 f[
]\OT1/cmr/m/n/10 (-20) (\OML/cmm/m/it/10 x\OT1/cmr/m/n/10 (-20) )$\C70/rm/m/n/1
0/90 ˝ \C70/rm/m/n/10/66 / \C70/rm/m/n/10/63 ^^G \C70/rm/m/n/10/65 p \C70/rm/m/
n/10/51 ˝ \C70/rm/m/n/10/65 p|\C70/rm/m/n/10/ff ^^L| \C70/rm/m/n/10/56 ‡ \C70/r
m/m/n/10/6b d \C70/rm/m/n/10/8f ﬁ \C70/rm/m/n/10/4e X _ \C70/rm/m/n/10/53 Ô \C7
0/rm/m/n/10/4e Â \C70/rm/m/n/10/53 ^^V \C70/rm/m/n/10/4e : \C70/rm/m/n/10/63 ^^
G \C70/rm/m/n/10/65 p \C70/rm/m/n/10/4e - \C70/rm/m/n/10/5b ˘$\OML/cmm/m/it/10 
^^X$\C70/rm/m/n/10/76 Ñ
 []


Overfull \hbox (4.41315pt too wide) in paragraph at lines 7740--7742
\C70/rm/m/n/10/6c Ë \C70/rm/m/n/10/61 ^^O \C70/rm/m/n/10/57 ( \C70/rm/m/n/10/6c
 € \C70/rm/m/n/10/51 ˝ \C70/rm/m/n/10/4e $[]$|\C70/rm/m/n/10/ff ^^L| \C70/rm/m
/n/10/8f Ÿ \C70/rm/m/n/10/91 Ã \C70/rm/m/n/10/54 å \C70/rm/m/n/10/52 M \C70/rm/
m/n/10/65 á \C70/rm/m/n/10/4e - \C70/rm/m/n/10/4f › \C70/rm/m/n/10/63 ^^A \C70/
rm/m/n/10/4e ^^@ \C70/rm/m/n/10/81 Ù|\C70/rm/m/n/10/ff ^^L| \C70/rm/m/n/10/62 ^
^Q \C70/rm/m/n/10/4e Ï \C70/rm/m/n/10/5c 1 \C70/rm/m/n/10/4e ^^M \C70/rm/m/n/10
/50 Z \C70/rm/m/n/10/53 : \C70/rm/m/n/10/52 ^^F \C70/rm/m/n/10/4e Ü|\C70/rm/m/n
/10/ff ^^L| \C70/rm/m/n/10/6b ‘ \C70/rm/m/n/10/59 Ç \C70/rm/m/n/10/53 ¬ \C70/rm
/m/n/10/80 ^^C \C70/rm/m/n/10/5f ^^O\T1/cmr/m/n/10 (-20) ([]9.4.129[])|\C70/rm/
m/n/10/30 ^^B|
 []


Underfull \hbox (badness 10000) in paragraph at lines 7748--7752

 []



[379]
Underfull \hbox (badness 10000) in paragraph at lines 7756--7760

 []


Underfull \hbox (badness 10000) in paragraph at lines 7767--7770

 []



[380]
Underfull \hbox (badness 10000) in paragraph at lines 7776--7780

 []



[381]
Underfull \hbox (badness 10000) in paragraph at lines 7790--7794

 []



[382]
Underfull \hbox (badness 10000) in paragraph at lines 7814--7818

 []


Underfull \hbox (badness 10000) in paragraph at lines 7826--7830

 []


Overfull \hbox (9.84178pt too wide) in paragraph at lines 7826--7830
\C70/rm/m/n/10/67 ^^@ \C70/rm/m/n/10/54 ^^N \C70/rm/m/n/10/62 ^^Q \C70/rm/m/n/1
0/4e Ï \C70/rm/m/n/10/90 ^^Z \C70/rm/m/n/10/8f « \C70/rm/m/n/10/75 ^^_ \C70/rm/
m/n/10/62 ^^P \C70/rm/m/n/10/51 ˝ \C70/rm/m/n/10/65 p|\C70/rm/m/n/10/ff ^^L| \C
70/rm/m/n/10/67 e \C70/rm/m/n/10/51 w \C70/rm/m/n/10/4f S \C70/rm/m/n/10/8b ¡ \
C70/rm/m/n/10/66 ^^N\T1/cmr/m/sl/10 (-20) Wick \C70/rm/m/n/10/5b ö \C70/rm/m/n/
10/74 ^^F|\C70/rm/m/n/10/ff ^^L| \C70/rm/m/n/10/4e ^^M \C70/rm/m/n/10/59 1 \C70
/rm/m/n/10/4e ^^@ \C70/rm/m/n/10/82 , \C70/rm/m/n/10/60 ' \C70/rm/m/n/10/76 Ñ \
C70/rm/m/n/10/62 ^^Q \C70/rm/m/n/10/4e Ï Œ \C70/rm/m/it/10/7e Ø ﬂ \C70/rm/m/it/
10/8b ° \C70/rm/m/it/10/76 Ñ \C70/rm/m/it/10/89 “ \C70/rm/m/it/10/5e ¶ \C70/rm/
m/n/10/80 ^^C \C70/rm/m/n/10/5b ﬂ|\C70/rm/m/n/10/ff ^^L| \C70/rm/m/n/10/8f Ÿ \C
70/rm/m/n/10/91 Ã \C70/rm/m/n/10/53 ¬ \C70/rm/m/n/10/80 ^^C \C70/rm/m/n/10/4e Ü
\T1/cmr/m/n/10 (-20) [[]]\C70/rm/m/n/10/76 Ñ
 []



[383]

[384]
Underfull \hbox (badness 10000) in paragraph at lines 7850--7853

 []


Underfull \hbox (badness 10000) in paragraph at lines 7850--7853

 []


Underfull \hbox (badness 10000) in paragraph at lines 7861--7865

 []



[385]
Underfull \hbox (badness 10000) in paragraph at lines 7879--7883

 []



[386]
Underfull \hbox (badness 10000) in paragraph at lines 7895--7899

 []



[387]
Underfull \hbox (badness 10000) in paragraph at lines 7907--7911

 []


Underfull \hbox (badness 10000) in paragraph at lines 7915--7919

 []



[388]
Underfull \hbox (badness 10000) in paragraph at lines 7937--7941

 []


Underfull \hbox (badness 10000) in paragraph at lines 7944--7947

 []



[389]
Underfull \hbox (badness 10000) in paragraph at lines 7955--7959

 []



[390]

Package caption Warning: The option `hypcap=true' will be ignored for this
(caption)                particular \caption on input line 7975.
See the caption package documentation for explanation.


Underfull \hbox (badness 10000) in paragraph at lines 7976--7979

 []



[391]
Underfull \hbox (badness 10000) in paragraph at lines 7989--7993

 []



[392]

Package caption Warning: The option `hypcap=true' will be ignored for this
(caption)                particular \caption on input line 8005.
See the caption package documentation for explanation.


Underfull \hbox (badness 10000) in paragraph at lines 8009--8013

 []


Overfull \hbox (5.54625pt too wide) in paragraph at lines 8015--8017
\C70/rm/m/n/10/4e ^^M \C70/rm/m/n/10/96 æ \C70/rm/m/n/10/5f ó \C70/rm/m/n/10/52
 0\T1/cmr/m/it/10 (-20) d'Alembertian \C70/rm/m/n/10/76 Ñ \C70/rm/m/n/10/56 € \
C70/rm/m/n/10/7e Ù \C70/rm/m/n/10/6c ‚ \C70/rm/m/n/10/77 ‚ \C70/rm/m/n/10/52 ^^
F \C70/rm/m/n/10/91 œ \C70/rm/m/n/10/4e :$\OMS/cmsy/m/n/10 ^^@\OML/cmm/m/it/10 
p[] \OT1/cmr/m/n/10 (-20) + \OT1/cmr/bx/n/10 (-20) p[] \OT1/cmr/m/n/10 (-20) = 
\OMS/cmsy/m/n/10 ^^@\OML/cmm/m/it/10 p[]$|\C70/rm/m/n/10/ff ^^L| \C70/rm/m/n/10
/4e Œ \C70/rm/m/n/10/80 ^^L \C70/rm/m/n/10/68 9 \C70/rm/m/n/10/63 n$\OML/cmm/m/
it/10 D[]\OT1/cmr/m/n/10 (-20) (\OML/cmm/m/it/10 a; b\OT1/cmr/m/n/10 (-20) )$\C
70/rm/m/n/10/76 Ñ\T1/cmr/m/sl/10 (-20) Fourier \C70/rm/m/n/10/52 ^^F \C70/rm/m/
n/10/91 œ \C70/rm/m/n/10/4e Œ \C70/rm/m/n/10/5f ^^O\T1/cmr/m/n/10 (-20) ([]10.5
.12[])\C70/rm/m/n/10/5f ó
 []



[393]
Underfull \hbox (badness 10000) in paragraph at lines 8023--8027

 []


Underfull \hbox (badness 10000) in paragraph at lines 8039--8043

 []



[394]
Underfull \hbox (badness 10000) in paragraph at lines 8055--8059

 []



[395]
Underfull \hbox (badness 10000) in paragraph at lines 8067--8071

 []



[396]
Underfull \hbox (badness 10000) in paragraph at lines 8087--8091

 []


Underfull \hbox (badness 10000) in paragraph at lines 8099--8103

 []



[397]
Underfull \hbox (badness 10000) in paragraph at lines 8114--8117

 []


Underfull \hbox (badness 10000) in paragraph at lines 8119--8123

 []



[398]
Underfull \hbox (badness 10000) in paragraph at lines 8141--8145

 []


Underfull \hbox (badness 10000) in paragraph at lines 8150--8153

 []



[399]
Underfull \hbox (badness 10000) in paragraph at lines 8153--8157

 []


Underfull \hbox (badness 10000) in paragraph at lines 8165--8169

 []



[400]
Underfull \hbox (badness 10000) in paragraph at lines 8177--8181

 []



[401]
Underfull \hbox (badness 10000) in paragraph at lines 8191--8195

 []


Underfull \hbox (badness 10000) in paragraph at lines 8209--8213

 []



[402]
Underfull \hbox (badness 10000) in paragraph at lines 8222--8226

 []



[403]
Underfull \hbox (badness 10000) in paragraph at lines 8234--8238

 []


Underfull \hbox (badness 10000) in paragraph at lines 8252--8256

 []



[404]
Underfull \hbox (badness 10000) in paragraph at lines 8262--8266

 []


Underfull \hbox (badness 10000) in paragraph at lines 8271--8275

 []



[405]
Underfull \hbox (badness 10000) in paragraph at lines 8283--8287

 []



[406]
Underfull \hbox (badness 10000) in paragraph at lines 8303--8307

 []


Underfull \hbox (badness 10000) in paragraph at lines 8309--8313

 []



[407]
Underfull \hbox (badness 10000) in paragraph at lines 8325--8329

 []



[408]
Underfull \hbox (badness 10000) in paragraph at lines 8349--8353

 []



[409]
Underfull \hbox (badness 10000) in paragraph at lines 8361--8365

 []


Underfull \hbox (badness 10000) in paragraph at lines 8371--8375

 []


Overfull \hbox (5.44753pt too wide) in paragraph at lines 8381--8383
\T1/cmr/m/sl/10 (-20) SD \C70/rm/m/n/10/65 π \C70/rm/m/n/10/7a  \C70/rm/m/n/10
/57 ( \C70/rm/m/n/10/52 M \C70/rm/m/n/10/97 b \C70/rm/m/n/10/5d Ú \C70/rm/m/n/1
0/7e œ Ÿ \C70/rm/m/n/10/51 ˙|\C70/rm/m/n/10/ff ^^L| \C70/rm/m/n/10/8f Ÿ \C70/rm
/m/n/10/91 Ã \C70/rm/m/n/10/5c 1 \C70/rm/m/n/10/4e ^^M \C70/rm/m/n/10/51 ç \C70
/rm/m/n/10/91 Õ \C70/rm/m/n/10/59 ^^M \C70/rm/m/n/10/4e Ü|\C70/rm/m/n/10/30 ^^B
| \C70/rm/m/n/10/54 ^^L \C70/rm/m/n/10/68 7 \C70/rm/m/n/10/76 Ñ \C70/rm/m/n/10/
62 ^^Q \C70/rm/m/n/10/4e Ï _ \C70/rm/m/n/10/53 Ô \C70/rm/m/n/10/4e Â Œ \C70/rm/
m/n/10/5b è \C70/rm/m/n/10/89 ¬ \C70/rm/m/n/10/8f – \C70/rm/m/n/10/52 ® \C70/rm
/m/n/10/65 π \C70/rm/m/n/10/7a  \C70/rm/m/n/10/7e Ÿ \C70/rm/m/n/10/51 ˙|\C70/r
m/m/n/10/ff ^^L| \C70/rm/m/n/10/51 ô ˙ s \C70/rm/m/n/10/4e é$[]$\C70/rm/m/n/10/
76 Ñ\T1/cmr/m/sl/10 (-20) EL\C70/rm/m/n/10/65 π
 []



[410]
Underfull \hbox (badness 10000) in paragraph at lines 8397--8401

 []


Underfull \hbox (badness 10000) in paragraph at lines 8401--8405

 []



[411]
Underfull \hbox (badness 10000) in paragraph at lines 8406--8409

 []


Underfull \hbox (badness 10000) in paragraph at lines 8421--8425

 []



[412]
Underfull \hbox (badness 10000) in paragraph at lines 8427--8430

 []


Underfull \hbox (badness 10000) in paragraph at lines 8438--8442

 []


Underfull \hbox (badness 10000) in paragraph at lines 8442--8446

 []



[413]
Underfull \hbox (badness 10000) in paragraph at lines 8448--8452

 []


Underfull \hbox (badness 10000) in paragraph at lines 8458--8462

 []


Underfull \hbox (badness 10000) in paragraph at lines 8463--8466

 []



[414]
Underfull \hbox (badness 10000) in paragraph at lines 8480--8484

 []



[415]
Underfull \hbox (badness 10000) in paragraph at lines 8496--8500

 []



[416]
Underfull \hbox (badness 10000) in paragraph at lines 8512--8516

 []



[417]
Underfull \hbox (badness 10000) in paragraph at lines 8528--8532

 []


Underfull \hbox (badness 10000) in paragraph at lines 8545--8548

 []



[418]
Underfull \hbox (badness 10000) in paragraph at lines 8560--8564

 []



[419]
Underfull \hbox (badness 10000) in paragraph at lines 8570--8574

 []


Overfull \hbox (1.03642pt too wide) in paragraph at lines 8578--8580
\C70/rm/m/n/10/51 v \C70/rm/m/n/10/4e - \C70/rm/m/n/10/62 @ \C70/rm/m/n/10/67 	
 \C70/rm/m/n/10/76 Ñ \C70/rm/m/n/10/67 Å \C70/rm/m/n/10/70 π$\OML/cmm/m/it/10 z
[]$\C70/rm/m/n/10/90 ˝ \C70/rm/m/n/10/59 ^^D \C70/rm/m/n/10/4e é \C70/rm/m/n/10
/56 Ù \C70/rm/m/n/10/90 S$\OML/cmm/m/it/10 C[]$\C70/rm/m/n/10/51 Ö \C70/rm/m/n/
10/90 Ë|\C70/rm/m/n/10/30 ^^B| \C70/rm/m/n/10/73 ∞ \C70/rm/m/n/10/57 ( \C70/rm/
m/n/10/62 ^^Q \C70/rm/m/n/10/4e Ï \C70/rm/m/n/10/53 Ô \C70/rm/m/n/10/4e Â \C70/
rm/m/n/10/91 Õ \C70/rm/m/n/10/65 ∞ \C70/rm/m/n/10/8b ° \C70/rm/m/n/10/7b ó$\OML
/cmm/m/it/10 f\OT1/cmr/m/n/10 (-20) (\OML/cmm/m/it/10 z\OT1/cmr/m/n/10 (-20) )$
\C70/rm/m/n/10/76 Ñ \C70/rm/m/n/10/75 Y \C70/rm/m/n/10/65 p|\C70/rm/m/n/10/ff ^
^L| \C70/rm/m/n/10/5b ˘ \C70/rm/m/n/10/4e é \C70/rm/m/n/10/5b û \C70/rm/m/n/10/
68 ^^G \C70/rm/m/n/10/91 œ \C70/rm/m/n/10/57 : \C70/rm/m/n/10/4e „ \C70/rm/m/n/
10/51 e\T1/cmr/m/sl/10 (-20) Feynman\C70/rm/m/n/10/4f  
 []


Underfull \hbox (badness 10000) in paragraph at lines 8586--8590

 []



[420]
Underfull \hbox (badness 10000) in paragraph at lines 8606--8610

 []



[421]
Underfull \hbox (badness 10000) in paragraph at lines 8613--8616

 []


Underfull \hbox (badness 10000) in paragraph at lines 8620--8624

 []



[422]

Package caption Warning: The option `hypcap=true' will be ignored for this
(caption)                particular \caption on input line 8634.
See the caption package documentation for explanation.


Underfull \hbox (badness 10000) in paragraph at lines 8635--8640

 []


Underfull \hbox (badness 10000) in paragraph at lines 8635--8640

 []



[423]
Overfull \hbox (0.59395pt too wide) in paragraph at lines 8648--8650
\C70/rm/m/n/10/62 ^^Q \C70/rm/m/n/10/4e Ï \C70/rm/m/n/10/54 ^^L \C70/rm/m/n/10/
68 7 \C70/rm/m/n/10/53 Ô \C70/rm/m/n/10/4e Â \C70/rm/m/n/10/5b ˘ \C70/rm/m/n/10
/5e î \C70/rm/m/n/10/7b ,[]\T1/cmr/m/n/10 (-20) 10.5.2[]\C70/rm/m/n/10/82 Ç \C7
0/rm/m/n/10/76 Ñ \C70/rm/m/n/10/51 Ö \C70/rm/m/n/10/5b π|\C70/rm/m/n/10/ff ^^L|
 \C70/rm/m/n/10/8b ° \C70/rm/m/n/10/7b ó \C70/rm/m/n/10/53 ÿ \C70/rm/m/n/10/52 
^^F$\OML/cmm/m/it/10 ^^N [] \OT1/cmr/m/n/10 (-20) = 0$|\C70/rm/m/n/10/ff ^^L| \
C70/rm/m/n/10/52 ^^Y \C70/rm/m/n/10/62 ^^Q \C70/rm/m/n/10/4e Ï \C70/rm/m/n/10/6
8 9 \C70/rm/m/n/10/63 n \C70/rm/m/n/10/5f ^^O\T1/cmr/m/n/10 (-20) ([]10.5.21[])
\C70/rm/m/n/10/5f ó \C70/rm/m/n/10/52 0 \C70/rm/m/n/10/6e ) \C70/rm/m/n/10/5e ¶
\T1/cmr/m/sl/10 (-20) Feynman\C70/rm/m/n/10/4f  
 []


Underfull \hbox (badness 10000) in paragraph at lines 8652--8656

 []



[424]
Underfull \hbox (badness 10000) in paragraph at lines 8668--8672

 []


Underfull \hbox (badness 10000) in paragraph at lines 8676--8680

 []


Underfull \hbox (badness 10000) in paragraph at lines 8684--8688

 []



[425]
Underfull \hbox (badness 10000) in paragraph at lines 8698--8702

 []



[426]
Underfull \hbox (badness 10000) in paragraph at lines 8712--8716

 []


Overfull \hbox (8.89061pt too wide) in paragraph at lines 8716--8718
\C70/rm/m/n/10/8f Ÿ \C70/rm/m/n/10/8b Ù \C70/rm/m/n/10/66 ^^N \C70/rm/m/n/10/5b
 ˘ \C70/rm/m/n/10/4e é ˚ \C70/rm/m/n/10/61 ^^O \C70/rm/m/n/10/76 Ñ \C70/rm/m/n/
10/86 Z \C70/rm/m/n/10/90 Ë$\OML/cmm/m/it/10 b$|\C70/rm/m/n/10/ff ^^L| \C70/rm/
m/n/10/5e s \C70/rm/m/n/10/88 a \C70/rm/m/n/10/60 ^^A \C70/rm/m/n/10/76 Ñ \C70/
rm/m/n/10/86 Z \C70/rm/m/n/10/65 ˆ \C70/rm/m/n/10/83 ^^C \C70/rm/m/n/10/56 Ù$\O
T1/cmr/m/n/10 (-20) 0 \OMS/cmsy/m/n/10 ^^T \OML/cmm/m/it/10 ^^\ \OMS/cmsy/m/n/1
0 ^^T \OML/cmm/m/it/10 ^^L$\C70/rm/m/n/10/90 ˝ \C70/rm/m/n/10/53 Ô \C70/rm/m/n/
10/4e Â \C70/rm/m/n/10/5e ˆ \C70/rm/m/n/10/62 ” \C70/rm/m/n/10/4e : :$\OMS/cmsy
/m/n/10 ^^@\OML/cmm/m/it/10 ^^L \OMS/cmsy/m/n/10 ^^T \OML/cmm/m/it/10 ^^\ \OMS/
cmsy/m/n/10 ^^T \OT1/cmr/m/n/10 (-20) 0$|\C70/rm/m/n/10/ff ^^L| \C70/rm/m/n/10/
56 ‡ \C70/rm/m/n/10/80 ^^L \C70/rm/m/n/10/5e ˆ \C70/rm/m/n/10/62 ” \C70/rm/m/n/
10/5f ^^O\T1/cmr/m/n/10 (-20) ([]10.7.10[])\C70/rm/m/n/10/76 Ñ
 []


Underfull \hbox (badness 10000) in paragraph at lines 8724--8728

 []


Package caption Warning: The option `hypcap=true' will be ignored for this
(caption)                particular \caption on input line 8730.
See the caption package documentation for explanation.



[427]
Underfull \hbox (badness 10000) in paragraph at lines 8732--8736

 []


Underfull \hbox (badness 10000) in paragraph at lines 8741--8744

 []



[428]
Underfull \hbox (badness 10000) in paragraph at lines 8748--8752

 []


Underfull \hbox (badness 10000) in paragraph at lines 8764--8768

 []



[429]
Underfull \hbox (badness 10000) in paragraph at lines 8778--8782

 []



[430]
Underfull \hbox (badness 10000) in paragraph at lines 8800--8804

 []



[431]
Underfull \hbox (badness 10000) in paragraph at lines 8820--8824

 []



[432]
Underfull \hbox (badness 10000) in paragraph at lines 8843--8846

 []



[433]
Underfull \hbox (badness 10000) in paragraph at lines 8864--8868

 []


Overfull \hbox (2.98701pt too wide) in paragraph at lines 8864--8868
\C70/rm/m/n/10/62 ^^Q \C70/rm/m/n/10/4e Ï \C70/rm/m/n/10/8f € \C70/rm/m/n/10/4e
 ^^@ \C70/rm/m/n/10/6b e \C70/rm/m/n/10/8b ® ∫ \C70/rm/m/n/10/5d Ó \C70/rm/m/n/
10/50 <\T1/cmr/m/n/10 (-20) ([]10.7.51[])|\C70/rm/m/n/10/ff ^^L| \C70/rm/m/n/10
/57 ( \C70/rm/m/n/10/7b ,[]\T1/cmr/m/n/10 (-20) 10.5.1[]\C70/rm/m/n/10/82 Ç \C7
0/rm/m/n/10/76 Ñ \C70/rm/m/n/10/67 ^^@ \C70/rm/m/n/10/54 ^^N|\C70/rm/m/n/10/ff 
^^L| \C70/rm/m/n/10/62 ^^Q \C70/rm/m/n/10/4e Ï \C70/rm/m/n/10/5f ^^U \C70/rm/m/
n/10/51 e \C70/rm/m/n/10/4e Ü \C70/rm/m/n/10/96 ˆ \C70/rm/m/n/10/6e ) \C70/rm/m
/n/10/5b û \C70/rm/m/n/10/68 ^^G \C70/rm/m/n/10/91 œ \C70/rm/m/n/10/57 : \C70/r
m/m/n/10/76 Ñ \C70/rm/m/n/10/63 ® \C70/rm/m/n/10/8f ﬂ\T1/cmr/m/sl/10 (-20) Gree
n\C70/rm/m/n/10/51 ˝ \C70/rm/m/n/10/65 p\T1/cmr/m/n/10 (-20) ([]10.5.12[])|\C70
/rm/m/n/10/ff ^^L|
 []



[434]
Underfull \hbox (badness 10000) in paragraph at lines 8888--8892

 []



[435]
Underfull \hbox (badness 10000) in paragraph at lines 8906--8910

 []


Underfull \hbox (badness 10000) in paragraph at lines 8906--8910

 []


Underfull \hbox (badness 10000) in paragraph at lines 8920--8924

 []



[436]
Underfull \hbox (badness 10000) in paragraph at lines 8934--8938

 []


Package caption Warning: The option `hypcap=true' will be ignored for this
(caption)                particular \caption on input line 8942.
See the caption package documentation for explanation.



[437]
Underfull \hbox (badness 10000) in paragraph at lines 8948--8952

 []



[438]
Underfull \hbox (badness 10000) in paragraph at lines 8969--8972

 []


Underfull \hbox (badness 10000) in paragraph at lines 8974--8978

 []



[439]
Underfull \hbox (badness 10000) in paragraph at lines 9002--9006

 []


Overfull \hbox (2.19511pt too wide) in paragraph at lines 9002--9006
\C70/rm/m/n/10/73 ∞ \C70/rm/m/n/10/57 ( \C70/rm/m/n/10/67 e \C70/rm/m/n/10/8b °
 \C70/rm/m/n/10/7b ó \C70/rm/m/n/10/4e $ * \C70/rm/m/n/10/5b ˘ \C70/rm/m/n/10/8
9 “ \C70/rm/m/n/10/51 C|\C70/rm/m/n/10/ff ^^L| \C70/rm/m/n/10/4e ^^M \C70/rm/m/
n/10/59 1 \C70/rm/m/n/10/4e ^^@ \C70/rm/m/n/10/82 , \C70/rm/m/n/10/60 ' \C70/rm
/m/n/10/76 Ñ \C70/rm/m/n/10/8f ÿ \C70/rm/m/n/10/66 / \C70/rm/m/n/10/80 ^^C \C70
/rm/m/n/10/86 Q\T1/cmr/m/sl/10 (-20) KG \C70/rm/m/n/10/57 :|\C70/rm/m/n/10/30 ^
^B| \C70/rm/m/n/10/62 ^^Q \C70/rm/m/n/10/4e Ï \C70/rm/m/n/10/76 Ù \C70/rm/m/n/1
0/63 • \C70/rm/m/n/10/5c U \C70/rm/m/n/10/5f ^^@ \C70/rm/m/n/10/7f ^^V \C70/rm/
m/n/10/65 ˆ \C70/rm/m/n/10/4e X \C70/rm/m/n/10/79 Ô|\C70/rm/m/n/10/ff ^^L| \C70
/rm/m/n/10/6b œ \C70/rm/m/n/10/4e * \C70/rm/m/n/10/90 Ë \C70/rm/m/n/10/52 ^^F \
C70/rm/m/n/10/75 (\T1/cmr/m/sl/10 (-20) Wightman\C70/rm/m/n/10/51 ˝
 []



[440]
Underfull \hbox (badness 10000) in paragraph at lines 9016--9020

 []



[441]
Underfull \hbox (badness 10000) in paragraph at lines 9028--9032

 []


Underfull \hbox (badness 10000) in paragraph at lines 9042--9046

 []



[442]
Underfull \hbox (badness 10000) in paragraph at lines 9064--9068

 []



[443]
Underfull \hbox (badness 10000) in paragraph at lines 9078--9082

 []



[444]
Underfull \hbox (badness 10000) in paragraph at lines 9099--9104

 []


Underfull \hbox (badness 10000) in paragraph at lines 9099--9104

 []


Underfull \hbox (badness 10000) in paragraph at lines 9105--9108

 []



[445]
Underfull \hbox (badness 10000) in paragraph at lines 9124--9128

 []



[446]
Underfull \hbox (badness 10000) in paragraph at lines 9148--9152

 []



[447]
Underfull \hbox (badness 10000) in paragraph at lines 9166--9170

 []


Overfull \hbox (6.45438pt too wide) in paragraph at lines 9166--9170
\C70/rm/m/n/10/4e ã \C70/rm/m/n/10/5b û \C70/rm/m/n/10/4e 
 \C70/rm/m/n/10/59 ^^Z \C70/rm/m/n/10/98 y \C70/rm/m/n/10/5f ^^O \C70/rm/m/n/10
/5b å \C70/rm/m/n/10/51 h \C70/rm/m/n/10/53 Ô \C70/rm/m/n/10/4e Â \C70/rm/m/n/1
0/77  \C70/rm/m/n/10/4f \ \C70/rm/m/n/10/63 ^^G \C70/rm/m/n/10/65 p \C70/rm/m/
n/10/66   \C70/rm/m/n/10/5c ^^D \C70/rm/m/n/10/76 Ñ \C70/rm/m/n/10/5c U \C70/rm
/m/n/10/5f ^^@|\C70/rm/m/n/10/30 ^^B| \C70/rm/m/n/10/65 π \C70/rm/m/n/10/4f ø \
C70/rm/m/n/10/8d w \C70/rm/m/n/10/89 ¡ \C70/rm/m/n/10/56 ﬁ \C70/rm/m/n/10/52 0 
\C70/rm/m/n/10/4e ^^@ \C70/rm/m/n/10/7e Ù|\C70/rm/m/n/10/ff ^^L| \C70/rm/m/n/10
/62 ^^Q \C70/rm/m/n/10/4e Ï \C70/rm/m/n/10/5b å \C70/rm/m/n/10/51 h \C70/rm/m/n
/10/53 Ô \C70/rm/m/n/10/4e Â \C70/rm/m/n/10/75 ( \C70/rm/m/n/10/5e z \C70/rm/m/
n/10/6b c \C70/rm/m/n/10/7b ó &$[]\OML/cmm/m/it/10 U\OT1/cmr/m/n/10 (-20) (\OML
/cmm/m/it/10 \OT1/cmr/m/n/10 (-20) )$\C70/rm/m/n/10/54 å$[]\OML/cmm/m/it/10 U\
OT1/cmr/m/n/10 (-20) (\OML/cmm/m/it/10 ^^L\OT1/cmr/m/n/10 (-20) )$\C70/rm/m/n/1
0/66 ˇ
 []



[448]
Underfull \hbox (badness 10000) in paragraph at lines 9186--9190

 []


Overfull \hbox (0.61418pt too wide) in paragraph at lines 9190--9192
\C70/rm/m/n/10/75 1 \C70/rm/m/n/10/4e é$\OML/cmm/m/it/10 f$\C70/rm/m/n/10/54 å$
\OML/cmm/m/it/10 f[]$\C70/rm/m/n/10/90 ˝ \C70/rm/m/n/10/66 / \C70/rm/m/n/10/76 
¯ \C70/rm/m/n/10/7a z \C70/rm/m/n/10/95 Ù$\OT1/cmr/m/n/10 (-20) ^^H$\C70/rm/m/n
/10/4e 
 \C70/rm/m/n/10/76 Ñ \C70/rm/m/n/10/51 ˝ \C70/rm/m/n/10/65 p|\C70/rm/m/n/10/ff 
^^L| \C70/rm/m/n/10/56 ‡ \C70/rm/m/n/10/6b d \C70/rm/m/n/10/8f Ÿ \C70/rm/m/n/10
/4e * \C70/rm/m/n/10/53 ÿ \C70/rm/m/n/10/63 b \C70/rm/m/n/10/67 , \C70/rm/m/n/1
0/8d ( \C70/rm/m/n/10/4e 
 \C70/rm/m/n/10/66 / \C70/rm/m/n/10/4e ^^@ * \C70/rm/m/n/10/6b c \C70/rm/m/n/10
/52 ^^Y \C70/rm/m/n/10/53 ÿ \C70/rm/m/n/10/63 b|\C70/rm/m/n/10/ff ^^L| \C70/rm/
m/n/10/4f F \C70/rm/m/n/10/8f Ÿ \C70/rm/m/n/10/66 / \C70/rm/m/n/10/57 ( \C70/rm
/m/n/10/51 ˝ \C70/rm/m/n/10/65 p \C70/rm/m/n/10/5c B \C70/rm/m/n/10/97 b \C70/r
m/m/n/10/4e Â \C70/rm/m/n/10/7c {\T1/cmr/m/sl/10 (-20) Fourier
 []



[449]
Underfull \hbox (badness 10000) in paragraph at lines 9197--9200

 []


Overfull \hbox (0.79294pt too wide) in paragraph at lines 9204--9206
\C70/rm/m/n/10/8f Ÿ \C70/rm/m/n/10/79  \C70/rm/m/n/10/4e :\T1/cmr/bx/sl/10 (-2
0) Weyl \C70/zhhei/m/n/10/51 s \C70/zhhei/m/n/10/7c ˚|\C70/rm/m/n/10/ff ^^L| \C
70/rm/m/n/10/53 Ô \C70/rm/m/n/10/4e Â \C70/rm/m/n/10/90 ^^Z \C70/rm/m/n/10/8f «
 \C70/rm/m/n/10/5c U \C70/rm/m/n/10/5f ^^@ \C70/rm/m/n/10/63 ^^G \C70/rm/m/n/10
/65 p \C70/rm/m/n/10/66   \C70/rm/m/n/10/5c ^^D \C70/rm/m/n/10/5e v \C70/rm/m/n
/10/8b ° \C70/rm/m/n/10/7b ó \C70/rm/m/n/10/6b œ \C70/rm/m/n/10/4e ^^@ \C70/rm/
m/n/10/98 y \C70/rm/m/n/10/4e X \C70/rm/m/n/10/79 Ô \C70/rm/m/n/10/5f ó \C70/rm
/m/n/10/52 0|\C70/rm/m/n/10/ff ^^L| \C70/rm/m/n/10/8b ˜ ˚ \C70/rm/m/n/10/80 ^^E
 \C70/rm/m/n/10/4f ^^? \C70/rm/m/n/10/75 ( \C70/rm/m/n/10/6b d \C70/rm/m/n/10/7
b I \C70/rm/m/n/10/5f ^^O \C70/rm/m/n/10/8b ¡ \C70/rm/m/n/10/66 ^^N \C70/rm/m/n
/10/7e ” \C70/rm/m/n/10/8b ∫\T1/cmr/m/n/10 (-20) ([]10.8.19[])|\C70/rm/m/n/10/3
0 ^^B|
 []


Underfull \hbox (badness 10000) in paragraph at lines 9214--9218

 []



[450]

[451]
Underfull \hbox (badness 10000) in paragraph at lines 9240--9244

 []


Underfull \hbox (badness 10000) in paragraph at lines 9240--9244

 []

Missing character: There is no d in font nullfont!
Missing character: There is no r in font nullfont!
Missing character: There is no a in font nullfont!
Missing character: There is no w in font nullfont!
Missing character: There is no [ in font nullfont!
Missing character: There is no d in font nullfont!
Missing character: There is no o in font nullfont!
Missing character: There is no t in font nullfont!
Missing character: There is no t in font nullfont!
Missing character: There is no e in font nullfont!
Missing character: There is no d in font nullfont!
Missing character: There is no , in font nullfont!
Missing character: There is no t in font nullfont!
Missing character: There is no h in font nullfont!
Missing character: There is no i in font nullfont!
Missing character: There is no c in font nullfont!
Missing character: There is no k in font nullfont!
Missing character: There is no ] in font nullfont!
Missing character: There is no ( in font nullfont!
Missing character: There is no x in font nullfont!
Missing character: There is no i in font nullfont!
Missing character: There is no ) in font nullfont!
Missing character: There is no - in font nullfont!
Missing character: There is no - in font nullfont!
Missing character: There is no ( in font nullfont!
Missing character: There is no f in font nullfont!
Missing character: There is no w in font nullfont!
Missing character: There is no ) in font nullfont!
Missing character: There is no ; in font nullfont!


[452]
Underfull \hbox (badness 10000) in paragraph at lines 9256--9260

 []



[453]
Underfull \hbox (badness 10000) in paragraph at lines 9282--9286

 []


Underfull \hbox (badness 10000) in paragraph at lines 9297--9300

 []



[454]
Underfull \hbox (badness 10000) in paragraph at lines 9310--9314

 []



[455]
Underfull \hbox (badness 10000) in paragraph at lines 9330--9334

 []



[456]
Underfull \hbox (badness 10000) in paragraph at lines 9362--9366

 []



[457]
Underfull \hbox (badness 10000) in paragraph at lines 9376--9380

 []


Overfull \hbox (0.18544pt too wide) in paragraph at lines 9388--9390
\C70/rm/m/n/10/4e _ \C70/rm/m/n/10/5c 1 \C70/rm/m/n/10/66 / \C70/rm/m/n/10/8b Ù
\T1/cmr/m/sl/10 (-20) Moyal \C70/rm/m/n/10/62 Ï \C70/rm/m/n/10/53 ˜ \C70/rm/m/n
/10/4e _ \C70/rm/m/n/10/6e · \C70/rm/m/n/10/8d ≥\T1/cmr/m/sl/10 (-20) Jacobi \C
70/rm/m/n/10/60 R \C70/rm/m/n/10/7b I \C70/rm/m/n/10/5f ^^O|\C70/rm/m/n/10/ff ^
^L| \C70/rm/m/n/10/54 å\T1/cmr/m/sl/10 (-20) Poisson\C70/rm/m/n/10/62 Ï \C70/rm
/m/n/10/53 ˜ \C70/rm/m/n/10/4e ^^@ \C70/rm/m/n/10/68 7|\C70/rm/m/n/10/30 ^^B| \
C70/rm/m/n/10/4e ^^@ * \C70/rm/m/n/10/6b ‘ \C70/rm/m/n/10/8f É \C70/rm/m/n/10/9
1 Õ \C70/rm/m/n/10/89 Å \C70/rm/m/n/10/76 Ñ \C70/rm/m/n/10/70 π \C70/rm/m/n/10/
66 /|\C70/rm/m/n/10/ff ^^L| \C70/rm/m/n/10/63 	 \C70/rm/m/n/10/71 g \C70/rm/m/n
/10/7e ¶ \C70/rm/m/n/10/5b ö\T1/cmr/m/n/10 (-20) ([]10.8.43[])|\C70/rm/m/n/10/f
f ^^L|
 []



[458]
Underfull \hbox (badness 10000) in paragraph at lines 9394--9398

 []


Underfull \hbox (badness 10000) in paragraph at lines 9412--9416

 []


Underfull \hbox (badness 10000) in paragraph at lines 9417--9420

 []



[459]
Underfull \hbox (badness 10000) in paragraph at lines 9436--9442

 []


Underfull \hbox (badness 10000) in paragraph at lines 9436--9442

 []



[460]

[461]
Underfull \hbox (badness 10000) in paragraph at lines 9460--9464

 []



[462]
Underfull \hbox (badness 10000) in paragraph at lines 9488--9492

 []



[463]
Underfull \hbox (badness 10000) in paragraph at lines 9512--9516

 []



[464]
Underfull \hbox (badness 10000) in paragraph at lines 9523--9527

 []



[465

]
Underfull \hbox (badness 10000) in paragraph at lines 9552--9555

 []



[466]
Underfull \hbox (badness 10000) in paragraph at lines 9575--9579

 []



[467]
Underfull \hbox (badness 10000) in paragraph at lines 9589--9593

 []


Underfull \hbox (badness 10000) in paragraph at lines 9594--9597

 []



[468]
Underfull \hbox (badness 10000) in paragraph at lines 9608--9612

 []



[469]
Underfull \hbox (badness 10000) in paragraph at lines 9618--9621

 []


Underfull \hbox (badness 10000) in paragraph at lines 9635--9639

 []



[470]
Underfull \hbox (badness 10000) in paragraph at lines 9654--9657

 []

Missing character: There is no [ in font nullfont!
Missing character: There is no n in font nullfont!
Missing character: There is no o in font nullfont!
Missing character: There is no d in font nullfont!
Missing character: There is no e in font nullfont!
Missing character: There is no d in font nullfont!
Missing character: There is no i in font nullfont!
Missing character: There is no s in font nullfont!
Missing character: There is no t in font nullfont!
Missing character: There is no a in font nullfont!
Missing character: There is no n in font nullfont!
Missing character: There is no c in font nullfont!
Missing character: There is no e in font nullfont!
Missing character: There is no = in font nullfont!
Missing character: There is no . in font nullfont!
Missing character: There is no 1 in font nullfont!
Missing character: There is no c in font nullfont!
Missing character: There is no m in font nullfont!
Missing character: There is no a in font nullfont!
Missing character: There is no n in font nullfont!
Missing character: There is no d in font nullfont!
Missing character: There is no 2 in font nullfont!
Missing character: There is no c in font nullfont!
Missing character: There is no m in font nullfont!
Missing character: There is no ] in font nullfont!

Package caption Warning: The option `hypcap=true' will be ignored for this
(caption)                particular \caption on input line 9657.
See the caption package documentation for explanation.



[471]
Underfull \hbox (badness 10000) in paragraph at lines 9658--9661

 []


Underfull \hbox (badness 10000) in paragraph at lines 9662--9665

 []



[472]
Underfull \hbox (badness 10000) in paragraph at lines 9671--9674

 []



[473]
Underfull \hbox (badness 10000) in paragraph at lines 9694--9698

 []



[474]
Underfull \hbox (badness 10000) in paragraph at lines 9712--9716

 []


Underfull \hbox (badness 10000) in paragraph at lines 9724--9728

 []


Underfull \hbox (badness 10000) in paragraph at lines 9730--9734

 []



[475]
Underfull \hbox (badness 10000) in paragraph at lines 9754--9758

 []



[476]
Underfull \hbox (badness 10000) in paragraph at lines 9764--9768

 []


Package caption Warning: The option `hypcap=true' will be ignored for this
(caption)                particular \caption on input line 9774.
See the caption package documentation for explanation.



[477]
Underfull \hbox (badness 10000) in paragraph at lines 9783--9786

 []



[478]
Underfull \hbox (badness 10000) in paragraph at lines 9798--9802

 []


Underfull \hbox (badness 10000) in paragraph at lines 9808--9812

 []



[479]
Underfull \hbox (badness 10000) in paragraph at lines 9828--9832

 []



[480]
Underfull \hbox (badness 10000) in paragraph at lines 9853--9857

 []



[481]
Underfull \hbox (badness 10000) in paragraph at lines 9863--9867

 []


Underfull \hbox (badness 10000) in paragraph at lines 9869--9873

 []



[482]
Underfull \hbox (badness 10000) in paragraph at lines 9885--9889

 []


Underfull \hbox (badness 10000) in paragraph at lines 9895--9899

 []



[483]
Underfull \hbox (badness 10000) in paragraph at lines 9907--9911

 []


Underfull \hbox (badness 10000) in paragraph at lines 9921--9925

 []



[484]
Underfull \hbox (badness 10000) in paragraph at lines 9929--9933

 []



[485]
Underfull \hbox (badness 10000) in paragraph at lines 9951--9955

 []


Underfull \hbox (badness 10000) in paragraph at lines 9961--9965

 []


Underfull \hbox (badness 10000) in paragraph at lines 9975--9979

 []



[486]

[487]
Underfull \hbox (badness 10000) in paragraph at lines 9998--10002

 []


Underfull \hbox (badness 10000) in paragraph at lines 9998--10002

 []


Underfull \hbox (badness 10000) in paragraph at lines 10010--10014

 []



[488]
Underfull \hbox (badness 10000) in paragraph at lines 10025--10028

 []


Underfull \hbox (badness 10000) in paragraph at lines 10036--10040

 []



[489]
Underfull \hbox (badness 10000) in paragraph at lines 10046--10050

 []



[490]
Underfull \hbox (badness 10000) in paragraph at lines 10062--10066

 []


Underfull \hbox (badness 10000) in paragraph at lines 10080--10086

 []


Underfull \hbox (badness 10000) in paragraph at lines 10080--10086

 []



[491]
Underfull \hbox (badness 10000) in paragraph at lines 10090--10094

 []


Underfull \hbox (badness 10000) in paragraph at lines 10104--10107

 []



[492]
Underfull \hbox (badness 10000) in paragraph at lines 10117--10121

 []



[493]
Underfull \hbox (badness 10000) in paragraph at lines 10129--10133

 []



[494]
Underfull \hbox (badness 10000) in paragraph at lines 10158--10162

 []



[495]
Underfull \hbox (badness 10000) in paragraph at lines 10172--10176

 []



[496]
Underfull \hbox (badness 10000) in paragraph at lines 10185--10188

 []


Underfull \hbox (badness 10000) in paragraph at lines 10196--10200

 []



[497]
Underfull \hbox (badness 10000) in paragraph at lines 10203--10206

 []


Underfull \hbox (badness 10000) in paragraph at lines 10212--10216

 []



[498]
Underfull \hbox (badness 10000) in paragraph at lines 10225--10228

 []



[499]
Underfull \hbox (badness 10000) in paragraph at lines 10244--10248

 []



[500]
Underfull \hbox (badness 10000) in paragraph at lines 10260--10264

 []



[501]
Underfull \hbox (badness 10000) in paragraph at lines 10276--10280

 []


Underfull \hbox (badness 10000) in paragraph at lines 10285--10288

 []



[502]
Underfull \hbox (badness 10000) in paragraph at lines 10300--10304

 []


Underfull \hbox (badness 10000) in paragraph at lines 10312--10315

 []



[503]
Underfull \hbox (badness 10000) in paragraph at lines 10329--10333

 []



[504]
Underfull \hbox (badness 10000) in paragraph at lines 10341--10345

 []


Underfull \hbox (badness 10000) in paragraph at lines 10353--10357

 []



[505]
Underfull \hbox (badness 10000) in paragraph at lines 10363--10367

 []


Package caption Warning: The option `hypcap=true' will be ignored for this
(caption)                particular \caption on input line 10367.
See the caption package documentation for explanation.


Underfull \vbox (badness 2318) has occurred while \output is active []



[506]
Underfull \hbox (badness 10000) in paragraph at lines 10373--10377

 []


Underfull \hbox (badness 10000) in paragraph at lines 10379--10382

 []



[507]
Underfull \hbox (badness 10000) in paragraph at lines 10383--10386

 []


Overfull \hbox (3.99428pt too wide) in paragraph at lines 10383--10386
\C70/rm/m/n/10/57 ( \C70/rm/m/n/10/52 M \C70/rm/m/n/10/65 á \C70/rm/m/n/10/4e -
 \C70/rm/m/n/10/62 ^^Q \C70/rm/m/n/10/4e Ï \C70/rm/m/n/10/5b ˘ \C70/rm/m/n/10/4
e é \C70/rm/m/n/10/5f Æ \C70/rm/m/n/10/62 p \C70/rm/m/n/10/76 Ñ \C70/rm/m/n/10/
7e ß \C70/rm/m/n/10/65 p \C70/rm/m/n/10/5c U \C70/rm/m/n/10/5f ^^@|\C70/rm/m/n/
10/ff ^^L| \C70/rm/m/n/10/53 ¬ \C70/rm/m/n/10/80 ^^C \C70/rm/m/n/10/76 Ñ \C70/r
m/m/n/10/90 ˝ \C70/rm/m/n/10/66 /\T1/cmr/m/sl/10 (-20) Born\C70/rm/m/n/10/7e ß 
\C70/rm/m/n/10/65 p|\C70/rm/m/n/10/ff ^^L| \C70/rm/m/n/10/62 @ \C70/rm/m/n/10/4
e Â ^^M \C70/rm/m/n/10/59 ® \C70/rm/m/n/10/80 ^^C \C70/rm/m/n/10/5b ﬂ \C70/rm/m
/n/10/7a z \C70/rm/m/n/10/95 Ù \C70/rm/m/n/10/5f Æ \C70/rm/m/n/10/62 p|\C70/rm/
m/n/10/30 ^^B| \C70/rm/m/n/10/8f Ÿ \C70/rm/m/n/10/91 Ã Õ \C70/rm/m/n/10/65 ∞ \C
70/rm/m/n/10/7e Ÿ \C70/rm/m/n/10/51 ˙\T1/cmr/m/sl/10 (-20) Born\C70/rm/m/n/10/7
e ß
 []


Package tikz-feynman Warning: The key you tried to use '/graph drawing/node dis
tance' requires LuaTeX. It will be ignored. on input line 10390.


Package tikz-feynman Warning: The key you tried to use '/graph drawing/level di
stance' requires LuaTeX. It will be ignored. on input line 10390.


Package tikz-feynman Warning: The key you tried to use '/graph drawing/sibling 
distance' requires LuaTeX. It will be ignored. on input line 10390.


Package tikz-feynman Warning: The key you tried to use '/graph drawing/node dis
tance' requires LuaTeX. It will be ignored. on input line 10390.


Package tikz-feynman Warning: The key you tried to use '/graph drawing/level di
stance' requires LuaTeX. It will be ignored. on input line 10390.


Package tikz-feynman Warning: The key you tried to use '/graph drawing/sibling 
distance' requires LuaTeX. It will be ignored. on input line 10390.


Underfull \hbox (badness 10000) in paragraph at lines 10390--10394

 []


Package tikz-feynman Warning: The key you tried to use '/graph drawing/node dis
tance' requires LuaTeX. It will be ignored. on input line 10394.


Package tikz-feynman Warning: The key you tried to use '/graph drawing/level di
stance' requires LuaTeX. It will be ignored. on input line 10394.


Package tikz-feynman Warning: The key you tried to use '/graph drawing/sibling 
distance' requires LuaTeX. It will be ignored. on input line 10394.


Package tikz-feynman Warning: The key you tried to use '/graph drawing/node dis
tance' requires LuaTeX. It will be ignored. on input line 10394.


Package tikz-feynman Warning: The key you tried to use '/graph drawing/level di
stance' requires LuaTeX. It will be ignored. on input line 10394.


Package tikz-feynman Warning: The key you tried to use '/graph drawing/sibling 
distance' requires LuaTeX. It will be ignored. on input line 10394.


Package tikz-feynman Warning: The key you tried to use '/graph drawing/node dis
tance' requires LuaTeX. It will be ignored. on input line 10396.


Package tikz-feynman Warning: The key you tried to use '/graph drawing/level di
stance' requires LuaTeX. It will be ignored. on input line 10396.


Package tikz-feynman Warning: The key you tried to use '/graph drawing/sibling 
distance' requires LuaTeX. It will be ignored. on input line 10396.


Package tikz-feynman Warning: The key you tried to use '/graph drawing/node dis
tance' requires LuaTeX. It will be ignored. on input line 10396.


Package tikz-feynman Warning: The key you tried to use '/graph drawing/level di
stance' requires LuaTeX. It will be ignored. on input line 10396.


Package tikz-feynman Warning: The key you tried to use '/graph drawing/sibling 
distance' requires LuaTeX. It will be ignored. on input line 10396.


Package tikz-feynman Warning: The key you tried to use '/graph drawing/node dis
tance' requires LuaTeX. It will be ignored. on input line 10396.


Package tikz-feynman Warning: The key you tried to use '/graph drawing/level di
stance' requires LuaTeX. It will be ignored. on input line 10396.


Package tikz-feynman Warning: The key you tried to use '/graph drawing/sibling 
distance' requires LuaTeX. It will be ignored. on input line 10396.


Package tikz-feynman Warning: The key you tried to use '/graph drawing/node dis
tance' requires LuaTeX. It will be ignored. on input line 10396.


Package tikz-feynman Warning: The key you tried to use '/graph drawing/level di
stance' requires LuaTeX. It will be ignored. on input line 10396.


Package tikz-feynman Warning: The key you tried to use '/graph drawing/sibling 
distance' requires LuaTeX. It will be ignored. on input line 10396.


Underfull \hbox (badness 10000) in paragraph at lines 10396--10400

 []


Package tikz-feynman Warning: The key you tried to use '/graph drawing/node dis
tance' requires LuaTeX. It will be ignored. on input line 10400.


Package tikz-feynman Warning: The key you tried to use '/graph drawing/level di
stance' requires LuaTeX. It will be ignored. on input line 10400.


Package tikz-feynman Warning: The key you tried to use '/graph drawing/sibling 
distance' requires LuaTeX. It will be ignored. on input line 10400.


Package tikz-feynman Warning: The key you tried to use '/graph drawing/node dis
tance' requires LuaTeX. It will be ignored. on input line 10400.


Package tikz-feynman Warning: The key you tried to use '/graph drawing/level di
stance' requires LuaTeX. It will be ignored. on input line 10400.


Package tikz-feynman Warning: The key you tried to use '/graph drawing/sibling 
distance' requires LuaTeX. It will be ignored. on input line 10400.


Package tikz-feynman Warning: The key you tried to use '/graph drawing/node dis
tance' requires LuaTeX. It will be ignored. on input line 10400.


Package tikz-feynman Warning: The key you tried to use '/graph drawing/level di
stance' requires LuaTeX. It will be ignored. on input line 10400.


Package tikz-feynman Warning: The key you tried to use '/graph drawing/sibling 
distance' requires LuaTeX. It will be ignored. on input line 10400.



[508]
Underfull \hbox (badness 10000) in paragraph at lines 10402--10406

 []


Package tikz-feynman Warning: The key you tried to use '/graph drawing/node dis
tance' requires LuaTeX. It will be ignored. on input line 10406.


Package tikz-feynman Warning: The key you tried to use '/graph drawing/level di
stance' requires LuaTeX. It will be ignored. on input line 10406.


Package tikz-feynman Warning: The key you tried to use '/graph drawing/sibling 
distance' requires LuaTeX. It will be ignored. on input line 10406.


Package tikz-feynman Warning: The key you tried to use '/graph drawing/node dis
tance' requires LuaTeX. It will be ignored. on input line 10406.


Package tikz-feynman Warning: The key you tried to use '/graph drawing/level di
stance' requires LuaTeX. It will be ignored. on input line 10406.


Package tikz-feynman Warning: The key you tried to use '/graph drawing/sibling 
distance' requires LuaTeX. It will be ignored. on input line 10406.


Package tikz-feynman Warning: The key you tried to use '/graph drawing/node dis
tance' requires LuaTeX. It will be ignored. on input line 10406.


Package tikz-feynman Warning: The key you tried to use '/graph drawing/level di
stance' requires LuaTeX. It will be ignored. on input line 10406.


Package tikz-feynman Warning: The key you tried to use '/graph drawing/sibling 
distance' requires LuaTeX. It will be ignored. on input line 10406.


Package tikz-feynman Warning: The key you tried to use '/graph drawing/node dis
tance' requires LuaTeX. It will be ignored. on input line 10406.


Package tikz-feynman Warning: The key you tried to use '/graph drawing/level di
stance' requires LuaTeX. It will be ignored. on input line 10406.


Package tikz-feynman Warning: The key you tried to use '/graph drawing/sibling 
distance' requires LuaTeX. It will be ignored. on input line 10406.


Package tikz-feynman Warning: The key you tried to use '/graph drawing/node dis
tance' requires LuaTeX. It will be ignored. on input line 10406.


Package tikz-feynman Warning: The key you tried to use '/graph drawing/level di
stance' requires LuaTeX. It will be ignored. on input line 10406.


Package tikz-feynman Warning: The key you tried to use '/graph drawing/sibling 
distance' requires LuaTeX. It will be ignored. on input line 10406.


Underfull \hbox (badness 10000) in paragraph at lines 10411--10414

 []



[509]

Package tikz-feynman Warning: The key you tried to use '/graph drawing/node dis
tance' requires LuaTeX. It will be ignored. on input line 10414.


Package tikz-feynman Warning: The key you tried to use '/graph drawing/level di
stance' requires LuaTeX. It will be ignored. on input line 10414.


Package tikz-feynman Warning: The key you tried to use '/graph drawing/sibling 
distance' requires LuaTeX. It will be ignored. on input line 10414.


Package tikz-feynman Warning: The key you tried to use '/graph drawing/node dis
tance' requires LuaTeX. It will be ignored. on input line 10414.


Package tikz-feynman Warning: The key you tried to use '/graph drawing/level di
stance' requires LuaTeX. It will be ignored. on input line 10414.


Package tikz-feynman Warning: The key you tried to use '/graph drawing/sibling 
distance' requires LuaTeX. It will be ignored. on input line 10414.


Package tikz-feynman Warning: The key you tried to use '/graph drawing/node dis
tance' requires LuaTeX. It will be ignored. on input line 10418.


Package tikz-feynman Warning: The key you tried to use '/graph drawing/level di
stance' requires LuaTeX. It will be ignored. on input line 10418.


Package tikz-feynman Warning: The key you tried to use '/graph drawing/sibling 
distance' requires LuaTeX. It will be ignored. on input line 10418.


Package tikz-feynman Warning: The key you tried to use '/graph drawing/node dis
tance' requires LuaTeX. It will be ignored. on input line 10418.


Package tikz-feynman Warning: The key you tried to use '/graph drawing/level di
stance' requires LuaTeX. It will be ignored. on input line 10418.


Package tikz-feynman Warning: The key you tried to use '/graph drawing/sibling 
distance' requires LuaTeX. It will be ignored. on input line 10418.


Package tikz-feynman Warning: The key you tried to use '/graph drawing/node dis
tance' requires LuaTeX. It will be ignored. on input line 10418.


Package tikz-feynman Warning: The key you tried to use '/graph drawing/level di
stance' requires LuaTeX. It will be ignored. on input line 10418.


Package tikz-feynman Warning: The key you tried to use '/graph drawing/sibling 
distance' requires LuaTeX. It will be ignored. on input line 10418.


Package tikz-feynman Warning: The key you tried to use '/graph drawing/node dis
tance' requires LuaTeX. It will be ignored. on input line 10418.


Package tikz-feynman Warning: The key you tried to use '/graph drawing/level di
stance' requires LuaTeX. It will be ignored. on input line 10418.


Package tikz-feynman Warning: The key you tried to use '/graph drawing/sibling 
distance' requires LuaTeX. It will be ignored. on input line 10418.


Package tikz-feynman Warning: The key you tried to use '/graph drawing/node dis
tance' requires LuaTeX. It will be ignored. on input line 10418.


Package tikz-feynman Warning: The key you tried to use '/graph drawing/level di
stance' requires LuaTeX. It will be ignored. on input line 10418.


Package tikz-feynman Warning: The key you tried to use '/graph drawing/sibling 
distance' requires LuaTeX. It will be ignored. on input line 10418.


Package tikz-feynman Warning: The key you tried to use '/graph drawing/node dis
tance' requires LuaTeX. It will be ignored. on input line 10418.


Package tikz-feynman Warning: The key you tried to use '/graph drawing/level di
stance' requires LuaTeX. It will be ignored. on input line 10418.


Package tikz-feynman Warning: The key you tried to use '/graph drawing/sibling 
distance' requires LuaTeX. It will be ignored. on input line 10418.


Package tikz-feynman Warning: The key you tried to use '/graph drawing/node dis
tance' requires LuaTeX. It will be ignored. on input line 10418.


Package tikz-feynman Warning: The key you tried to use '/graph drawing/level di
stance' requires LuaTeX. It will be ignored. on input line 10418.


Package tikz-feynman Warning: The key you tried to use '/graph drawing/sibling 
distance' requires LuaTeX. It will be ignored. on input line 10418.


Package tikz-feynman Warning: The key you tried to use '/graph drawing/node dis
tance' requires LuaTeX. It will be ignored. on input line 10418.


Package tikz-feynman Warning: The key you tried to use '/graph drawing/level di
stance' requires LuaTeX. It will be ignored. on input line 10418.


Package tikz-feynman Warning: The key you tried to use '/graph drawing/sibling 
distance' requires LuaTeX. It will be ignored. on input line 10418.


Package tikz-feynman Warning: The key you tried to use '/graph drawing/node dis
tance' requires LuaTeX. It will be ignored. on input line 10418.


Package tikz-feynman Warning: The key you tried to use '/graph drawing/level di
stance' requires LuaTeX. It will be ignored. on input line 10418.


Package tikz-feynman Warning: The key you tried to use '/graph drawing/sibling 
distance' requires LuaTeX. It will be ignored. on input line 10418.


Underfull \hbox (badness 10000) in paragraph at lines 10421--10424

 []


Package tikz-feynman Warning: The key you tried to use '/graph drawing/node dis
tance' requires LuaTeX. It will be ignored. on input line 10426.


Package tikz-feynman Warning: The key you tried to use '/graph drawing/level di
stance' requires LuaTeX. It will be ignored. on input line 10426.


Package tikz-feynman Warning: The key you tried to use '/graph drawing/sibling 
distance' requires LuaTeX. It will be ignored. on input line 10426.


Package tikz-feynman Warning: The key you tried to use '/graph drawing/node dis
tance' requires LuaTeX. It will be ignored. on input line 10426.


Package tikz-feynman Warning: The key you tried to use '/graph drawing/level di
stance' requires LuaTeX. It will be ignored. on input line 10426.


Package tikz-feynman Warning: The key you tried to use '/graph drawing/sibling 
distance' requires LuaTeX. It will be ignored. on input line 10426.


Package tikz-feynman Warning: The key you tried to use '/graph drawing/node dis
tance' requires LuaTeX. It will be ignored. on input line 10426.


Package tikz-feynman Warning: The key you tried to use '/graph drawing/level di
stance' requires LuaTeX. It will be ignored. on input line 10426.


Package tikz-feynman Warning: The key you tried to use '/graph drawing/sibling 
distance' requires LuaTeX. It will be ignored. on input line 10426.


Package tikz-feynman Warning: The key you tried to use '/graph drawing/node dis
tance' requires LuaTeX. It will be ignored. on input line 10426.


Package tikz-feynman Warning: The key you tried to use '/graph drawing/level di
stance' requires LuaTeX. It will be ignored. on input line 10426.


Package tikz-feynman Warning: The key you tried to use '/graph drawing/sibling 
distance' requires LuaTeX. It will be ignored. on input line 10426.


Package tikz-feynman Warning: The key you tried to use '/graph drawing/node dis
tance' requires LuaTeX. It will be ignored. on input line 10426.


Package tikz-feynman Warning: The key you tried to use '/graph drawing/level di
stance' requires LuaTeX. It will be ignored. on input line 10426.


Package tikz-feynman Warning: The key you tried to use '/graph drawing/sibling 
distance' requires LuaTeX. It will be ignored. on input line 10426.


Package tikz-feynman Warning: The key you tried to use '/graph drawing/node dis
tance' requires LuaTeX. It will be ignored. on input line 10426.


Package tikz-feynman Warning: The key you tried to use '/graph drawing/level di
stance' requires LuaTeX. It will be ignored. on input line 10426.


Package tikz-feynman Warning: The key you tried to use '/graph drawing/sibling 
distance' requires LuaTeX. It will be ignored. on input line 10426.


Package tikz-feynman Warning: The key you tried to use '/graph drawing/node dis
tance' requires LuaTeX. It will be ignored. on input line 10430.


Package tikz-feynman Warning: The key you tried to use '/graph drawing/level di
stance' requires LuaTeX. It will be ignored. on input line 10430.


Package tikz-feynman Warning: The key you tried to use '/graph drawing/sibling 
distance' requires LuaTeX. It will be ignored. on input line 10430.


Package tikz-feynman Warning: The key you tried to use '/graph drawing/node dis
tance' requires LuaTeX. It will be ignored. on input line 10430.


Package tikz-feynman Warning: The key you tried to use '/graph drawing/level di
stance' requires LuaTeX. It will be ignored. on input line 10430.


Package tikz-feynman Warning: The key you tried to use '/graph drawing/sibling 
distance' requires LuaTeX. It will be ignored. on input line 10430.


Package tikz-feynman Warning: The key you tried to use '/graph drawing/node dis
tance' requires LuaTeX. It will be ignored. on input line 10430.


Package tikz-feynman Warning: The key you tried to use '/graph drawing/level di
stance' requires LuaTeX. It will be ignored. on input line 10430.


Package tikz-feynman Warning: The key you tried to use '/graph drawing/sibling 
distance' requires LuaTeX. It will be ignored. on input line 10430.


Package tikz-feynman Warning: The key you tried to use '/graph drawing/node dis
tance' requires LuaTeX. It will be ignored. on input line 10430.


Package tikz-feynman Warning: The key you tried to use '/graph drawing/level di
stance' requires LuaTeX. It will be ignored. on input line 10430.


Package tikz-feynman Warning: The key you tried to use '/graph drawing/sibling 
distance' requires LuaTeX. It will be ignored. on input line 10430.


Package tikz-feynman Warning: The key you tried to use '/graph drawing/node dis
tance' requires LuaTeX. It will be ignored. on input line 10430.


Package tikz-feynman Warning: The key you tried to use '/graph drawing/level di
stance' requires LuaTeX. It will be ignored. on input line 10430.


Package tikz-feynman Warning: The key you tried to use '/graph drawing/sibling 
distance' requires LuaTeX. It will be ignored. on input line 10430.


Package tikz-feynman Warning: The key you tried to use '/graph drawing/node dis
tance' requires LuaTeX. It will be ignored. on input line 10430.


Package tikz-feynman Warning: The key you tried to use '/graph drawing/level di
stance' requires LuaTeX. It will be ignored. on input line 10430.


Package tikz-feynman Warning: The key you tried to use '/graph drawing/sibling 
distance' requires LuaTeX. It will be ignored. on input line 10430.


Package tikz-feynman Warning: The key you tried to use '/graph drawing/node dis
tance' requires LuaTeX. It will be ignored. on input line 10430.


Package tikz-feynman Warning: The key you tried to use '/graph drawing/level di
stance' requires LuaTeX. It will be ignored. on input line 10430.


Package tikz-feynman Warning: The key you tried to use '/graph drawing/sibling 
distance' requires LuaTeX. It will be ignored. on input line 10430.


Package tikz-feynman Warning: The key you tried to use '/graph drawing/node dis
tance' requires LuaTeX. It will be ignored. on input line 10430.


Package tikz-feynman Warning: The key you tried to use '/graph drawing/level di
stance' requires LuaTeX. It will be ignored. on input line 10430.


Package tikz-feynman Warning: The key you tried to use '/graph drawing/sibling 
distance' requires LuaTeX. It will be ignored. on input line 10430.


Package tikz-feynman Warning: The key you tried to use '/graph drawing/node dis
tance' requires LuaTeX. It will be ignored. on input line 10430.


Package tikz-feynman Warning: The key you tried to use '/graph drawing/level di
stance' requires LuaTeX. It will be ignored. on input line 10430.


Package tikz-feynman Warning: The key you tried to use '/graph drawing/sibling 
distance' requires LuaTeX. It will be ignored. on input line 10430.


Package tikz-feynman Warning: The key you tried to use '/graph drawing/node dis
tance' requires LuaTeX. It will be ignored. on input line 10430.


Package tikz-feynman Warning: The key you tried to use '/graph drawing/level di
stance' requires LuaTeX. It will be ignored. on input line 10430.


Package tikz-feynman Warning: The key you tried to use '/graph drawing/sibling 
distance' requires LuaTeX. It will be ignored. on input line 10430.


Package tikz-feynman Warning: The key you tried to use '/graph drawing/node dis
tance' requires LuaTeX. It will be ignored. on input line 10430.


Package tikz-feynman Warning: The key you tried to use '/graph drawing/level di
stance' requires LuaTeX. It will be ignored. on input line 10430.


Package tikz-feynman Warning: The key you tried to use '/graph drawing/sibling 
distance' requires LuaTeX. It will be ignored. on input line 10430.


Package tikz-feynman Warning: The key you tried to use '/graph drawing/node dis
tance' requires LuaTeX. It will be ignored. on input line 10430.


Package tikz-feynman Warning: The key you tried to use '/graph drawing/level di
stance' requires LuaTeX. It will be ignored. on input line 10430.


Package tikz-feynman Warning: The key you tried to use '/graph drawing/sibling 
distance' requires LuaTeX. It will be ignored. on input line 10430.


Package tikz-feynman Warning: The key you tried to use '/graph drawing/node dis
tance' requires LuaTeX. It will be ignored. on input line 10430.


Package tikz-feynman Warning: The key you tried to use '/graph drawing/level di
stance' requires LuaTeX. It will be ignored. on input line 10430.


Package tikz-feynman Warning: The key you tried to use '/graph drawing/sibling 
distance' requires LuaTeX. It will be ignored. on input line 10430.


Package tikz-feynman Warning: The key you tried to use '/graph drawing/node dis
tance' requires LuaTeX. It will be ignored. on input line 10430.


Package tikz-feynman Warning: The key you tried to use '/graph drawing/level di
stance' requires LuaTeX. It will be ignored. on input line 10430.


Package tikz-feynman Warning: The key you tried to use '/graph drawing/sibling 
distance' requires LuaTeX. It will be ignored. on input line 10430.


Package tikz-feynman Warning: The key you tried to use '/graph drawing/node dis
tance' requires LuaTeX. It will be ignored. on input line 10430.


Package tikz-feynman Warning: The key you tried to use '/graph drawing/level di
stance' requires LuaTeX. It will be ignored. on input line 10430.


Package tikz-feynman Warning: The key you tried to use '/graph drawing/sibling 
distance' requires LuaTeX. It will be ignored. on input line 10430.


Package tikz-feynman Warning: The key you tried to use '/graph drawing/node dis
tance' requires LuaTeX. It will be ignored. on input line 10430.


Package tikz-feynman Warning: The key you tried to use '/graph drawing/level di
stance' requires LuaTeX. It will be ignored. on input line 10430.


Package tikz-feynman Warning: The key you tried to use '/graph drawing/sibling 
distance' requires LuaTeX. It will be ignored. on input line 10430.


Package tikz-feynman Warning: The key you tried to use '/graph drawing/node dis
tance' requires LuaTeX. It will be ignored. on input line 10430.


Package tikz-feynman Warning: The key you tried to use '/graph drawing/level di
stance' requires LuaTeX. It will be ignored. on input line 10430.


Package tikz-feynman Warning: The key you tried to use '/graph drawing/sibling 
distance' requires LuaTeX. It will be ignored. on input line 10430.


Package tikz-feynman Warning: The key you tried to use '/graph drawing/node dis
tance' requires LuaTeX. It will be ignored. on input line 10430.


Package tikz-feynman Warning: The key you tried to use '/graph drawing/level di
stance' requires LuaTeX. It will be ignored. on input line 10430.


Package tikz-feynman Warning: The key you tried to use '/graph drawing/sibling 
distance' requires LuaTeX. It will be ignored. on input line 10430.


Package tikz-feynman Warning: The key you tried to use '/graph drawing/node dis
tance' requires LuaTeX. It will be ignored. on input line 10430.


Package tikz-feynman Warning: The key you tried to use '/graph drawing/level di
stance' requires LuaTeX. It will be ignored. on input line 10430.


Package tikz-feynman Warning: The key you tried to use '/graph drawing/sibling 
distance' requires LuaTeX. It will be ignored. on input line 10430.


Package tikz-feynman Warning: The key you tried to use '/graph drawing/node dis
tance' requires LuaTeX. It will be ignored. on input line 10430.


Package tikz-feynman Warning: The key you tried to use '/graph drawing/level di
stance' requires LuaTeX. It will be ignored. on input line 10430.


Package tikz-feynman Warning: The key you tried to use '/graph drawing/sibling 
distance' requires LuaTeX. It will be ignored. on input line 10430.


Package tikz-feynman Warning: The key you tried to use '/graph drawing/node dis
tance' requires LuaTeX. It will be ignored. on input line 10430.


Package tikz-feynman Warning: The key you tried to use '/graph drawing/level di
stance' requires LuaTeX. It will be ignored. on input line 10430.


Package tikz-feynman Warning: The key you tried to use '/graph drawing/sibling 
distance' requires LuaTeX. It will be ignored. on input line 10430.


Package tikz-feynman Warning: The key you tried to use '/graph drawing/node dis
tance' requires LuaTeX. It will be ignored. on input line 10430.


Package tikz-feynman Warning: The key you tried to use '/graph drawing/level di
stance' requires LuaTeX. It will be ignored. on input line 10430.


Package tikz-feynman Warning: The key you tried to use '/graph drawing/sibling 
distance' requires LuaTeX. It will be ignored. on input line 10430.



[510]

Package tikz-feynman Warning: The key you tried to use '/graph drawing/node dis
tance' requires LuaTeX. It will be ignored. on input line 10432.


Package tikz-feynman Warning: The key you tried to use '/graph drawing/level di
stance' requires LuaTeX. It will be ignored. on input line 10432.


Package tikz-feynman Warning: The key you tried to use '/graph drawing/sibling 
distance' requires LuaTeX. It will be ignored. on input line 10432.


Package tikz-feynman Warning: The key you tried to use '/graph drawing/node dis
tance' requires LuaTeX. It will be ignored. on input line 10432.


Package tikz-feynman Warning: The key you tried to use '/graph drawing/level di
stance' requires LuaTeX. It will be ignored. on input line 10432.


Package tikz-feynman Warning: The key you tried to use '/graph drawing/sibling 
distance' requires LuaTeX. It will be ignored. on input line 10432.


Package tikz-feynman Warning: The key you tried to use '/graph drawing/node dis
tance' requires LuaTeX. It will be ignored. on input line 10432.


Package tikz-feynman Warning: The key you tried to use '/graph drawing/level di
stance' requires LuaTeX. It will be ignored. on input line 10432.


Package tikz-feynman Warning: The key you tried to use '/graph drawing/sibling 
distance' requires LuaTeX. It will be ignored. on input line 10432.


Package tikz-feynman Warning: The key you tried to use '/graph drawing/node dis
tance' requires LuaTeX. It will be ignored. on input line 10432.


Package tikz-feynman Warning: The key you tried to use '/graph drawing/level di
stance' requires LuaTeX. It will be ignored. on input line 10432.


Package tikz-feynman Warning: The key you tried to use '/graph drawing/sibling 
distance' requires LuaTeX. It will be ignored. on input line 10432.


Package tikz-feynman Warning: The key you tried to use '/graph drawing/node dis
tance' requires LuaTeX. It will be ignored. on input line 10432.


Package tikz-feynman Warning: The key you tried to use '/graph drawing/level di
stance' requires LuaTeX. It will be ignored. on input line 10432.


Package tikz-feynman Warning: The key you tried to use '/graph drawing/sibling 
distance' requires LuaTeX. It will be ignored. on input line 10432.


Package tikz-feynman Warning: The key you tried to use '/graph drawing/node dis
tance' requires LuaTeX. It will be ignored. on input line 10432.


Package tikz-feynman Warning: The key you tried to use '/graph drawing/level di
stance' requires LuaTeX. It will be ignored. on input line 10432.


Package tikz-feynman Warning: The key you tried to use '/graph drawing/sibling 
distance' requires LuaTeX. It will be ignored. on input line 10432.


Underfull \hbox (badness 10000) in paragraph at lines 10432--10436

 []


Package tikz-feynman Warning: The key you tried to use '/graph drawing/node dis
tance' requires LuaTeX. It will be ignored. on input line 10436.


Package tikz-feynman Warning: The key you tried to use '/graph drawing/level di
stance' requires LuaTeX. It will be ignored. on input line 10436.


Package tikz-feynman Warning: The key you tried to use '/graph drawing/sibling 
distance' requires LuaTeX. It will be ignored. on input line 10436.


Package tikz-feynman Warning: The key you tried to use '/graph drawing/node dis
tance' requires LuaTeX. It will be ignored. on input line 10436.


Package tikz-feynman Warning: The key you tried to use '/graph drawing/level di
stance' requires LuaTeX. It will be ignored. on input line 10436.


Package tikz-feynman Warning: The key you tried to use '/graph drawing/sibling 
distance' requires LuaTeX. It will be ignored. on input line 10436.


Package tikz-feynman Warning: The key you tried to use '/graph drawing/node dis
tance' requires LuaTeX. It will be ignored. on input line 10436.


Package tikz-feynman Warning: The key you tried to use '/graph drawing/level di
stance' requires LuaTeX. It will be ignored. on input line 10436.


Package tikz-feynman Warning: The key you tried to use '/graph drawing/sibling 
distance' requires LuaTeX. It will be ignored. on input line 10436.


Package tikz-feynman Warning: The key you tried to use '/graph drawing/node dis
tance' requires LuaTeX. It will be ignored. on input line 10436.


Package tikz-feynman Warning: The key you tried to use '/graph drawing/level di
stance' requires LuaTeX. It will be ignored. on input line 10436.


Package tikz-feynman Warning: The key you tried to use '/graph drawing/sibling 
distance' requires LuaTeX. It will be ignored. on input line 10436.


Package tikz-feynman Warning: The key you tried to use '/graph drawing/node dis
tance' requires LuaTeX. It will be ignored. on input line 10436.


Package tikz-feynman Warning: The key you tried to use '/graph drawing/level di
stance' requires LuaTeX. It will be ignored. on input line 10436.


Package tikz-feynman Warning: The key you tried to use '/graph drawing/sibling 
distance' requires LuaTeX. It will be ignored. on input line 10436.


Package tikz-feynman Warning: The key you tried to use '/graph drawing/node dis
tance' requires LuaTeX. It will be ignored. on input line 10436.


Package tikz-feynman Warning: The key you tried to use '/graph drawing/level di
stance' requires LuaTeX. It will be ignored. on input line 10436.


Package tikz-feynman Warning: The key you tried to use '/graph drawing/sibling 
distance' requires LuaTeX. It will be ignored. on input line 10436.


Underfull \hbox (badness 10000) in paragraph at lines 10437--10440

 []


Package tikz-feynman Warning: The key you tried to use '/graph drawing/node dis
tance' requires LuaTeX. It will be ignored. on input line 10440.


Package tikz-feynman Warning: The key you tried to use '/graph drawing/level di
stance' requires LuaTeX. It will be ignored. on input line 10440.


Package tikz-feynman Warning: The key you tried to use '/graph drawing/sibling 
distance' requires LuaTeX. It will be ignored. on input line 10440.


Package tikz-feynman Warning: The key you tried to use '/graph drawing/node dis
tance' requires LuaTeX. It will be ignored. on input line 10440.


Package tikz-feynman Warning: The key you tried to use '/graph drawing/level di
stance' requires LuaTeX. It will be ignored. on input line 10440.


Package tikz-feynman Warning: The key you tried to use '/graph drawing/sibling 
distance' requires LuaTeX. It will be ignored. on input line 10440.



[511]

Package tikz-feynman Warning: The key you tried to use '/graph drawing/node dis
tance' requires LuaTeX. It will be ignored. on input line 10441.


Package tikz-feynman Warning: The key you tried to use '/graph drawing/level di
stance' requires LuaTeX. It will be ignored. on input line 10441.


Package tikz-feynman Warning: The key you tried to use '/graph drawing/sibling 
distance' requires LuaTeX. It will be ignored. on input line 10441.


Package tikz-feynman Warning: The key you tried to use '/graph drawing/node dis
tance' requires LuaTeX. It will be ignored. on input line 10441.


Package tikz-feynman Warning: The key you tried to use '/graph drawing/level di
stance' requires LuaTeX. It will be ignored. on input line 10441.


Package tikz-feynman Warning: The key you tried to use '/graph drawing/sibling 
distance' requires LuaTeX. It will be ignored. on input line 10441.


Package tikz-feynman Warning: The key you tried to use '/graph drawing/node dis
tance' requires LuaTeX. It will be ignored. on input line 10443.


Package tikz-feynman Warning: The key you tried to use '/graph drawing/level di
stance' requires LuaTeX. It will be ignored. on input line 10443.


Package tikz-feynman Warning: The key you tried to use '/graph drawing/sibling 
distance' requires LuaTeX. It will be ignored. on input line 10443.


Package tikz-feynman Warning: The key you tried to use '/graph drawing/node dis
tance' requires LuaTeX. It will be ignored. on input line 10443.


Package tikz-feynman Warning: The key you tried to use '/graph drawing/level di
stance' requires LuaTeX. It will be ignored. on input line 10443.


Package tikz-feynman Warning: The key you tried to use '/graph drawing/sibling 
distance' requires LuaTeX. It will be ignored. on input line 10443.


Package tikz-feynman Warning: The key you tried to use '/graph drawing/node dis
tance' requires LuaTeX. It will be ignored. on input line 10443.


Package tikz-feynman Warning: The key you tried to use '/graph drawing/level di
stance' requires LuaTeX. It will be ignored. on input line 10443.


Package tikz-feynman Warning: The key you tried to use '/graph drawing/sibling 
distance' requires LuaTeX. It will be ignored. on input line 10443.


Package tikz-feynman Warning: The key you tried to use '/graph drawing/node dis
tance' requires LuaTeX. It will be ignored. on input line 10443.


Package tikz-feynman Warning: The key you tried to use '/graph drawing/level di
stance' requires LuaTeX. It will be ignored. on input line 10443.


Package tikz-feynman Warning: The key you tried to use '/graph drawing/sibling 
distance' requires LuaTeX. It will be ignored. on input line 10443.


Package tikz-feynman Warning: The key you tried to use '/graph drawing/node dis
tance' requires LuaTeX. It will be ignored. on input line 10443.


Package tikz-feynman Warning: The key you tried to use '/graph drawing/level di
stance' requires LuaTeX. It will be ignored. on input line 10443.


Package tikz-feynman Warning: The key you tried to use '/graph drawing/sibling 
distance' requires LuaTeX. It will be ignored. on input line 10443.


Package tikz-feynman Warning: The key you tried to use '/graph drawing/node dis
tance' requires LuaTeX. It will be ignored. on input line 10443.


Package tikz-feynman Warning: The key you tried to use '/graph drawing/level di
stance' requires LuaTeX. It will be ignored. on input line 10443.


Package tikz-feynman Warning: The key you tried to use '/graph drawing/sibling 
distance' requires LuaTeX. It will be ignored. on input line 10443.


Underfull \hbox (badness 10000) in paragraph at lines 10445--10451

 []


Underfull \hbox (badness 10000) in paragraph at lines 10445--10451

 []


Package tikz-feynman Warning: The key you tried to use '/graph drawing/node dis
tance' requires LuaTeX. It will be ignored. on input line 10453.


Package tikz-feynman Warning: The key you tried to use '/graph drawing/level di
stance' requires LuaTeX. It will be ignored. on input line 10453.


Package tikz-feynman Warning: The key you tried to use '/graph drawing/sibling 
distance' requires LuaTeX. It will be ignored. on input line 10453.


Package tikz-feynman Warning: The key you tried to use '/graph drawing/node dis
tance' requires LuaTeX. It will be ignored. on input line 10453.


Package tikz-feynman Warning: The key you tried to use '/graph drawing/level di
stance' requires LuaTeX. It will be ignored. on input line 10453.


Package tikz-feynman Warning: The key you tried to use '/graph drawing/sibling 
distance' requires LuaTeX. It will be ignored. on input line 10453.


Package tikz-feynman Warning: The key you tried to use '/graph drawing/node dis
tance' requires LuaTeX. It will be ignored. on input line 10453.


Package tikz-feynman Warning: The key you tried to use '/graph drawing/level di
stance' requires LuaTeX. It will be ignored. on input line 10453.


Package tikz-feynman Warning: The key you tried to use '/graph drawing/sibling 
distance' requires LuaTeX. It will be ignored. on input line 10453.


Package tikz-feynman Warning: The key you tried to use '/graph drawing/node dis
tance' requires LuaTeX. It will be ignored. on input line 10455.


Package tikz-feynman Warning: The key you tried to use '/graph drawing/level di
stance' requires LuaTeX. It will be ignored. on input line 10455.


Package tikz-feynman Warning: The key you tried to use '/graph drawing/sibling 
distance' requires LuaTeX. It will be ignored. on input line 10455.


Package tikz-feynman Warning: The key you tried to use '/graph drawing/node dis
tance' requires LuaTeX. It will be ignored. on input line 10455.


Package tikz-feynman Warning: The key you tried to use '/graph drawing/level di
stance' requires LuaTeX. It will be ignored. on input line 10455.


Package tikz-feynman Warning: The key you tried to use '/graph drawing/sibling 
distance' requires LuaTeX. It will be ignored. on input line 10455.


Package tikz-feynman Warning: The key you tried to use '/graph drawing/node dis
tance' requires LuaTeX. It will be ignored. on input line 10455.


Package tikz-feynman Warning: The key you tried to use '/graph drawing/level di
stance' requires LuaTeX. It will be ignored. on input line 10455.


Package tikz-feynman Warning: The key you tried to use '/graph drawing/sibling 
distance' requires LuaTeX. It will be ignored. on input line 10455.



[512]

Package tikz-feynman Warning: The key you tried to use '/graph drawing/node dis
tance' requires LuaTeX. It will be ignored. on input line 10455.


Package tikz-feynman Warning: The key you tried to use '/graph drawing/level di
stance' requires LuaTeX. It will be ignored. on input line 10455.


Package tikz-feynman Warning: The key you tried to use '/graph drawing/sibling 
distance' requires LuaTeX. It will be ignored. on input line 10455.


Package tikz-feynman Warning: The key you tried to use '/graph drawing/node dis
tance' requires LuaTeX. It will be ignored. on input line 10455.


Package tikz-feynman Warning: The key you tried to use '/graph drawing/level di
stance' requires LuaTeX. It will be ignored. on input line 10455.


Package tikz-feynman Warning: The key you tried to use '/graph drawing/sibling 
distance' requires LuaTeX. It will be ignored. on input line 10455.


Package tikz-feynman Warning: The key you tried to use '/graph drawing/node dis
tance' requires LuaTeX. It will be ignored. on input line 10455.


Package tikz-feynman Warning: The key you tried to use '/graph drawing/level di
stance' requires LuaTeX. It will be ignored. on input line 10455.


Package tikz-feynman Warning: The key you tried to use '/graph drawing/sibling 
distance' requires LuaTeX. It will be ignored. on input line 10455.


Package tikz-feynman Warning: The key you tried to use '/graph drawing/node dis
tance' requires LuaTeX. It will be ignored. on input line 10457.


Package tikz-feynman Warning: The key you tried to use '/graph drawing/level di
stance' requires LuaTeX. It will be ignored. on input line 10457.


Package tikz-feynman Warning: The key you tried to use '/graph drawing/sibling 
distance' requires LuaTeX. It will be ignored. on input line 10457.


Package tikz-feynman Warning: The key you tried to use '/graph drawing/node dis
tance' requires LuaTeX. It will be ignored. on input line 10457.


Package tikz-feynman Warning: The key you tried to use '/graph drawing/level di
stance' requires LuaTeX. It will be ignored. on input line 10457.


Package tikz-feynman Warning: The key you tried to use '/graph drawing/sibling 
distance' requires LuaTeX. It will be ignored. on input line 10457.


Package tikz-feynman Warning: The key you tried to use '/graph drawing/node dis
tance' requires LuaTeX. It will be ignored. on input line 10457.


Package tikz-feynman Warning: The key you tried to use '/graph drawing/level di
stance' requires LuaTeX. It will be ignored. on input line 10457.


Package tikz-feynman Warning: The key you tried to use '/graph drawing/sibling 
distance' requires LuaTeX. It will be ignored. on input line 10457.


Underfull \hbox (badness 10000) in paragraph at lines 10457--10461

 []


Package tikz-feynman Warning: The key you tried to use '/graph drawing/node dis
tance' requires LuaTeX. It will be ignored. on input line 10465.


Package tikz-feynman Warning: The key you tried to use '/graph drawing/level di
stance' requires LuaTeX. It will be ignored. on input line 10465.


Package tikz-feynman Warning: The key you tried to use '/graph drawing/sibling 
distance' requires LuaTeX. It will be ignored. on input line 10465.


Package tikz-feynman Warning: The key you tried to use '/graph drawing/node dis
tance' requires LuaTeX. It will be ignored. on input line 10465.


Package tikz-feynman Warning: The key you tried to use '/graph drawing/level di
stance' requires LuaTeX. It will be ignored. on input line 10465.


Package tikz-feynman Warning: The key you tried to use '/graph drawing/sibling 
distance' requires LuaTeX. It will be ignored. on input line 10465.


Package tikz-feynman Warning: The key you tried to use '/graph drawing/node dis
tance' requires LuaTeX. It will be ignored. on input line 10465.


Package tikz-feynman Warning: The key you tried to use '/graph drawing/level di
stance' requires LuaTeX. It will be ignored. on input line 10465.


Package tikz-feynman Warning: The key you tried to use '/graph drawing/sibling 
distance' requires LuaTeX. It will be ignored. on input line 10465.


Underfull \hbox (badness 10000) in paragraph at lines 10468--10471

 []



[513]

Package tikz-feynman Warning: The key you tried to use '/graph drawing/node dis
tance' requires LuaTeX. It will be ignored. on input line 10475.


Package tikz-feynman Warning: The key you tried to use '/graph drawing/level di
stance' requires LuaTeX. It will be ignored. on input line 10475.


Package tikz-feynman Warning: The key you tried to use '/graph drawing/sibling 
distance' requires LuaTeX. It will be ignored. on input line 10475.


Package tikz-feynman Warning: The key you tried to use '/graph drawing/node dis
tance' requires LuaTeX. It will be ignored. on input line 10475.


Package tikz-feynman Warning: The key you tried to use '/graph drawing/level di
stance' requires LuaTeX. It will be ignored. on input line 10475.


Package tikz-feynman Warning: The key you tried to use '/graph drawing/sibling 
distance' requires LuaTeX. It will be ignored. on input line 10475.


Package tikz-feynman Warning: The key you tried to use '/graph drawing/node dis
tance' requires LuaTeX. It will be ignored. on input line 10477.


Package tikz-feynman Warning: The key you tried to use '/graph drawing/level di
stance' requires LuaTeX. It will be ignored. on input line 10477.


Package tikz-feynman Warning: The key you tried to use '/graph drawing/sibling 
distance' requires LuaTeX. It will be ignored. on input line 10477.


Package tikz-feynman Warning: The key you tried to use '/graph drawing/node dis
tance' requires LuaTeX. It will be ignored. on input line 10477.


Package tikz-feynman Warning: The key you tried to use '/graph drawing/level di
stance' requires LuaTeX. It will be ignored. on input line 10477.


Package tikz-feynman Warning: The key you tried to use '/graph drawing/sibling 
distance' requires LuaTeX. It will be ignored. on input line 10477.


Package tikz-feynman Warning: The key you tried to use '/graph drawing/node dis
tance' requires LuaTeX. It will be ignored. on input line 10479.


Package tikz-feynman Warning: The key you tried to use '/graph drawing/level di
stance' requires LuaTeX. It will be ignored. on input line 10479.


Package tikz-feynman Warning: The key you tried to use '/graph drawing/sibling 
distance' requires LuaTeX. It will be ignored. on input line 10479.


Package tikz-feynman Warning: The key you tried to use '/graph drawing/node dis
tance' requires LuaTeX. It will be ignored. on input line 10479.


Package tikz-feynman Warning: The key you tried to use '/graph drawing/level di
stance' requires LuaTeX. It will be ignored. on input line 10479.


Package tikz-feynman Warning: The key you tried to use '/graph drawing/sibling 
distance' requires LuaTeX. It will be ignored. on input line 10479.


Package tikz-feynman Warning: The key you tried to use '/graph drawing/node dis
tance' requires LuaTeX. It will be ignored. on input line 10479.


Package tikz-feynman Warning: The key you tried to use '/graph drawing/level di
stance' requires LuaTeX. It will be ignored. on input line 10479.


Package tikz-feynman Warning: The key you tried to use '/graph drawing/sibling 
distance' requires LuaTeX. It will be ignored. on input line 10479.


Package tikz-feynman Warning: The key you tried to use '/graph drawing/node dis
tance' requires LuaTeX. It will be ignored. on input line 10479.


Package tikz-feynman Warning: The key you tried to use '/graph drawing/level di
stance' requires LuaTeX. It will be ignored. on input line 10479.


Package tikz-feynman Warning: The key you tried to use '/graph drawing/sibling 
distance' requires LuaTeX. It will be ignored. on input line 10479.


Package tikz-feynman Warning: The key you tried to use '/graph drawing/node dis
tance' requires LuaTeX. It will be ignored. on input line 10479.


Package tikz-feynman Warning: The key you tried to use '/graph drawing/level di
stance' requires LuaTeX. It will be ignored. on input line 10479.


Package tikz-feynman Warning: The key you tried to use '/graph drawing/sibling 
distance' requires LuaTeX. It will be ignored. on input line 10479.


Package tikz-feynman Warning: The key you tried to use '/graph drawing/node dis
tance' requires LuaTeX. It will be ignored. on input line 10479.


Package tikz-feynman Warning: The key you tried to use '/graph drawing/level di
stance' requires LuaTeX. It will be ignored. on input line 10479.


Package tikz-feynman Warning: The key you tried to use '/graph drawing/sibling 
distance' requires LuaTeX. It will be ignored. on input line 10479.


Package tikz-feynman Warning: The key you tried to use '/graph drawing/node dis
tance' requires LuaTeX. It will be ignored. on input line 10479.


Package tikz-feynman Warning: The key you tried to use '/graph drawing/level di
stance' requires LuaTeX. It will be ignored. on input line 10479.


Package tikz-feynman Warning: The key you tried to use '/graph drawing/sibling 
distance' requires LuaTeX. It will be ignored. on input line 10479.


Package tikz-feynman Warning: The key you tried to use '/graph drawing/node dis
tance' requires LuaTeX. It will be ignored. on input line 10479.


Package tikz-feynman Warning: The key you tried to use '/graph drawing/level di
stance' requires LuaTeX. It will be ignored. on input line 10479.


Package tikz-feynman Warning: The key you tried to use '/graph drawing/sibling 
distance' requires LuaTeX. It will be ignored. on input line 10479.


Package tikz-feynman Warning: The key you tried to use '/graph drawing/node dis
tance' requires LuaTeX. It will be ignored. on input line 10479.


Package tikz-feynman Warning: The key you tried to use '/graph drawing/level di
stance' requires LuaTeX. It will be ignored. on input line 10479.


Package tikz-feynman Warning: The key you tried to use '/graph drawing/sibling 
distance' requires LuaTeX. It will be ignored. on input line 10479.


Underfull \hbox (badness 10000) in paragraph at lines 10479--10483

 []



[514]

Package tikz-feynman Warning: The key you tried to use '/graph drawing/node dis
tance' requires LuaTeX. It will be ignored. on input line 10491.


Package tikz-feynman Warning: The key you tried to use '/graph drawing/level di
stance' requires LuaTeX. It will be ignored. on input line 10491.


Package tikz-feynman Warning: The key you tried to use '/graph drawing/sibling 
distance' requires LuaTeX. It will be ignored. on input line 10491.


Package tikz-feynman Warning: The key you tried to use '/graph drawing/node dis
tance' requires LuaTeX. It will be ignored. on input line 10491.


Package tikz-feynman Warning: The key you tried to use '/graph drawing/level di
stance' requires LuaTeX. It will be ignored. on input line 10491.


Package tikz-feynman Warning: The key you tried to use '/graph drawing/sibling 
distance' requires LuaTeX. It will be ignored. on input line 10491.


Package tikz-feynman Warning: The key you tried to use '/graph drawing/node dis
tance' requires LuaTeX. It will be ignored. on input line 10491.


Package tikz-feynman Warning: The key you tried to use '/graph drawing/level di
stance' requires LuaTeX. It will be ignored. on input line 10491.


Package tikz-feynman Warning: The key you tried to use '/graph drawing/sibling 
distance' requires LuaTeX. It will be ignored. on input line 10491.


Package tikz-feynman Warning: The key you tried to use '/graph drawing/node dis
tance' requires LuaTeX. It will be ignored. on input line 10493.


Package tikz-feynman Warning: The key you tried to use '/graph drawing/level di
stance' requires LuaTeX. It will be ignored. on input line 10493.


Package tikz-feynman Warning: The key you tried to use '/graph drawing/sibling 
distance' requires LuaTeX. It will be ignored. on input line 10493.


Package tikz-feynman Warning: The key you tried to use '/graph drawing/node dis
tance' requires LuaTeX. It will be ignored. on input line 10493.


Package tikz-feynman Warning: The key you tried to use '/graph drawing/level di
stance' requires LuaTeX. It will be ignored. on input line 10493.


Package tikz-feynman Warning: The key you tried to use '/graph drawing/sibling 
distance' requires LuaTeX. It will be ignored. on input line 10493.


Package tikz-feynman Warning: The key you tried to use '/graph drawing/node dis
tance' requires LuaTeX. It will be ignored. on input line 10493.


Package tikz-feynman Warning: The key you tried to use '/graph drawing/level di
stance' requires LuaTeX. It will be ignored. on input line 10493.


Package tikz-feynman Warning: The key you tried to use '/graph drawing/sibling 
distance' requires LuaTeX. It will be ignored. on input line 10493.


Underfull \hbox (badness 10000) in paragraph at lines 10493--10497

 []


Package tikz-feynman Warning: The key you tried to use '/graph drawing/node dis
tance' requires LuaTeX. It will be ignored. on input line 10499.


Package tikz-feynman Warning: The key you tried to use '/graph drawing/level di
stance' requires LuaTeX. It will be ignored. on input line 10499.


Package tikz-feynman Warning: The key you tried to use '/graph drawing/sibling 
distance' requires LuaTeX. It will be ignored. on input line 10499.


Package tikz-feynman Warning: The key you tried to use '/graph drawing/node dis
tance' requires LuaTeX. It will be ignored. on input line 10499.


Package tikz-feynman Warning: The key you tried to use '/graph drawing/level di
stance' requires LuaTeX. It will be ignored. on input line 10499.


Package tikz-feynman Warning: The key you tried to use '/graph drawing/sibling 
distance' requires LuaTeX. It will be ignored. on input line 10499.


Package tikz-feynman Warning: The key you tried to use '/graph drawing/node dis
tance' requires LuaTeX. It will be ignored. on input line 10501.


Package tikz-feynman Warning: The key you tried to use '/graph drawing/level di
stance' requires LuaTeX. It will be ignored. on input line 10501.


Package tikz-feynman Warning: The key you tried to use '/graph drawing/sibling 
distance' requires LuaTeX. It will be ignored. on input line 10501.


Package tikz-feynman Warning: The key you tried to use '/graph drawing/node dis
tance' requires LuaTeX. It will be ignored. on input line 10501.


Package tikz-feynman Warning: The key you tried to use '/graph drawing/level di
stance' requires LuaTeX. It will be ignored. on input line 10501.


Package tikz-feynman Warning: The key you tried to use '/graph drawing/sibling 
distance' requires LuaTeX. It will be ignored. on input line 10501.


Underfull \hbox (badness 10000) in paragraph at lines 10501--10505

 []



[515]

Package tikz-feynman Warning: The key you tried to use '/graph drawing/node dis
tance' requires LuaTeX. It will be ignored. on input line 10505.


Package tikz-feynman Warning: The key you tried to use '/graph drawing/level di
stance' requires LuaTeX. It will be ignored. on input line 10505.


Package tikz-feynman Warning: The key you tried to use '/graph drawing/sibling 
distance' requires LuaTeX. It will be ignored. on input line 10505.


Package tikz-feynman Warning: The key you tried to use '/graph drawing/node dis
tance' requires LuaTeX. It will be ignored. on input line 10505.


Package tikz-feynman Warning: The key you tried to use '/graph drawing/level di
stance' requires LuaTeX. It will be ignored. on input line 10505.


Package tikz-feynman Warning: The key you tried to use '/graph drawing/sibling 
distance' requires LuaTeX. It will be ignored. on input line 10505.


Package tikz-feynman Warning: The key you tried to use '/graph drawing/node dis
tance' requires LuaTeX. It will be ignored. on input line 10505.


Package tikz-feynman Warning: The key you tried to use '/graph drawing/level di
stance' requires LuaTeX. It will be ignored. on input line 10505.


Package tikz-feynman Warning: The key you tried to use '/graph drawing/sibling 
distance' requires LuaTeX. It will be ignored. on input line 10505.


Package tikz-feynman Warning: The key you tried to use '/graph drawing/node dis
tance' requires LuaTeX. It will be ignored. on input line 10505.


Package tikz-feynman Warning: The key you tried to use '/graph drawing/level di
stance' requires LuaTeX. It will be ignored. on input line 10505.


Package tikz-feynman Warning: The key you tried to use '/graph drawing/sibling 
distance' requires LuaTeX. It will be ignored. on input line 10505.


Package tikz-feynman Warning: The key you tried to use '/graph drawing/node dis
tance' requires LuaTeX. It will be ignored. on input line 10505.


Package tikz-feynman Warning: The key you tried to use '/graph drawing/level di
stance' requires LuaTeX. It will be ignored. on input line 10505.


Package tikz-feynman Warning: The key you tried to use '/graph drawing/sibling 
distance' requires LuaTeX. It will be ignored. on input line 10505.


Package tikz-feynman Warning: The key you tried to use '/graph drawing/node dis
tance' requires LuaTeX. It will be ignored. on input line 10505.


Package tikz-feynman Warning: The key you tried to use '/graph drawing/level di
stance' requires LuaTeX. It will be ignored. on input line 10505.


Package tikz-feynman Warning: The key you tried to use '/graph drawing/sibling 
distance' requires LuaTeX. It will be ignored. on input line 10505.


Underfull \hbox (badness 10000) in paragraph at lines 10506--10509

 []


Underfull \hbox (badness 10000) in paragraph at lines 10506--10509

 []


Package tikz-feynman Warning: The key you tried to use '/graph drawing/node dis
tance' requires LuaTeX. It will be ignored. on input line 10509.


Package tikz-feynman Warning: The key you tried to use '/graph drawing/level di
stance' requires LuaTeX. It will be ignored. on input line 10509.


Package tikz-feynman Warning: The key you tried to use '/graph drawing/sibling 
distance' requires LuaTeX. It will be ignored. on input line 10509.


Package tikz-feynman Warning: The key you tried to use '/graph drawing/node dis
tance' requires LuaTeX. It will be ignored. on input line 10509.


Package tikz-feynman Warning: The key you tried to use '/graph drawing/level di
stance' requires LuaTeX. It will be ignored. on input line 10509.


Package tikz-feynman Warning: The key you tried to use '/graph drawing/sibling 
distance' requires LuaTeX. It will be ignored. on input line 10509.


Package tikz-feynman Warning: The key you tried to use '/graph drawing/node dis
tance' requires LuaTeX. It will be ignored. on input line 10513.


Package tikz-feynman Warning: The key you tried to use '/graph drawing/level di
stance' requires LuaTeX. It will be ignored. on input line 10513.


Package tikz-feynman Warning: The key you tried to use '/graph drawing/sibling 
distance' requires LuaTeX. It will be ignored. on input line 10513.


Package tikz-feynman Warning: The key you tried to use '/graph drawing/node dis
tance' requires LuaTeX. It will be ignored. on input line 10513.


Package tikz-feynman Warning: The key you tried to use '/graph drawing/level di
stance' requires LuaTeX. It will be ignored. on input line 10513.


Package tikz-feynman Warning: The key you tried to use '/graph drawing/sibling 
distance' requires LuaTeX. It will be ignored. on input line 10513.



[516]
Underfull \hbox (badness 10000) in paragraph at lines 10518--10521

 []


Package tikz-feynman Warning: The key you tried to use '/graph drawing/node dis
tance' requires LuaTeX. It will be ignored. on input line 10523.


Package tikz-feynman Warning: The key you tried to use '/graph drawing/level di
stance' requires LuaTeX. It will be ignored. on input line 10523.


Package tikz-feynman Warning: The key you tried to use '/graph drawing/sibling 
distance' requires LuaTeX. It will be ignored. on input line 10523.


Package tikz-feynman Warning: The key you tried to use '/graph drawing/node dis
tance' requires LuaTeX. It will be ignored. on input line 10523.


Package tikz-feynman Warning: The key you tried to use '/graph drawing/level di
stance' requires LuaTeX. It will be ignored. on input line 10523.


Package tikz-feynman Warning: The key you tried to use '/graph drawing/sibling 
distance' requires LuaTeX. It will be ignored. on input line 10523.


Package tikz-feynman Warning: The key you tried to use '/graph drawing/node dis
tance' requires LuaTeX. It will be ignored. on input line 10523.


Package tikz-feynman Warning: The key you tried to use '/graph drawing/level di
stance' requires LuaTeX. It will be ignored. on input line 10523.


Package tikz-feynman Warning: The key you tried to use '/graph drawing/sibling 
distance' requires LuaTeX. It will be ignored. on input line 10523.


Package tikz-feynman Warning: The key you tried to use '/graph drawing/node dis
tance' requires LuaTeX. It will be ignored. on input line 10523.


Package tikz-feynman Warning: The key you tried to use '/graph drawing/level di
stance' requires LuaTeX. It will be ignored. on input line 10523.


Package tikz-feynman Warning: The key you tried to use '/graph drawing/sibling 
distance' requires LuaTeX. It will be ignored. on input line 10523.


Package tikz-feynman Warning: The key you tried to use '/graph drawing/node dis
tance' requires LuaTeX. It will be ignored. on input line 10523.


Package tikz-feynman Warning: The key you tried to use '/graph drawing/level di
stance' requires LuaTeX. It will be ignored. on input line 10523.


Package tikz-feynman Warning: The key you tried to use '/graph drawing/sibling 
distance' requires LuaTeX. It will be ignored. on input line 10523.


Package tikz-feynman Warning: The key you tried to use '/graph drawing/node dis
tance' requires LuaTeX. It will be ignored. on input line 10523.


Package tikz-feynman Warning: The key you tried to use '/graph drawing/level di
stance' requires LuaTeX. It will be ignored. on input line 10523.


Package tikz-feynman Warning: The key you tried to use '/graph drawing/sibling 
distance' requires LuaTeX. It will be ignored. on input line 10523.


Package tikz-feynman Warning: The key you tried to use '/graph drawing/node dis
tance' requires LuaTeX. It will be ignored. on input line 10524.


Package tikz-feynman Warning: The key you tried to use '/graph drawing/level di
stance' requires LuaTeX. It will be ignored. on input line 10524.


Package tikz-feynman Warning: The key you tried to use '/graph drawing/sibling 
distance' requires LuaTeX. It will be ignored. on input line 10524.


Package tikz-feynman Warning: The key you tried to use '/graph drawing/node dis
tance' requires LuaTeX. It will be ignored. on input line 10524.


Package tikz-feynman Warning: The key you tried to use '/graph drawing/level di
stance' requires LuaTeX. It will be ignored. on input line 10524.


Package tikz-feynman Warning: The key you tried to use '/graph drawing/sibling 
distance' requires LuaTeX. It will be ignored. on input line 10524.


Package tikz-feynman Warning: The key you tried to use '/graph drawing/node dis
tance' requires LuaTeX. It will be ignored. on input line 10524.


Package tikz-feynman Warning: The key you tried to use '/graph drawing/level di
stance' requires LuaTeX. It will be ignored. on input line 10524.


Package tikz-feynman Warning: The key you tried to use '/graph drawing/sibling 
distance' requires LuaTeX. It will be ignored. on input line 10524.


Package tikz-feynman Warning: The key you tried to use '/graph drawing/node dis
tance' requires LuaTeX. It will be ignored. on input line 10525.


Package tikz-feynman Warning: The key you tried to use '/graph drawing/level di
stance' requires LuaTeX. It will be ignored. on input line 10525.


Package tikz-feynman Warning: The key you tried to use '/graph drawing/sibling 
distance' requires LuaTeX. It will be ignored. on input line 10525.


Package tikz-feynman Warning: The key you tried to use '/graph drawing/node dis
tance' requires LuaTeX. It will be ignored. on input line 10525.


Package tikz-feynman Warning: The key you tried to use '/graph drawing/level di
stance' requires LuaTeX. It will be ignored. on input line 10525.


Package tikz-feynman Warning: The key you tried to use '/graph drawing/sibling 
distance' requires LuaTeX. It will be ignored. on input line 10525.


Package tikz-feynman Warning: The key you tried to use '/graph drawing/node dis
tance' requires LuaTeX. It will be ignored. on input line 10525.


Package tikz-feynman Warning: The key you tried to use '/graph drawing/level di
stance' requires LuaTeX. It will be ignored. on input line 10525.


Package tikz-feynman Warning: The key you tried to use '/graph drawing/sibling 
distance' requires LuaTeX. It will be ignored. on input line 10525.


Underfull \hbox (badness 10000) in paragraph at lines 10525--10529

 []


Underfull \hbox (badness 10000) in paragraph at lines 10525--10529

 []


Package tikz-feynman Warning: The key you tried to use '/graph drawing/node dis
tance' requires LuaTeX. It will be ignored. on input line 10529.


Package tikz-feynman Warning: The key you tried to use '/graph drawing/level di
stance' requires LuaTeX. It will be ignored. on input line 10529.


Package tikz-feynman Warning: The key you tried to use '/graph drawing/sibling 
distance' requires LuaTeX. It will be ignored. on input line 10529.


Package tikz-feynman Warning: The key you tried to use '/graph drawing/node dis
tance' requires LuaTeX. It will be ignored. on input line 10529.


Package tikz-feynman Warning: The key you tried to use '/graph drawing/level di
stance' requires LuaTeX. It will be ignored. on input line 10529.


Package tikz-feynman Warning: The key you tried to use '/graph drawing/sibling 
distance' requires LuaTeX. It will be ignored. on input line 10529.


Package tikz-feynman Warning: The key you tried to use '/graph drawing/node dis
tance' requires LuaTeX. It will be ignored. on input line 10529.


Package tikz-feynman Warning: The key you tried to use '/graph drawing/level di
stance' requires LuaTeX. It will be ignored. on input line 10529.


Package tikz-feynman Warning: The key you tried to use '/graph drawing/sibling 
distance' requires LuaTeX. It will be ignored. on input line 10529.


Package tikz-feynman Warning: The key you tried to use '/graph drawing/node dis
tance' requires LuaTeX. It will be ignored. on input line 10529.


Package tikz-feynman Warning: The key you tried to use '/graph drawing/level di
stance' requires LuaTeX. It will be ignored. on input line 10529.


Package tikz-feynman Warning: The key you tried to use '/graph drawing/sibling 
distance' requires LuaTeX. It will be ignored. on input line 10529.


Package tikz-feynman Warning: The key you tried to use '/graph drawing/node dis
tance' requires LuaTeX. It will be ignored. on input line 10531.


Package tikz-feynman Warning: The key you tried to use '/graph drawing/level di
stance' requires LuaTeX. It will be ignored. on input line 10531.


Package tikz-feynman Warning: The key you tried to use '/graph drawing/sibling 
distance' requires LuaTeX. It will be ignored. on input line 10531.


Package tikz-feynman Warning: The key you tried to use '/graph drawing/node dis
tance' requires LuaTeX. It will be ignored. on input line 10531.


Package tikz-feynman Warning: The key you tried to use '/graph drawing/level di
stance' requires LuaTeX. It will be ignored. on input line 10531.


Package tikz-feynman Warning: The key you tried to use '/graph drawing/sibling 
distance' requires LuaTeX. It will be ignored. on input line 10531.


Package tikz-feynman Warning: The key you tried to use '/graph drawing/node dis
tance' requires LuaTeX. It will be ignored. on input line 10531.


Package tikz-feynman Warning: The key you tried to use '/graph drawing/level di
stance' requires LuaTeX. It will be ignored. on input line 10531.


Package tikz-feynman Warning: The key you tried to use '/graph drawing/sibling 
distance' requires LuaTeX. It will be ignored. on input line 10531.


Package tikz-feynman Warning: The key you tried to use '/graph drawing/node dis
tance' requires LuaTeX. It will be ignored. on input line 10531.


Package tikz-feynman Warning: The key you tried to use '/graph drawing/level di
stance' requires LuaTeX. It will be ignored. on input line 10531.


Package tikz-feynman Warning: The key you tried to use '/graph drawing/sibling 
distance' requires LuaTeX. It will be ignored. on input line 10531.



[517]
Underfull \hbox (badness 10000) in paragraph at lines 10535--10543

 []


Underfull \hbox (badness 10000) in paragraph at lines 10535--10543

 []


Underfull \hbox (badness 10000) in paragraph at lines 10535--10543

 []


Underfull \hbox (badness 10000) in paragraph at lines 10551--10555

 []



[518]
Underfull \hbox (badness 10000) in paragraph at lines 10569--10573

 []



[519]
Overfull \hbox (4.60925pt too wide) in paragraph at lines 10580--10581
\C70/rm/m/n/10/56 ‡ \C70/rm/m/n/10/80 ^^L \C70/rm/m/n/10/4e Œ \C70/rm/m/n/10/5f
 ^^O\T1/cmr/m/n/10 (-20) ([]11.6.34[])\C70/rm/m/n/10/62 ^^Q \C70/rm/m/n/10/4e Ï
 \C70/rm/m/n/10/5c 1 \C70/rm/m/n/10/53 Ô \C70/rm/m/n/10/4e Â \C70/rm/m/n/10/76 
Ù \C70/rm/m/n/10/63 • \C70/rm/m/n/10/5f ó \C70/rm/m/n/10/52 0|\C70/rm/m/n/10/ff
 ^^L| \C70/rm/m/n/10/8f ˘ \C70/rm/m/n/10/76 Ñ$\OML/cmm/m/it/10 u$\C70/rm/m/n/10
/7e ß \C70/rm/m/n/10/4f Ó \C70/rm/m/n/10/6b c \C70/rm/m/n/10/75 1 \C70/rm/m/n/1
0/4e ^^@ *$\OML/cmm/m/it/10 u$\C70/rm/m/n/10/98 v \C70/rm/m/n/10/70 π \C70/rm/m
/n/10/57 ^^H \C70/rm/m/n/10/56 ˛ \C70/rm/m/n/10/78 n \C70/rm/m/n/10/5b ö|\C70/r
m/m/n/10/ff ^^L| \C70/rm/m/n/10/8f Ÿ \C70/rm/m/n/10/4e * \C70/rm/m/n/10/57 ^^H 
\C70/rm/m/n/10/56 ˛ \C70/rm/m/n/10/76 Ñ \C70/rm/m/n/10/91 Õ \C70/rm/m/n/10/59 ^
^M \C70/rm/m/n/10/8b ° \C70/rm/m/n/10/65 p \C70/rm/m/n/10/4e :$\OML/cmm/m/it/10
 u\OT1/cmr/m/n/10 (-20) !$\C70/rm/m/n/10/6b !|\C70/rm/m/n/10/ff ^^L|
 []


Package tikz-feynman Warning: The key you tried to use '/graph drawing/node dis
tance' requires LuaTeX. It will be ignored. on input line 10581.


Package tikz-feynman Warning: The key you tried to use '/graph drawing/level di
stance' requires LuaTeX. It will be ignored. on input line 10581.


Package tikz-feynman Warning: The key you tried to use '/graph drawing/sibling 
distance' requires LuaTeX. It will be ignored. on input line 10581.


Package tikz-feynman Warning: The key you tried to use '/graph drawing/node dis
tance' requires LuaTeX. It will be ignored. on input line 10581.


Package tikz-feynman Warning: The key you tried to use '/graph drawing/level di
stance' requires LuaTeX. It will be ignored. on input line 10581.


Package tikz-feynman Warning: The key you tried to use '/graph drawing/sibling 
distance' requires LuaTeX. It will be ignored. on input line 10581.


Package tikz-feynman Warning: The key you tried to use '/graph drawing/node dis
tance' requires LuaTeX. It will be ignored. on input line 10581.


Package tikz-feynman Warning: The key you tried to use '/graph drawing/level di
stance' requires LuaTeX. It will be ignored. on input line 10581.


Package tikz-feynman Warning: The key you tried to use '/graph drawing/sibling 
distance' requires LuaTeX. It will be ignored. on input line 10581.


Underfull \hbox (badness 10000) in paragraph at lines 10581--10585

 []



[520]
Underfull \hbox (badness 10000) in paragraph at lines 10591--10595

 []


Package tikz-feynman Warning: The key you tried to use '/graph drawing/node dis
tance' requires LuaTeX. It will be ignored. on input line 10597.


Package tikz-feynman Warning: The key you tried to use '/graph drawing/level di
stance' requires LuaTeX. It will be ignored. on input line 10597.


Package tikz-feynman Warning: The key you tried to use '/graph drawing/sibling 
distance' requires LuaTeX. It will be ignored. on input line 10597.


Package tikz-feynman Warning: The key you tried to use '/graph drawing/node dis
tance' requires LuaTeX. It will be ignored. on input line 10597.


Package tikz-feynman Warning: The key you tried to use '/graph drawing/level di
stance' requires LuaTeX. It will be ignored. on input line 10597.


Package tikz-feynman Warning: The key you tried to use '/graph drawing/sibling 
distance' requires LuaTeX. It will be ignored. on input line 10597.


Package tikz-feynman Warning: The key you tried to use '/graph drawing/node dis
tance' requires LuaTeX. It will be ignored. on input line 10597.


Package tikz-feynman Warning: The key you tried to use '/graph drawing/level di
stance' requires LuaTeX. It will be ignored. on input line 10597.


Package tikz-feynman Warning: The key you tried to use '/graph drawing/sibling 
distance' requires LuaTeX. It will be ignored. on input line 10597.



[521]

Package tikz-feynman Warning: The key you tried to use '/graph drawing/node dis
tance' requires LuaTeX. It will be ignored. on input line 10605.


Package tikz-feynman Warning: The key you tried to use '/graph drawing/level di
stance' requires LuaTeX. It will be ignored. on input line 10605.


Package tikz-feynman Warning: The key you tried to use '/graph drawing/sibling 
distance' requires LuaTeX. It will be ignored. on input line 10605.


Package tikz-feynman Warning: The key you tried to use '/graph drawing/node dis
tance' requires LuaTeX. It will be ignored. on input line 10605.


Package tikz-feynman Warning: The key you tried to use '/graph drawing/level di
stance' requires LuaTeX. It will be ignored. on input line 10605.


Package tikz-feynman Warning: The key you tried to use '/graph drawing/sibling 
distance' requires LuaTeX. It will be ignored. on input line 10605.


Package tikz-feynman Warning: The key you tried to use '/graph drawing/node dis
tance' requires LuaTeX. It will be ignored. on input line 10605.


Package tikz-feynman Warning: The key you tried to use '/graph drawing/level di
stance' requires LuaTeX. It will be ignored. on input line 10605.


Package tikz-feynman Warning: The key you tried to use '/graph drawing/sibling 
distance' requires LuaTeX. It will be ignored. on input line 10605.


Package tikz-feynman Warning: The key you tried to use '/graph drawing/node dis
tance' requires LuaTeX. It will be ignored. on input line 10605.


Package tikz-feynman Warning: The key you tried to use '/graph drawing/level di
stance' requires LuaTeX. It will be ignored. on input line 10605.


Package tikz-feynman Warning: The key you tried to use '/graph drawing/sibling 
distance' requires LuaTeX. It will be ignored. on input line 10605.


Package tikz-feynman Warning: The key you tried to use '/graph drawing/node dis
tance' requires LuaTeX. It will be ignored. on input line 10605.


Package tikz-feynman Warning: The key you tried to use '/graph drawing/level di
stance' requires LuaTeX. It will be ignored. on input line 10605.


Package tikz-feynman Warning: The key you tried to use '/graph drawing/sibling 
distance' requires LuaTeX. It will be ignored. on input line 10605.


Package tikz-feynman Warning: The key you tried to use '/graph drawing/node dis
tance' requires LuaTeX. It will be ignored. on input line 10605.


Package tikz-feynman Warning: The key you tried to use '/graph drawing/level di
stance' requires LuaTeX. It will be ignored. on input line 10605.


Package tikz-feynman Warning: The key you tried to use '/graph drawing/sibling 
distance' requires LuaTeX. It will be ignored. on input line 10605.


Underfull \hbox (badness 10000) in paragraph at lines 10607--10613

 []


Underfull \hbox (badness 10000) in paragraph at lines 10607--10613

 []


Underfull \hbox (badness 10000) in paragraph at lines 10614--10617

 []



[522]

Package tikz-feynman Warning: The key you tried to use '/graph drawing/node dis
tance' requires LuaTeX. It will be ignored. on input line 10625.


Package tikz-feynman Warning: The key you tried to use '/graph drawing/level di
stance' requires LuaTeX. It will be ignored. on input line 10625.


Package tikz-feynman Warning: The key you tried to use '/graph drawing/sibling 
distance' requires LuaTeX. It will be ignored. on input line 10625.


Package tikz-feynman Warning: The key you tried to use '/graph drawing/node dis
tance' requires LuaTeX. It will be ignored. on input line 10625.


Package tikz-feynman Warning: The key you tried to use '/graph drawing/level di
stance' requires LuaTeX. It will be ignored. on input line 10625.


Package tikz-feynman Warning: The key you tried to use '/graph drawing/sibling 
distance' requires LuaTeX. It will be ignored. on input line 10625.


Package tikz-feynman Warning: The key you tried to use '/graph drawing/node dis
tance' requires LuaTeX. It will be ignored. on input line 10625.


Package tikz-feynman Warning: The key you tried to use '/graph drawing/level di
stance' requires LuaTeX. It will be ignored. on input line 10625.


Package tikz-feynman Warning: The key you tried to use '/graph drawing/sibling 
distance' requires LuaTeX. It will be ignored. on input line 10625.


Package tikz-feynman Warning: The key you tried to use '/graph drawing/node dis
tance' requires LuaTeX. It will be ignored. on input line 10625.


Package tikz-feynman Warning: The key you tried to use '/graph drawing/level di
stance' requires LuaTeX. It will be ignored. on input line 10625.


Package tikz-feynman Warning: The key you tried to use '/graph drawing/sibling 
distance' requires LuaTeX. It will be ignored. on input line 10625.


Package tikz-feynman Warning: The key you tried to use '/graph drawing/node dis
tance' requires LuaTeX. It will be ignored. on input line 10627.


Package tikz-feynman Warning: The key you tried to use '/graph drawing/level di
stance' requires LuaTeX. It will be ignored. on input line 10627.


Package tikz-feynman Warning: The key you tried to use '/graph drawing/sibling 
distance' requires LuaTeX. It will be ignored. on input line 10627.


Package tikz-feynman Warning: The key you tried to use '/graph drawing/node dis
tance' requires LuaTeX. It will be ignored. on input line 10627.


Package tikz-feynman Warning: The key you tried to use '/graph drawing/level di
stance' requires LuaTeX. It will be ignored. on input line 10627.


Package tikz-feynman Warning: The key you tried to use '/graph drawing/sibling 
distance' requires LuaTeX. It will be ignored. on input line 10627.


Package tikz-feynman Warning: The key you tried to use '/graph drawing/node dis
tance' requires LuaTeX. It will be ignored. on input line 10629.


Package tikz-feynman Warning: The key you tried to use '/graph drawing/level di
stance' requires LuaTeX. It will be ignored. on input line 10629.


Package tikz-feynman Warning: The key you tried to use '/graph drawing/sibling 
distance' requires LuaTeX. It will be ignored. on input line 10629.


Package tikz-feynman Warning: The key you tried to use '/graph drawing/node dis
tance' requires LuaTeX. It will be ignored. on input line 10629.


Package tikz-feynman Warning: The key you tried to use '/graph drawing/level di
stance' requires LuaTeX. It will be ignored. on input line 10629.


Package tikz-feynman Warning: The key you tried to use '/graph drawing/sibling 
distance' requires LuaTeX. It will be ignored. on input line 10629.


Package tikz-feynman Warning: The key you tried to use '/graph drawing/node dis
tance' requires LuaTeX. It will be ignored. on input line 10629.


Package tikz-feynman Warning: The key you tried to use '/graph drawing/level di
stance' requires LuaTeX. It will be ignored. on input line 10629.


Package tikz-feynman Warning: The key you tried to use '/graph drawing/sibling 
distance' requires LuaTeX. It will be ignored. on input line 10629.


Underfull \hbox (badness 10000) in paragraph at lines 10629--10633

 []


Underfull \hbox (badness 10000) in paragraph at lines 10629--10633

 []


Underfull \hbox (badness 10000) in paragraph at lines 10641--10645

 []



[523]

Package tikz-feynman Warning: The key you tried to use '/graph drawing/node dis
tance' requires LuaTeX. It will be ignored. on input line 10663.


Package tikz-feynman Warning: The key you tried to use '/graph drawing/level di
stance' requires LuaTeX. It will be ignored. on input line 10663.


Package tikz-feynman Warning: The key you tried to use '/graph drawing/sibling 
distance' requires LuaTeX. It will be ignored. on input line 10663.


Package tikz-feynman Warning: The key you tried to use '/graph drawing/node dis
tance' requires LuaTeX. It will be ignored. on input line 10663.


Package tikz-feynman Warning: The key you tried to use '/graph drawing/level di
stance' requires LuaTeX. It will be ignored. on input line 10663.


Package tikz-feynman Warning: The key you tried to use '/graph drawing/sibling 
distance' requires LuaTeX. It will be ignored. on input line 10663.


Package tikz-feynman Warning: The key you tried to use '/graph drawing/node dis
tance' requires LuaTeX. It will be ignored. on input line 10663.


Package tikz-feynman Warning: The key you tried to use '/graph drawing/level di
stance' requires LuaTeX. It will be ignored. on input line 10663.


Package tikz-feynman Warning: The key you tried to use '/graph drawing/sibling 
distance' requires LuaTeX. It will be ignored. on input line 10663.


Package tikz-feynman Warning: The key you tried to use '/graph drawing/node dis
tance' requires LuaTeX. It will be ignored. on input line 10663.


Package tikz-feynman Warning: The key you tried to use '/graph drawing/level di
stance' requires LuaTeX. It will be ignored. on input line 10663.


Package tikz-feynman Warning: The key you tried to use '/graph drawing/sibling 
distance' requires LuaTeX. It will be ignored. on input line 10663.


Package tikz-feynman Warning: The key you tried to use '/graph drawing/node dis
tance' requires LuaTeX. It will be ignored. on input line 10663.


Package tikz-feynman Warning: The key you tried to use '/graph drawing/level di
stance' requires LuaTeX. It will be ignored. on input line 10663.


Package tikz-feynman Warning: The key you tried to use '/graph drawing/sibling 
distance' requires LuaTeX. It will be ignored. on input line 10663.


Package tikz-feynman Warning: The key you tried to use '/graph drawing/node dis
tance' requires LuaTeX. It will be ignored. on input line 10663.


Package tikz-feynman Warning: The key you tried to use '/graph drawing/level di
stance' requires LuaTeX. It will be ignored. on input line 10663.


Package tikz-feynman Warning: The key you tried to use '/graph drawing/sibling 
distance' requires LuaTeX. It will be ignored. on input line 10663.


Package tikz-feynman Warning: The key you tried to use '/graph drawing/node dis
tance' requires LuaTeX. It will be ignored. on input line 10663.


Package tikz-feynman Warning: The key you tried to use '/graph drawing/level di
stance' requires LuaTeX. It will be ignored. on input line 10663.


Package tikz-feynman Warning: The key you tried to use '/graph drawing/sibling 
distance' requires LuaTeX. It will be ignored. on input line 10663.


Package tikz-feynman Warning: The key you tried to use '/graph drawing/node dis
tance' requires LuaTeX. It will be ignored. on input line 10663.


Package tikz-feynman Warning: The key you tried to use '/graph drawing/level di
stance' requires LuaTeX. It will be ignored. on input line 10663.


Package tikz-feynman Warning: The key you tried to use '/graph drawing/sibling 
distance' requires LuaTeX. It will be ignored. on input line 10663.


Underfull \hbox (badness 10000) in paragraph at lines 10665--10669

 []



[524]

Package tikz-feynman Warning: The key you tried to use '/graph drawing/node dis
tance' requires LuaTeX. It will be ignored. on input line 10669.


Package tikz-feynman Warning: The key you tried to use '/graph drawing/level di
stance' requires LuaTeX. It will be ignored. on input line 10669.


Package tikz-feynman Warning: The key you tried to use '/graph drawing/sibling 
distance' requires LuaTeX. It will be ignored. on input line 10669.


Package tikz-feynman Warning: The key you tried to use '/graph drawing/node dis
tance' requires LuaTeX. It will be ignored. on input line 10669.


Package tikz-feynman Warning: The key you tried to use '/graph drawing/level di
stance' requires LuaTeX. It will be ignored. on input line 10669.


Package tikz-feynman Warning: The key you tried to use '/graph drawing/sibling 
distance' requires LuaTeX. It will be ignored. on input line 10669.


Package tikz-feynman Warning: The key you tried to use '/graph drawing/node dis
tance' requires LuaTeX. It will be ignored. on input line 10669.


Package tikz-feynman Warning: The key you tried to use '/graph drawing/level di
stance' requires LuaTeX. It will be ignored. on input line 10669.


Package tikz-feynman Warning: The key you tried to use '/graph drawing/sibling 
distance' requires LuaTeX. It will be ignored. on input line 10669.


Package tikz-feynman Warning: The key you tried to use '/graph drawing/node dis
tance' requires LuaTeX. It will be ignored. on input line 10669.


Package tikz-feynman Warning: The key you tried to use '/graph drawing/level di
stance' requires LuaTeX. It will be ignored. on input line 10669.


Package tikz-feynman Warning: The key you tried to use '/graph drawing/sibling 
distance' requires LuaTeX. It will be ignored. on input line 10669.


Package tikz-feynman Warning: The key you tried to use '/graph drawing/node dis
tance' requires LuaTeX. It will be ignored. on input line 10669.


Package tikz-feynman Warning: The key you tried to use '/graph drawing/level di
stance' requires LuaTeX. It will be ignored. on input line 10669.


Package tikz-feynman Warning: The key you tried to use '/graph drawing/sibling 
distance' requires LuaTeX. It will be ignored. on input line 10669.


Package tikz-feynman Warning: The key you tried to use '/graph drawing/node dis
tance' requires LuaTeX. It will be ignored. on input line 10669.


Package tikz-feynman Warning: The key you tried to use '/graph drawing/level di
stance' requires LuaTeX. It will be ignored. on input line 10669.


Package tikz-feynman Warning: The key you tried to use '/graph drawing/sibling 
distance' requires LuaTeX. It will be ignored. on input line 10669.


Package tikz-feynman Warning: The key you tried to use '/graph drawing/node dis
tance' requires LuaTeX. It will be ignored. on input line 10671.


Package tikz-feynman Warning: The key you tried to use '/graph drawing/level di
stance' requires LuaTeX. It will be ignored. on input line 10671.


Package tikz-feynman Warning: The key you tried to use '/graph drawing/sibling 
distance' requires LuaTeX. It will be ignored. on input line 10671.


Package tikz-feynman Warning: The key you tried to use '/graph drawing/node dis
tance' requires LuaTeX. It will be ignored. on input line 10671.


Package tikz-feynman Warning: The key you tried to use '/graph drawing/level di
stance' requires LuaTeX. It will be ignored. on input line 10671.


Package tikz-feynman Warning: The key you tried to use '/graph drawing/sibling 
distance' requires LuaTeX. It will be ignored. on input line 10671.


Package tikz-feynman Warning: The key you tried to use '/graph drawing/node dis
tance' requires LuaTeX. It will be ignored. on input line 10671.


Package tikz-feynman Warning: The key you tried to use '/graph drawing/level di
stance' requires LuaTeX. It will be ignored. on input line 10671.


Package tikz-feynman Warning: The key you tried to use '/graph drawing/sibling 
distance' requires LuaTeX. It will be ignored. on input line 10671.


Underfull \hbox (badness 10000) in paragraph at lines 10672--10675

 []



[525]
Underfull \hbox (badness 10000) in paragraph at lines 10685--10689

 []


Underfull \hbox (badness 10000) in paragraph at lines 10691--10697

 []


Underfull \hbox (badness 10000) in paragraph at lines 10691--10697

 []



[526]

Package tikz-feynman Warning: The key you tried to use '/graph drawing/node dis
tance' requires LuaTeX. It will be ignored. on input line 10697.


Package tikz-feynman Warning: The key you tried to use '/graph drawing/level di
stance' requires LuaTeX. It will be ignored. on input line 10697.


Package tikz-feynman Warning: The key you tried to use '/graph drawing/sibling 
distance' requires LuaTeX. It will be ignored. on input line 10697.


Package tikz-feynman Warning: The key you tried to use '/graph drawing/node dis
tance' requires LuaTeX. It will be ignored. on input line 10697.


Package tikz-feynman Warning: The key you tried to use '/graph drawing/level di
stance' requires LuaTeX. It will be ignored. on input line 10697.


Package tikz-feynman Warning: The key you tried to use '/graph drawing/sibling 
distance' requires LuaTeX. It will be ignored. on input line 10697.


Package tikz-feynman Warning: The key you tried to use '/graph drawing/node dis
tance' requires LuaTeX. It will be ignored. on input line 10698.


Package tikz-feynman Warning: The key you tried to use '/graph drawing/level di
stance' requires LuaTeX. It will be ignored. on input line 10698.


Package tikz-feynman Warning: The key you tried to use '/graph drawing/sibling 
distance' requires LuaTeX. It will be ignored. on input line 10698.


Package tikz-feynman Warning: The key you tried to use '/graph drawing/node dis
tance' requires LuaTeX. It will be ignored. on input line 10698.


Package tikz-feynman Warning: The key you tried to use '/graph drawing/level di
stance' requires LuaTeX. It will be ignored. on input line 10698.


Package tikz-feynman Warning: The key you tried to use '/graph drawing/sibling 
distance' requires LuaTeX. It will be ignored. on input line 10698.


Package tikz-feynman Warning: The key you tried to use '/graph drawing/node dis
tance' requires LuaTeX. It will be ignored. on input line 10701.


Package tikz-feynman Warning: The key you tried to use '/graph drawing/level di
stance' requires LuaTeX. It will be ignored. on input line 10701.


Package tikz-feynman Warning: The key you tried to use '/graph drawing/sibling 
distance' requires LuaTeX. It will be ignored. on input line 10701.


Package tikz-feynman Warning: The key you tried to use '/graph drawing/node dis
tance' requires LuaTeX. It will be ignored. on input line 10701.


Package tikz-feynman Warning: The key you tried to use '/graph drawing/level di
stance' requires LuaTeX. It will be ignored. on input line 10701.


Package tikz-feynman Warning: The key you tried to use '/graph drawing/sibling 
distance' requires LuaTeX. It will be ignored. on input line 10701.


Package tikz-feynman Warning: The key you tried to use '/graph drawing/node dis
tance' requires LuaTeX. It will be ignored. on input line 10701.


Package tikz-feynman Warning: The key you tried to use '/graph drawing/level di
stance' requires LuaTeX. It will be ignored. on input line 10701.


Package tikz-feynman Warning: The key you tried to use '/graph drawing/sibling 
distance' requires LuaTeX. It will be ignored. on input line 10701.


Underfull \hbox (badness 10000) in paragraph at lines 10698--10702

 []


Package tikz-feynman Warning: The key you tried to use '/graph drawing/node dis
tance' requires LuaTeX. It will be ignored. on input line 10704.


Package tikz-feynman Warning: The key you tried to use '/graph drawing/level di
stance' requires LuaTeX. It will be ignored. on input line 10704.


Package tikz-feynman Warning: The key you tried to use '/graph drawing/sibling 
distance' requires LuaTeX. It will be ignored. on input line 10704.


Package tikz-feynman Warning: The key you tried to use '/graph drawing/node dis
tance' requires LuaTeX. It will be ignored. on input line 10704.


Package tikz-feynman Warning: The key you tried to use '/graph drawing/level di
stance' requires LuaTeX. It will be ignored. on input line 10704.


Package tikz-feynman Warning: The key you tried to use '/graph drawing/sibling 
distance' requires LuaTeX. It will be ignored. on input line 10704.



[527]

Package tikz-feynman Warning: The key you tried to use '/graph drawing/node dis
tance' requires LuaTeX. It will be ignored. on input line 10714.


Package tikz-feynman Warning: The key you tried to use '/graph drawing/level di
stance' requires LuaTeX. It will be ignored. on input line 10714.


Package tikz-feynman Warning: The key you tried to use '/graph drawing/sibling 
distance' requires LuaTeX. It will be ignored. on input line 10714.


Package tikz-feynman Warning: The key you tried to use '/graph drawing/node dis
tance' requires LuaTeX. It will be ignored. on input line 10714.


Package tikz-feynman Warning: The key you tried to use '/graph drawing/level di
stance' requires LuaTeX. It will be ignored. on input line 10714.


Package tikz-feynman Warning: The key you tried to use '/graph drawing/sibling 
distance' requires LuaTeX. It will be ignored. on input line 10714.


Package tikz-feynman Warning: The key you tried to use '/graph drawing/node dis
tance' requires LuaTeX. It will be ignored. on input line 10714.


Package tikz-feynman Warning: The key you tried to use '/graph drawing/level di
stance' requires LuaTeX. It will be ignored. on input line 10714.


Package tikz-feynman Warning: The key you tried to use '/graph drawing/sibling 
distance' requires LuaTeX. It will be ignored. on input line 10714.


Package tikz-feynman Warning: The key you tried to use '/graph drawing/node dis
tance' requires LuaTeX. It will be ignored. on input line 10714.


Package tikz-feynman Warning: The key you tried to use '/graph drawing/level di
stance' requires LuaTeX. It will be ignored. on input line 10714.


Package tikz-feynman Warning: The key you tried to use '/graph drawing/sibling 
distance' requires LuaTeX. It will be ignored. on input line 10714.


Package tikz-feynman Warning: The key you tried to use '/graph drawing/node dis
tance' requires LuaTeX. It will be ignored. on input line 10714.


Package tikz-feynman Warning: The key you tried to use '/graph drawing/level di
stance' requires LuaTeX. It will be ignored. on input line 10714.


Package tikz-feynman Warning: The key you tried to use '/graph drawing/sibling 
distance' requires LuaTeX. It will be ignored. on input line 10714.


Underfull \hbox (badness 10000) in paragraph at lines 10720--10724

 []


Package tikz-feynman Warning: The key you tried to use '/graph drawing/node dis
tance' requires LuaTeX. It will be ignored. on input line 10732.


Package tikz-feynman Warning: The key you tried to use '/graph drawing/level di
stance' requires LuaTeX. It will be ignored. on input line 10732.


Package tikz-feynman Warning: The key you tried to use '/graph drawing/sibling 
distance' requires LuaTeX. It will be ignored. on input line 10732.


Package tikz-feynman Warning: The key you tried to use '/graph drawing/node dis
tance' requires LuaTeX. It will be ignored. on input line 10732.


Package tikz-feynman Warning: The key you tried to use '/graph drawing/level di
stance' requires LuaTeX. It will be ignored. on input line 10732.


Package tikz-feynman Warning: The key you tried to use '/graph drawing/sibling 
distance' requires LuaTeX. It will be ignored. on input line 10732.


Package tikz-feynman Warning: The key you tried to use '/graph drawing/node dis
tance' requires LuaTeX. It will be ignored. on input line 10732.


Package tikz-feynman Warning: The key you tried to use '/graph drawing/level di
stance' requires LuaTeX. It will be ignored. on input line 10732.


Package tikz-feynman Warning: The key you tried to use '/graph drawing/sibling 
distance' requires LuaTeX. It will be ignored. on input line 10732.


Package tikz-feynman Warning: The key you tried to use '/graph drawing/node dis
tance' requires LuaTeX. It will be ignored. on input line 10732.


Package tikz-feynman Warning: The key you tried to use '/graph drawing/level di
stance' requires LuaTeX. It will be ignored. on input line 10732.


Package tikz-feynman Warning: The key you tried to use '/graph drawing/sibling 
distance' requires LuaTeX. It will be ignored. on input line 10732.


Package tikz-feynman Warning: The key you tried to use '/graph drawing/node dis
tance' requires LuaTeX. It will be ignored. on input line 10732.


Package tikz-feynman Warning: The key you tried to use '/graph drawing/level di
stance' requires LuaTeX. It will be ignored. on input line 10732.


Package tikz-feynman Warning: The key you tried to use '/graph drawing/sibling 
distance' requires LuaTeX. It will be ignored. on input line 10732.


Package tikz-feynman Warning: The key you tried to use '/graph drawing/node dis
tance' requires LuaTeX. It will be ignored. on input line 10732.


Package tikz-feynman Warning: The key you tried to use '/graph drawing/level di
stance' requires LuaTeX. It will be ignored. on input line 10732.


Package tikz-feynman Warning: The key you tried to use '/graph drawing/sibling 
distance' requires LuaTeX. It will be ignored. on input line 10732.


Package tikz-feynman Warning: The key you tried to use '/graph drawing/node dis
tance' requires LuaTeX. It will be ignored. on input line 10732.


Package tikz-feynman Warning: The key you tried to use '/graph drawing/level di
stance' requires LuaTeX. It will be ignored. on input line 10732.


Package tikz-feynman Warning: The key you tried to use '/graph drawing/sibling 
distance' requires LuaTeX. It will be ignored. on input line 10732.


Package tikz-feynman Warning: The key you tried to use '/graph drawing/node dis
tance' requires LuaTeX. It will be ignored. on input line 10732.


Package tikz-feynman Warning: The key you tried to use '/graph drawing/level di
stance' requires LuaTeX. It will be ignored. on input line 10732.


Package tikz-feynman Warning: The key you tried to use '/graph drawing/sibling 
distance' requires LuaTeX. It will be ignored. on input line 10732.


Package tikz-feynman Warning: The key you tried to use '/graph drawing/node dis
tance' requires LuaTeX. It will be ignored. on input line 10732.


Package tikz-feynman Warning: The key you tried to use '/graph drawing/level di
stance' requires LuaTeX. It will be ignored. on input line 10732.


Package tikz-feynman Warning: The key you tried to use '/graph drawing/sibling 
distance' requires LuaTeX. It will be ignored. on input line 10732.



[528]

Package tikz-feynman Warning: The key you tried to use '/graph drawing/node dis
tance' requires LuaTeX. It will be ignored. on input line 10734.


Package tikz-feynman Warning: The key you tried to use '/graph drawing/level di
stance' requires LuaTeX. It will be ignored. on input line 10734.


Package tikz-feynman Warning: The key you tried to use '/graph drawing/sibling 
distance' requires LuaTeX. It will be ignored. on input line 10734.


Package tikz-feynman Warning: The key you tried to use '/graph drawing/node dis
tance' requires LuaTeX. It will be ignored. on input line 10734.


Package tikz-feynman Warning: The key you tried to use '/graph drawing/level di
stance' requires LuaTeX. It will be ignored. on input line 10734.


Package tikz-feynman Warning: The key you tried to use '/graph drawing/sibling 
distance' requires LuaTeX. It will be ignored. on input line 10734.


Package tikz-feynman Warning: The key you tried to use '/graph drawing/node dis
tance' requires LuaTeX. It will be ignored. on input line 10734.


Package tikz-feynman Warning: The key you tried to use '/graph drawing/level di
stance' requires LuaTeX. It will be ignored. on input line 10734.


Package tikz-feynman Warning: The key you tried to use '/graph drawing/sibling 
distance' requires LuaTeX. It will be ignored. on input line 10734.


Package tikz-feynman Warning: The key you tried to use '/graph drawing/node dis
tance' requires LuaTeX. It will be ignored. on input line 10734.


Package tikz-feynman Warning: The key you tried to use '/graph drawing/level di
stance' requires LuaTeX. It will be ignored. on input line 10734.


Package tikz-feynman Warning: The key you tried to use '/graph drawing/sibling 
distance' requires LuaTeX. It will be ignored. on input line 10734.


Package tikz-feynman Warning: The key you tried to use '/graph drawing/node dis
tance' requires LuaTeX. It will be ignored. on input line 10734.


Package tikz-feynman Warning: The key you tried to use '/graph drawing/level di
stance' requires LuaTeX. It will be ignored. on input line 10734.


Package tikz-feynman Warning: The key you tried to use '/graph drawing/sibling 
distance' requires LuaTeX. It will be ignored. on input line 10734.


Package tikz-feynman Warning: The key you tried to use '/graph drawing/node dis
tance' requires LuaTeX. It will be ignored. on input line 10734.


Package tikz-feynman Warning: The key you tried to use '/graph drawing/level di
stance' requires LuaTeX. It will be ignored. on input line 10734.


Package tikz-feynman Warning: The key you tried to use '/graph drawing/sibling 
distance' requires LuaTeX. It will be ignored. on input line 10734.


Package tikz-feynman Warning: The key you tried to use '/graph drawing/node dis
tance' requires LuaTeX. It will be ignored. on input line 10734.


Package tikz-feynman Warning: The key you tried to use '/graph drawing/level di
stance' requires LuaTeX. It will be ignored. on input line 10734.


Package tikz-feynman Warning: The key you tried to use '/graph drawing/sibling 
distance' requires LuaTeX. It will be ignored. on input line 10734.


Package tikz-feynman Warning: The key you tried to use '/graph drawing/node dis
tance' requires LuaTeX. It will be ignored. on input line 10734.


Package tikz-feynman Warning: The key you tried to use '/graph drawing/level di
stance' requires LuaTeX. It will be ignored. on input line 10734.


Package tikz-feynman Warning: The key you tried to use '/graph drawing/sibling 
distance' requires LuaTeX. It will be ignored. on input line 10734.


Package tikz-feynman Warning: The key you tried to use '/graph drawing/node dis
tance' requires LuaTeX. It will be ignored. on input line 10734.


Package tikz-feynman Warning: The key you tried to use '/graph drawing/level di
stance' requires LuaTeX. It will be ignored. on input line 10734.


Package tikz-feynman Warning: The key you tried to use '/graph drawing/sibling 
distance' requires LuaTeX. It will be ignored. on input line 10734.


Package tikz-feynman Warning: The key you tried to use '/graph drawing/node dis
tance' requires LuaTeX. It will be ignored. on input line 10734.


Package tikz-feynman Warning: The key you tried to use '/graph drawing/level di
stance' requires LuaTeX. It will be ignored. on input line 10734.


Package tikz-feynman Warning: The key you tried to use '/graph drawing/sibling 
distance' requires LuaTeX. It will be ignored. on input line 10734.


Package tikz-feynman Warning: The key you tried to use '/graph drawing/node dis
tance' requires LuaTeX. It will be ignored. on input line 10734.


Package tikz-feynman Warning: The key you tried to use '/graph drawing/level di
stance' requires LuaTeX. It will be ignored. on input line 10734.


Package tikz-feynman Warning: The key you tried to use '/graph drawing/sibling 
distance' requires LuaTeX. It will be ignored. on input line 10734.


Package tikz-feynman Warning: The key you tried to use '/graph drawing/node dis
tance' requires LuaTeX. It will be ignored. on input line 10734.


Package tikz-feynman Warning: The key you tried to use '/graph drawing/level di
stance' requires LuaTeX. It will be ignored. on input line 10734.


Package tikz-feynman Warning: The key you tried to use '/graph drawing/sibling 
distance' requires LuaTeX. It will be ignored. on input line 10734.


Package tikz-feynman Warning: The key you tried to use '/graph drawing/node dis
tance' requires LuaTeX. It will be ignored. on input line 10738.


Package tikz-feynman Warning: The key you tried to use '/graph drawing/level di
stance' requires LuaTeX. It will be ignored. on input line 10738.


Package tikz-feynman Warning: The key you tried to use '/graph drawing/sibling 
distance' requires LuaTeX. It will be ignored. on input line 10738.


Package tikz-feynman Warning: The key you tried to use '/graph drawing/node dis
tance' requires LuaTeX. It will be ignored. on input line 10738.


Package tikz-feynman Warning: The key you tried to use '/graph drawing/level di
stance' requires LuaTeX. It will be ignored. on input line 10738.


Package tikz-feynman Warning: The key you tried to use '/graph drawing/sibling 
distance' requires LuaTeX. It will be ignored. on input line 10738.


Package tikz-feynman Warning: The key you tried to use '/graph drawing/node dis
tance' requires LuaTeX. It will be ignored. on input line 10738.


Package tikz-feynman Warning: The key you tried to use '/graph drawing/level di
stance' requires LuaTeX. It will be ignored. on input line 10738.


Package tikz-feynman Warning: The key you tried to use '/graph drawing/sibling 
distance' requires LuaTeX. It will be ignored. on input line 10738.


Package tikz-feynman Warning: The key you tried to use '/graph drawing/node dis
tance' requires LuaTeX. It will be ignored. on input line 10740.


Package tikz-feynman Warning: The key you tried to use '/graph drawing/level di
stance' requires LuaTeX. It will be ignored. on input line 10740.


Package tikz-feynman Warning: The key you tried to use '/graph drawing/sibling 
distance' requires LuaTeX. It will be ignored. on input line 10740.


Package tikz-feynman Warning: The key you tried to use '/graph drawing/node dis
tance' requires LuaTeX. It will be ignored. on input line 10740.


Package tikz-feynman Warning: The key you tried to use '/graph drawing/level di
stance' requires LuaTeX. It will be ignored. on input line 10740.


Package tikz-feynman Warning: The key you tried to use '/graph drawing/sibling 
distance' requires LuaTeX. It will be ignored. on input line 10740.


Package tikz-feynman Warning: The key you tried to use '/graph drawing/node dis
tance' requires LuaTeX. It will be ignored. on input line 10740.


Package tikz-feynman Warning: The key you tried to use '/graph drawing/level di
stance' requires LuaTeX. It will be ignored. on input line 10740.


Package tikz-feynman Warning: The key you tried to use '/graph drawing/sibling 
distance' requires LuaTeX. It will be ignored. on input line 10740.


Package tikz-feynman Warning: The key you tried to use '/graph drawing/node dis
tance' requires LuaTeX. It will be ignored. on input line 10742.


Package tikz-feynman Warning: The key you tried to use '/graph drawing/level di
stance' requires LuaTeX. It will be ignored. on input line 10742.


Package tikz-feynman Warning: The key you tried to use '/graph drawing/sibling 
distance' requires LuaTeX. It will be ignored. on input line 10742.


Package tikz-feynman Warning: The key you tried to use '/graph drawing/node dis
tance' requires LuaTeX. It will be ignored. on input line 10742.


Package tikz-feynman Warning: The key you tried to use '/graph drawing/level di
stance' requires LuaTeX. It will be ignored. on input line 10742.


Package tikz-feynman Warning: The key you tried to use '/graph drawing/sibling 
distance' requires LuaTeX. It will be ignored. on input line 10742.


Package tikz-feynman Warning: The key you tried to use '/graph drawing/node dis
tance' requires LuaTeX. It will be ignored. on input line 10742.


Package tikz-feynman Warning: The key you tried to use '/graph drawing/level di
stance' requires LuaTeX. It will be ignored. on input line 10742.


Package tikz-feynman Warning: The key you tried to use '/graph drawing/sibling 
distance' requires LuaTeX. It will be ignored. on input line 10742.


Underfull \hbox (badness 10000) in paragraph at lines 10742--10746

 []



[529]

Package tikz-feynman Warning: The key you tried to use '/graph drawing/node dis
tance' requires LuaTeX. It will be ignored. on input line 10752.


Package tikz-feynman Warning: The key you tried to use '/graph drawing/level di
stance' requires LuaTeX. It will be ignored. on input line 10752.


Package tikz-feynman Warning: The key you tried to use '/graph drawing/sibling 
distance' requires LuaTeX. It will be ignored. on input line 10752.


Package tikz-feynman Warning: The key you tried to use '/graph drawing/node dis
tance' requires LuaTeX. It will be ignored. on input line 10752.


Package tikz-feynman Warning: The key you tried to use '/graph drawing/level di
stance' requires LuaTeX. It will be ignored. on input line 10752.


Package tikz-feynman Warning: The key you tried to use '/graph drawing/sibling 
distance' requires LuaTeX. It will be ignored. on input line 10752.


Package tikz-feynman Warning: The key you tried to use '/graph drawing/node dis
tance' requires LuaTeX. It will be ignored. on input line 10752.


Package tikz-feynman Warning: The key you tried to use '/graph drawing/level di
stance' requires LuaTeX. It will be ignored. on input line 10752.


Package tikz-feynman Warning: The key you tried to use '/graph drawing/sibling 
distance' requires LuaTeX. It will be ignored. on input line 10752.


Package tikz-feynman Warning: The key you tried to use '/graph drawing/node dis
tance' requires LuaTeX. It will be ignored. on input line 10756.


Package tikz-feynman Warning: The key you tried to use '/graph drawing/level di
stance' requires LuaTeX. It will be ignored. on input line 10756.


Package tikz-feynman Warning: The key you tried to use '/graph drawing/sibling 
distance' requires LuaTeX. It will be ignored. on input line 10756.


Package tikz-feynman Warning: The key you tried to use '/graph drawing/node dis
tance' requires LuaTeX. It will be ignored. on input line 10756.


Package tikz-feynman Warning: The key you tried to use '/graph drawing/level di
stance' requires LuaTeX. It will be ignored. on input line 10756.


Package tikz-feynman Warning: The key you tried to use '/graph drawing/sibling 
distance' requires LuaTeX. It will be ignored. on input line 10756.


Package tikz-feynman Warning: The key you tried to use '/graph drawing/node dis
tance' requires LuaTeX. It will be ignored. on input line 10756.


Package tikz-feynman Warning: The key you tried to use '/graph drawing/level di
stance' requires LuaTeX. It will be ignored. on input line 10756.


Package tikz-feynman Warning: The key you tried to use '/graph drawing/sibling 
distance' requires LuaTeX. It will be ignored. on input line 10756.


Package tikz-feynman Warning: The key you tried to use '/graph drawing/node dis
tance' requires LuaTeX. It will be ignored. on input line 10756.


Package tikz-feynman Warning: The key you tried to use '/graph drawing/level di
stance' requires LuaTeX. It will be ignored. on input line 10756.


Package tikz-feynman Warning: The key you tried to use '/graph drawing/sibling 
distance' requires LuaTeX. It will be ignored. on input line 10756.


Package tikz-feynman Warning: The key you tried to use '/graph drawing/node dis
tance' requires LuaTeX. It will be ignored. on input line 10756.


Package tikz-feynman Warning: The key you tried to use '/graph drawing/level di
stance' requires LuaTeX. It will be ignored. on input line 10756.


Package tikz-feynman Warning: The key you tried to use '/graph drawing/sibling 
distance' requires LuaTeX. It will be ignored. on input line 10756.


Package tikz-feynman Warning: The key you tried to use '/graph drawing/node dis
tance' requires LuaTeX. It will be ignored. on input line 10756.


Package tikz-feynman Warning: The key you tried to use '/graph drawing/level di
stance' requires LuaTeX. It will be ignored. on input line 10756.


Package tikz-feynman Warning: The key you tried to use '/graph drawing/sibling 
distance' requires LuaTeX. It will be ignored. on input line 10756.


Package tikz-feynman Warning: The key you tried to use '/graph drawing/node dis
tance' requires LuaTeX. It will be ignored. on input line 10759.


Package tikz-feynman Warning: The key you tried to use '/graph drawing/level di
stance' requires LuaTeX. It will be ignored. on input line 10759.


Package tikz-feynman Warning: The key you tried to use '/graph drawing/sibling 
distance' requires LuaTeX. It will be ignored. on input line 10759.


Package tikz-feynman Warning: The key you tried to use '/graph drawing/node dis
tance' requires LuaTeX. It will be ignored. on input line 10759.


Package tikz-feynman Warning: The key you tried to use '/graph drawing/level di
stance' requires LuaTeX. It will be ignored. on input line 10759.


Package tikz-feynman Warning: The key you tried to use '/graph drawing/sibling 
distance' requires LuaTeX. It will be ignored. on input line 10759.


Package tikz-feynman Warning: The key you tried to use '/graph drawing/node dis
tance' requires LuaTeX. It will be ignored. on input line 10759.


Package tikz-feynman Warning: The key you tried to use '/graph drawing/level di
stance' requires LuaTeX. It will be ignored. on input line 10759.


Package tikz-feynman Warning: The key you tried to use '/graph drawing/sibling 
distance' requires LuaTeX. It will be ignored. on input line 10759.


Package tikz-feynman Warning: The key you tried to use '/graph drawing/node dis
tance' requires LuaTeX. It will be ignored. on input line 10761.


Package tikz-feynman Warning: The key you tried to use '/graph drawing/level di
stance' requires LuaTeX. It will be ignored. on input line 10761.


Package tikz-feynman Warning: The key you tried to use '/graph drawing/sibling 
distance' requires LuaTeX. It will be ignored. on input line 10761.


Package tikz-feynman Warning: The key you tried to use '/graph drawing/node dis
tance' requires LuaTeX. It will be ignored. on input line 10761.


Package tikz-feynman Warning: The key you tried to use '/graph drawing/level di
stance' requires LuaTeX. It will be ignored. on input line 10761.


Package tikz-feynman Warning: The key you tried to use '/graph drawing/sibling 
distance' requires LuaTeX. It will be ignored. on input line 10761.


Package tikz-feynman Warning: The key you tried to use '/graph drawing/node dis
tance' requires LuaTeX. It will be ignored. on input line 10761.


Package tikz-feynman Warning: The key you tried to use '/graph drawing/level di
stance' requires LuaTeX. It will be ignored. on input line 10761.


Package tikz-feynman Warning: The key you tried to use '/graph drawing/sibling 
distance' requires LuaTeX. It will be ignored. on input line 10761.



[530]

Package tikz-feynman Warning: The key you tried to use '/graph drawing/node dis
tance' requires LuaTeX. It will be ignored. on input line 10763.


Package tikz-feynman Warning: The key you tried to use '/graph drawing/level di
stance' requires LuaTeX. It will be ignored. on input line 10763.


Package tikz-feynman Warning: The key you tried to use '/graph drawing/sibling 
distance' requires LuaTeX. It will be ignored. on input line 10763.


Package tikz-feynman Warning: The key you tried to use '/graph drawing/node dis
tance' requires LuaTeX. It will be ignored. on input line 10763.


Package tikz-feynman Warning: The key you tried to use '/graph drawing/level di
stance' requires LuaTeX. It will be ignored. on input line 10763.


Package tikz-feynman Warning: The key you tried to use '/graph drawing/sibling 
distance' requires LuaTeX. It will be ignored. on input line 10763.


Package tikz-feynman Warning: The key you tried to use '/graph drawing/node dis
tance' requires LuaTeX. It will be ignored. on input line 10763.


Package tikz-feynman Warning: The key you tried to use '/graph drawing/level di
stance' requires LuaTeX. It will be ignored. on input line 10763.


Package tikz-feynman Warning: The key you tried to use '/graph drawing/sibling 
distance' requires LuaTeX. It will be ignored. on input line 10763.


Underfull \hbox (badness 10000) in paragraph at lines 10763--10767

 []


Package tikz-feynman Warning: The key you tried to use '/graph drawing/node dis
tance' requires LuaTeX. It will be ignored. on input line 10773.


Package tikz-feynman Warning: The key you tried to use '/graph drawing/level di
stance' requires LuaTeX. It will be ignored. on input line 10773.


Package tikz-feynman Warning: The key you tried to use '/graph drawing/sibling 
distance' requires LuaTeX. It will be ignored. on input line 10773.


Package tikz-feynman Warning: The key you tried to use '/graph drawing/node dis
tance' requires LuaTeX. It will be ignored. on input line 10773.


Package tikz-feynman Warning: The key you tried to use '/graph drawing/level di
stance' requires LuaTeX. It will be ignored. on input line 10773.


Package tikz-feynman Warning: The key you tried to use '/graph drawing/sibling 
distance' requires LuaTeX. It will be ignored. on input line 10773.


Package tikz-feynman Warning: The key you tried to use '/graph drawing/node dis
tance' requires LuaTeX. It will be ignored. on input line 10773.


Package tikz-feynman Warning: The key you tried to use '/graph drawing/level di
stance' requires LuaTeX. It will be ignored. on input line 10773.


Package tikz-feynman Warning: The key you tried to use '/graph drawing/sibling 
distance' requires LuaTeX. It will be ignored. on input line 10773.



[531]
Underfull \hbox (badness 10000) in paragraph at lines 10777--10780

 []



[532]
Underfull \hbox (badness 10000) in paragraph at lines 10798--10802

 []



[533]

Package tikz-feynman Warning: The key you tried to use '/graph drawing/node dis
tance' requires LuaTeX. It will be ignored. on input line 10820.


Package tikz-feynman Warning: The key you tried to use '/graph drawing/level di
stance' requires LuaTeX. It will be ignored. on input line 10820.


Package tikz-feynman Warning: The key you tried to use '/graph drawing/sibling 
distance' requires LuaTeX. It will be ignored. on input line 10820.


Package tikz-feynman Warning: The key you tried to use '/graph drawing/node dis
tance' requires LuaTeX. It will be ignored. on input line 10820.


Package tikz-feynman Warning: The key you tried to use '/graph drawing/level di
stance' requires LuaTeX. It will be ignored. on input line 10820.


Package tikz-feynman Warning: The key you tried to use '/graph drawing/sibling 
distance' requires LuaTeX. It will be ignored. on input line 10820.


Underfull \hbox (badness 10000) in paragraph at lines 10822--10826

 []


Underfull \hbox (badness 10000) in paragraph at lines 10822--10826

 []


Underfull \hbox (badness 10000) in paragraph at lines 10829--10832

 []



[534]
Underfull \hbox (badness 10000) in paragraph at lines 10846--10850

 []



[535]
Underfull \hbox (badness 10000) in paragraph at lines 10862--10866

 []



[536]
Underfull \hbox (badness 10000) in paragraph at lines 10880--10884

 []


Package tikz-feynman Warning: The key you tried to use '/graph drawing/node dis
tance' requires LuaTeX. It will be ignored. on input line 10884.


Package tikz-feynman Warning: The key you tried to use '/graph drawing/level di
stance' requires LuaTeX. It will be ignored. on input line 10884.


Package tikz-feynman Warning: The key you tried to use '/graph drawing/sibling 
distance' requires LuaTeX. It will be ignored. on input line 10884.


Package tikz-feynman Warning: The key you tried to use '/graph drawing/node dis
tance' requires LuaTeX. It will be ignored. on input line 10884.


Package tikz-feynman Warning: The key you tried to use '/graph drawing/level di
stance' requires LuaTeX. It will be ignored. on input line 10884.


Package tikz-feynman Warning: The key you tried to use '/graph drawing/sibling 
distance' requires LuaTeX. It will be ignored. on input line 10884.


Package tikz-feynman Warning: The key you tried to use '/graph drawing/node dis
tance' requires LuaTeX. It will be ignored. on input line 10886.


Package tikz-feynman Warning: The key you tried to use '/graph drawing/level di
stance' requires LuaTeX. It will be ignored. on input line 10886.


Package tikz-feynman Warning: The key you tried to use '/graph drawing/sibling 
distance' requires LuaTeX. It will be ignored. on input line 10886.


Package tikz-feynman Warning: The key you tried to use '/graph drawing/node dis
tance' requires LuaTeX. It will be ignored. on input line 10886.


Package tikz-feynman Warning: The key you tried to use '/graph drawing/level di
stance' requires LuaTeX. It will be ignored. on input line 10886.


Package tikz-feynman Warning: The key you tried to use '/graph drawing/sibling 
distance' requires LuaTeX. It will be ignored. on input line 10886.


Package tikz-feynman Warning: The key you tried to use '/graph drawing/node dis
tance' requires LuaTeX. It will be ignored. on input line 10886.


Package tikz-feynman Warning: The key you tried to use '/graph drawing/level di
stance' requires LuaTeX. It will be ignored. on input line 10886.


Package tikz-feynman Warning: The key you tried to use '/graph drawing/sibling 
distance' requires LuaTeX. It will be ignored. on input line 10886.


Package tikz-feynman Warning: The key you tried to use '/graph drawing/node dis
tance' requires LuaTeX. It will be ignored. on input line 10886.


Package tikz-feynman Warning: The key you tried to use '/graph drawing/level di
stance' requires LuaTeX. It will be ignored. on input line 10886.


Package tikz-feynman Warning: The key you tried to use '/graph drawing/sibling 
distance' requires LuaTeX. It will be ignored. on input line 10886.


Package tikz-feynman Warning: The key you tried to use '/graph drawing/node dis
tance' requires LuaTeX. It will be ignored. on input line 10886.


Package tikz-feynman Warning: The key you tried to use '/graph drawing/level di
stance' requires LuaTeX. It will be ignored. on input line 10886.


Package tikz-feynman Warning: The key you tried to use '/graph drawing/sibling 
distance' requires LuaTeX. It will be ignored. on input line 10886.


Package tikz-feynman Warning: The key you tried to use '/graph drawing/node dis
tance' requires LuaTeX. It will be ignored. on input line 10886.


Package tikz-feynman Warning: The key you tried to use '/graph drawing/level di
stance' requires LuaTeX. It will be ignored. on input line 10886.


Package tikz-feynman Warning: The key you tried to use '/graph drawing/sibling 
distance' requires LuaTeX. It will be ignored. on input line 10886.


Package tikz-feynman Warning: The key you tried to use '/graph drawing/node dis
tance' requires LuaTeX. It will be ignored. on input line 10887.


Package tikz-feynman Warning: The key you tried to use '/graph drawing/level di
stance' requires LuaTeX. It will be ignored. on input line 10887.


Package tikz-feynman Warning: The key you tried to use '/graph drawing/sibling 
distance' requires LuaTeX. It will be ignored. on input line 10887.


Package tikz-feynman Warning: The key you tried to use '/graph drawing/node dis
tance' requires LuaTeX. It will be ignored. on input line 10887.


Package tikz-feynman Warning: The key you tried to use '/graph drawing/level di
stance' requires LuaTeX. It will be ignored. on input line 10887.


Package tikz-feynman Warning: The key you tried to use '/graph drawing/sibling 
distance' requires LuaTeX. It will be ignored. on input line 10887.


Package tikz-feynman Warning: The key you tried to use '/graph drawing/node dis
tance' requires LuaTeX. It will be ignored. on input line 10887.


Package tikz-feynman Warning: The key you tried to use '/graph drawing/level di
stance' requires LuaTeX. It will be ignored. on input line 10887.


Package tikz-feynman Warning: The key you tried to use '/graph drawing/sibling 
distance' requires LuaTeX. It will be ignored. on input line 10887.


Package tikz-feynman Warning: The key you tried to use '/graph drawing/node dis
tance' requires LuaTeX. It will be ignored. on input line 10888.


Package tikz-feynman Warning: The key you tried to use '/graph drawing/level di
stance' requires LuaTeX. It will be ignored. on input line 10888.


Package tikz-feynman Warning: The key you tried to use '/graph drawing/sibling 
distance' requires LuaTeX. It will be ignored. on input line 10888.


Package tikz-feynman Warning: The key you tried to use '/graph drawing/node dis
tance' requires LuaTeX. It will be ignored. on input line 10888.


Package tikz-feynman Warning: The key you tried to use '/graph drawing/level di
stance' requires LuaTeX. It will be ignored. on input line 10888.


Package tikz-feynman Warning: The key you tried to use '/graph drawing/sibling 
distance' requires LuaTeX. It will be ignored. on input line 10888.


Package tikz-feynman Warning: The key you tried to use '/graph drawing/node dis
tance' requires LuaTeX. It will be ignored. on input line 10890.


Package tikz-feynman Warning: The key you tried to use '/graph drawing/level di
stance' requires LuaTeX. It will be ignored. on input line 10890.


Package tikz-feynman Warning: The key you tried to use '/graph drawing/sibling 
distance' requires LuaTeX. It will be ignored. on input line 10890.


Package tikz-feynman Warning: The key you tried to use '/graph drawing/node dis
tance' requires LuaTeX. It will be ignored. on input line 10890.


Package tikz-feynman Warning: The key you tried to use '/graph drawing/level di
stance' requires LuaTeX. It will be ignored. on input line 10890.


Package tikz-feynman Warning: The key you tried to use '/graph drawing/sibling 
distance' requires LuaTeX. It will be ignored. on input line 10890.


Package tikz-feynman Warning: The key you tried to use '/graph drawing/node dis
tance' requires LuaTeX. It will be ignored. on input line 10890.


Package tikz-feynman Warning: The key you tried to use '/graph drawing/level di
stance' requires LuaTeX. It will be ignored. on input line 10890.


Package tikz-feynman Warning: The key you tried to use '/graph drawing/sibling 
distance' requires LuaTeX. It will be ignored. on input line 10890.


Underfull \hbox (badness 10000) in paragraph at lines 10890--10894

 []



[537]

Package tikz-feynman Warning: The key you tried to use '/graph drawing/node dis
tance' requires LuaTeX. It will be ignored. on input line 10901.


Package tikz-feynman Warning: The key you tried to use '/graph drawing/level di
stance' requires LuaTeX. It will be ignored. on input line 10901.


Package tikz-feynman Warning: The key you tried to use '/graph drawing/sibling 
distance' requires LuaTeX. It will be ignored. on input line 10901.


Package tikz-feynman Warning: The key you tried to use '/graph drawing/node dis
tance' requires LuaTeX. It will be ignored. on input line 10901.


Package tikz-feynman Warning: The key you tried to use '/graph drawing/level di
stance' requires LuaTeX. It will be ignored. on input line 10901.


Package tikz-feynman Warning: The key you tried to use '/graph drawing/sibling 
distance' requires LuaTeX. It will be ignored. on input line 10901.


Package tikz-feynman Warning: The key you tried to use '/graph drawing/node dis
tance' requires LuaTeX. It will be ignored. on input line 10901.


Package tikz-feynman Warning: The key you tried to use '/graph drawing/level di
stance' requires LuaTeX. It will be ignored. on input line 10901.


Package tikz-feynman Warning: The key you tried to use '/graph drawing/sibling 
distance' requires LuaTeX. It will be ignored. on input line 10901.


Package tikz-feynman Warning: The key you tried to use '/graph drawing/node dis
tance' requires LuaTeX. It will be ignored. on input line 10901.


Package tikz-feynman Warning: The key you tried to use '/graph drawing/level di
stance' requires LuaTeX. It will be ignored. on input line 10901.


Package tikz-feynman Warning: The key you tried to use '/graph drawing/sibling 
distance' requires LuaTeX. It will be ignored. on input line 10901.


Package tikz-feynman Warning: The key you tried to use '/graph drawing/node dis
tance' requires LuaTeX. It will be ignored. on input line 10901.


Package tikz-feynman Warning: The key you tried to use '/graph drawing/level di
stance' requires LuaTeX. It will be ignored. on input line 10901.


Package tikz-feynman Warning: The key you tried to use '/graph drawing/sibling 
distance' requires LuaTeX. It will be ignored. on input line 10901.


Package tikz-feynman Warning: The key you tried to use '/graph drawing/node dis
tance' requires LuaTeX. It will be ignored. on input line 10901.


Package tikz-feynman Warning: The key you tried to use '/graph drawing/level di
stance' requires LuaTeX. It will be ignored. on input line 10901.


Package tikz-feynman Warning: The key you tried to use '/graph drawing/sibling 
distance' requires LuaTeX. It will be ignored. on input line 10901.


Underfull \hbox (badness 10000) in paragraph at lines 10903--10907

 []



[538]
Underfull \hbox (badness 10000) in paragraph at lines 10928--10931

 []



[539]
Underfull \hbox (badness 10000) in paragraph at lines 10941--10945

 []



[540]
Underfull \hbox (badness 10000) in paragraph at lines 10957--10961

 []



[541]
Underfull \hbox (badness 10000) in paragraph at lines 10973--10977

 []



[542]
Underfull \hbox (badness 10000) in paragraph at lines 10989--10993

 []


Package tikz-feynman Warning: The key you tried to use '/graph drawing/node dis
tance' requires LuaTeX. It will be ignored. on input line 10993.


Package tikz-feynman Warning: The key you tried to use '/graph drawing/level di
stance' requires LuaTeX. It will be ignored. on input line 10993.


Package tikz-feynman Warning: The key you tried to use '/graph drawing/sibling 
distance' requires LuaTeX. It will be ignored. on input line 10993.


Package tikz-feynman Warning: The key you tried to use '/graph drawing/node dis
tance' requires LuaTeX. It will be ignored. on input line 10993.


Package tikz-feynman Warning: The key you tried to use '/graph drawing/level di
stance' requires LuaTeX. It will be ignored. on input line 10993.


Package tikz-feynman Warning: The key you tried to use '/graph drawing/sibling 
distance' requires LuaTeX. It will be ignored. on input line 10993.


Package tikz-feynman Warning: The key you tried to use '/graph drawing/node dis
tance' requires LuaTeX. It will be ignored. on input line 10993.


Package tikz-feynman Warning: The key you tried to use '/graph drawing/level di
stance' requires LuaTeX. It will be ignored. on input line 10993.


Package tikz-feynman Warning: The key you tried to use '/graph drawing/sibling 
distance' requires LuaTeX. It will be ignored. on input line 10993.


Package tikz-feynman Warning: The key you tried to use '/graph drawing/node dis
tance' requires LuaTeX. It will be ignored. on input line 10993.


Package tikz-feynman Warning: The key you tried to use '/graph drawing/level di
stance' requires LuaTeX. It will be ignored. on input line 10993.


Package tikz-feynman Warning: The key you tried to use '/graph drawing/sibling 
distance' requires LuaTeX. It will be ignored. on input line 10993.


Package tikz-feynman Warning: The key you tried to use '/graph drawing/node dis
tance' requires LuaTeX. It will be ignored. on input line 10993.


Package tikz-feynman Warning: The key you tried to use '/graph drawing/level di
stance' requires LuaTeX. It will be ignored. on input line 10993.


Package tikz-feynman Warning: The key you tried to use '/graph drawing/sibling 
distance' requires LuaTeX. It will be ignored. on input line 10993.


Package tikz-feynman Warning: The key you tried to use '/graph drawing/node dis
tance' requires LuaTeX. It will be ignored. on input line 10993.


Package tikz-feynman Warning: The key you tried to use '/graph drawing/level di
stance' requires LuaTeX. It will be ignored. on input line 10993.


Package tikz-feynman Warning: The key you tried to use '/graph drawing/sibling 
distance' requires LuaTeX. It will be ignored. on input line 10993.


Package tikz-feynman Warning: The key you tried to use '/graph drawing/node dis
tance' requires LuaTeX. It will be ignored. on input line 10995.


Package tikz-feynman Warning: The key you tried to use '/graph drawing/level di
stance' requires LuaTeX. It will be ignored. on input line 10995.


Package tikz-feynman Warning: The key you tried to use '/graph drawing/sibling 
distance' requires LuaTeX. It will be ignored. on input line 10995.


Package tikz-feynman Warning: The key you tried to use '/graph drawing/node dis
tance' requires LuaTeX. It will be ignored. on input line 10995.


Package tikz-feynman Warning: The key you tried to use '/graph drawing/level di
stance' requires LuaTeX. It will be ignored. on input line 10995.


Package tikz-feynman Warning: The key you tried to use '/graph drawing/sibling 
distance' requires LuaTeX. It will be ignored. on input line 10995.


Package tikz-feynman Warning: The key you tried to use '/graph drawing/node dis
tance' requires LuaTeX. It will be ignored. on input line 10995.


Package tikz-feynman Warning: The key you tried to use '/graph drawing/level di
stance' requires LuaTeX. It will be ignored. on input line 10995.


Package tikz-feynman Warning: The key you tried to use '/graph drawing/sibling 
distance' requires LuaTeX. It will be ignored. on input line 10995.


Package tikz-feynman Warning: The key you tried to use '/graph drawing/node dis
tance' requires LuaTeX. It will be ignored. on input line 10995.


Package tikz-feynman Warning: The key you tried to use '/graph drawing/level di
stance' requires LuaTeX. It will be ignored. on input line 10995.


Package tikz-feynman Warning: The key you tried to use '/graph drawing/sibling 
distance' requires LuaTeX. It will be ignored. on input line 10995.


Package tikz-feynman Warning: The key you tried to use '/graph drawing/node dis
tance' requires LuaTeX. It will be ignored. on input line 10995.


Package tikz-feynman Warning: The key you tried to use '/graph drawing/level di
stance' requires LuaTeX. It will be ignored. on input line 10995.


Package tikz-feynman Warning: The key you tried to use '/graph drawing/sibling 
distance' requires LuaTeX. It will be ignored. on input line 10995.


Package tikz-feynman Warning: The key you tried to use '/graph drawing/node dis
tance' requires LuaTeX. It will be ignored. on input line 10995.


Package tikz-feynman Warning: The key you tried to use '/graph drawing/level di
stance' requires LuaTeX. It will be ignored. on input line 10995.


Package tikz-feynman Warning: The key you tried to use '/graph drawing/sibling 
distance' requires LuaTeX. It will be ignored. on input line 10995.


Package tikz-feynman Warning: The key you tried to use '/graph drawing/node dis
tance' requires LuaTeX. It will be ignored. on input line 10995.


Package tikz-feynman Warning: The key you tried to use '/graph drawing/level di
stance' requires LuaTeX. It will be ignored. on input line 10995.


Package tikz-feynman Warning: The key you tried to use '/graph drawing/sibling 
distance' requires LuaTeX. It will be ignored. on input line 10995.


Package tikz-feynman Warning: The key you tried to use '/graph drawing/node dis
tance' requires LuaTeX. It will be ignored. on input line 10995.


Package tikz-feynman Warning: The key you tried to use '/graph drawing/level di
stance' requires LuaTeX. It will be ignored. on input line 10995.


Package tikz-feynman Warning: The key you tried to use '/graph drawing/sibling 
distance' requires LuaTeX. It will be ignored. on input line 10995.


Package tikz-feynman Warning: The key you tried to use '/graph drawing/node dis
tance' requires LuaTeX. It will be ignored. on input line 10995.


Package tikz-feynman Warning: The key you tried to use '/graph drawing/level di
stance' requires LuaTeX. It will be ignored. on input line 10995.


Package tikz-feynman Warning: The key you tried to use '/graph drawing/sibling 
distance' requires LuaTeX. It will be ignored. on input line 10995.


Package tikz-feynman Warning: The key you tried to use '/graph drawing/node dis
tance' requires LuaTeX. It will be ignored. on input line 10997.


Package tikz-feynman Warning: The key you tried to use '/graph drawing/level di
stance' requires LuaTeX. It will be ignored. on input line 10997.


Package tikz-feynman Warning: The key you tried to use '/graph drawing/sibling 
distance' requires LuaTeX. It will be ignored. on input line 10997.


Package tikz-feynman Warning: The key you tried to use '/graph drawing/node dis
tance' requires LuaTeX. It will be ignored. on input line 10997.


Package tikz-feynman Warning: The key you tried to use '/graph drawing/level di
stance' requires LuaTeX. It will be ignored. on input line 10997.


Package tikz-feynman Warning: The key you tried to use '/graph drawing/sibling 
distance' requires LuaTeX. It will be ignored. on input line 10997.


Package tikz-feynman Warning: The key you tried to use '/graph drawing/node dis
tance' requires LuaTeX. It will be ignored. on input line 10997.


Package tikz-feynman Warning: The key you tried to use '/graph drawing/level di
stance' requires LuaTeX. It will be ignored. on input line 10997.


Package tikz-feynman Warning: The key you tried to use '/graph drawing/sibling 
distance' requires LuaTeX. It will be ignored. on input line 10997.


Package tikz-feynman Warning: The key you tried to use '/graph drawing/node dis
tance' requires LuaTeX. It will be ignored. on input line 10997.


Package tikz-feynman Warning: The key you tried to use '/graph drawing/level di
stance' requires LuaTeX. It will be ignored. on input line 10997.


Package tikz-feynman Warning: The key you tried to use '/graph drawing/sibling 
distance' requires LuaTeX. It will be ignored. on input line 10997.


Package tikz-feynman Warning: The key you tried to use '/graph drawing/node dis
tance' requires LuaTeX. It will be ignored. on input line 10997.


Package tikz-feynman Warning: The key you tried to use '/graph drawing/level di
stance' requires LuaTeX. It will be ignored. on input line 10997.


Package tikz-feynman Warning: The key you tried to use '/graph drawing/sibling 
distance' requires LuaTeX. It will be ignored. on input line 10997.


Package tikz-feynman Warning: The key you tried to use '/graph drawing/node dis
tance' requires LuaTeX. It will be ignored. on input line 10997.


Package tikz-feynman Warning: The key you tried to use '/graph drawing/level di
stance' requires LuaTeX. It will be ignored. on input line 10997.


Package tikz-feynman Warning: The key you tried to use '/graph drawing/sibling 
distance' requires LuaTeX. It will be ignored. on input line 10997.


Package tikz-feynman Warning: The key you tried to use '/graph drawing/node dis
tance' requires LuaTeX. It will be ignored. on input line 10997.


Package tikz-feynman Warning: The key you tried to use '/graph drawing/level di
stance' requires LuaTeX. It will be ignored. on input line 10997.


Package tikz-feynman Warning: The key you tried to use '/graph drawing/sibling 
distance' requires LuaTeX. It will be ignored. on input line 10997.


Package tikz-feynman Warning: The key you tried to use '/graph drawing/node dis
tance' requires LuaTeX. It will be ignored. on input line 10997.


Package tikz-feynman Warning: The key you tried to use '/graph drawing/level di
stance' requires LuaTeX. It will be ignored. on input line 10997.


Package tikz-feynman Warning: The key you tried to use '/graph drawing/sibling 
distance' requires LuaTeX. It will be ignored. on input line 10997.


Package tikz-feynman Warning: The key you tried to use '/graph drawing/node dis
tance' requires LuaTeX. It will be ignored. on input line 10997.


Package tikz-feynman Warning: The key you tried to use '/graph drawing/level di
stance' requires LuaTeX. It will be ignored. on input line 10997.


Package tikz-feynman Warning: The key you tried to use '/graph drawing/sibling 
distance' requires LuaTeX. It will be ignored. on input line 10997.


Package tikz-feynman Warning: The key you tried to use '/graph drawing/node dis
tance' requires LuaTeX. It will be ignored. on input line 10997.


Package tikz-feynman Warning: The key you tried to use '/graph drawing/level di
stance' requires LuaTeX. It will be ignored. on input line 10997.


Package tikz-feynman Warning: The key you tried to use '/graph drawing/sibling 
distance' requires LuaTeX. It will be ignored. on input line 10997.


Package tikz-feynman Warning: The key you tried to use '/graph drawing/node dis
tance' requires LuaTeX. It will be ignored. on input line 10997.


Package tikz-feynman Warning: The key you tried to use '/graph drawing/level di
stance' requires LuaTeX. It will be ignored. on input line 10997.


Package tikz-feynman Warning: The key you tried to use '/graph drawing/sibling 
distance' requires LuaTeX. It will be ignored. on input line 10997.


Package tikz-feynman Warning: The key you tried to use '/graph drawing/node dis
tance' requires LuaTeX. It will be ignored. on input line 10997.


Package tikz-feynman Warning: The key you tried to use '/graph drawing/level di
stance' requires LuaTeX. It will be ignored. on input line 10997.


Package tikz-feynman Warning: The key you tried to use '/graph drawing/sibling 
distance' requires LuaTeX. It will be ignored. on input line 10997.


Package tikz-feynman Warning: The key you tried to use '/graph drawing/node dis
tance' requires LuaTeX. It will be ignored. on input line 10999.


Package tikz-feynman Warning: The key you tried to use '/graph drawing/level di
stance' requires LuaTeX. It will be ignored. on input line 10999.


Package tikz-feynman Warning: The key you tried to use '/graph drawing/sibling 
distance' requires LuaTeX. It will be ignored. on input line 10999.


Package tikz-feynman Warning: The key you tried to use '/graph drawing/node dis
tance' requires LuaTeX. It will be ignored. on input line 10999.


Package tikz-feynman Warning: The key you tried to use '/graph drawing/level di
stance' requires LuaTeX. It will be ignored. on input line 10999.


Package tikz-feynman Warning: The key you tried to use '/graph drawing/sibling 
distance' requires LuaTeX. It will be ignored. on input line 10999.


Package tikz-feynman Warning: The key you tried to use '/graph drawing/node dis
tance' requires LuaTeX. It will be ignored. on input line 10999.


Package tikz-feynman Warning: The key you tried to use '/graph drawing/level di
stance' requires LuaTeX. It will be ignored. on input line 10999.


Package tikz-feynman Warning: The key you tried to use '/graph drawing/sibling 
distance' requires LuaTeX. It will be ignored. on input line 10999.


Package tikz-feynman Warning: The key you tried to use '/graph drawing/node dis
tance' requires LuaTeX. It will be ignored. on input line 10999.


Package tikz-feynman Warning: The key you tried to use '/graph drawing/level di
stance' requires LuaTeX. It will be ignored. on input line 10999.


Package tikz-feynman Warning: The key you tried to use '/graph drawing/sibling 
distance' requires LuaTeX. It will be ignored. on input line 10999.


Package tikz-feynman Warning: The key you tried to use '/graph drawing/node dis
tance' requires LuaTeX. It will be ignored. on input line 10999.


Package tikz-feynman Warning: The key you tried to use '/graph drawing/level di
stance' requires LuaTeX. It will be ignored. on input line 10999.


Package tikz-feynman Warning: The key you tried to use '/graph drawing/sibling 
distance' requires LuaTeX. It will be ignored. on input line 10999.


Package tikz-feynman Warning: The key you tried to use '/graph drawing/node dis
tance' requires LuaTeX. It will be ignored. on input line 10999.


Package tikz-feynman Warning: The key you tried to use '/graph drawing/level di
stance' requires LuaTeX. It will be ignored. on input line 10999.


Package tikz-feynman Warning: The key you tried to use '/graph drawing/sibling 
distance' requires LuaTeX. It will be ignored. on input line 10999.


Package tikz-feynman Warning: The key you tried to use '/graph drawing/node dis
tance' requires LuaTeX. It will be ignored. on input line 10999.


Package tikz-feynman Warning: The key you tried to use '/graph drawing/level di
stance' requires LuaTeX. It will be ignored. on input line 10999.


Package tikz-feynman Warning: The key you tried to use '/graph drawing/sibling 
distance' requires LuaTeX. It will be ignored. on input line 10999.


Package tikz-feynman Warning: The key you tried to use '/graph drawing/node dis
tance' requires LuaTeX. It will be ignored. on input line 10999.


Package tikz-feynman Warning: The key you tried to use '/graph drawing/level di
stance' requires LuaTeX. It will be ignored. on input line 10999.


Package tikz-feynman Warning: The key you tried to use '/graph drawing/sibling 
distance' requires LuaTeX. It will be ignored. on input line 10999.


Package tikz-feynman Warning: The key you tried to use '/graph drawing/node dis
tance' requires LuaTeX. It will be ignored. on input line 10999.


Package tikz-feynman Warning: The key you tried to use '/graph drawing/level di
stance' requires LuaTeX. It will be ignored. on input line 10999.


Package tikz-feynman Warning: The key you tried to use '/graph drawing/sibling 
distance' requires LuaTeX. It will be ignored. on input line 10999.


Package tikz-feynman Warning: The key you tried to use '/graph drawing/node dis
tance' requires LuaTeX. It will be ignored. on input line 10999.


Package tikz-feynman Warning: The key you tried to use '/graph drawing/level di
stance' requires LuaTeX. It will be ignored. on input line 10999.


Package tikz-feynman Warning: The key you tried to use '/graph drawing/sibling 
distance' requires LuaTeX. It will be ignored. on input line 10999.


Package tikz-feynman Warning: The key you tried to use '/graph drawing/node dis
tance' requires LuaTeX. It will be ignored. on input line 10999.


Package tikz-feynman Warning: The key you tried to use '/graph drawing/level di
stance' requires LuaTeX. It will be ignored. on input line 10999.


Package tikz-feynman Warning: The key you tried to use '/graph drawing/sibling 
distance' requires LuaTeX. It will be ignored. on input line 10999.


Package tikz-feynman Warning: The key you tried to use '/graph drawing/node dis
tance' requires LuaTeX. It will be ignored. on input line 10999.


Package tikz-feynman Warning: The key you tried to use '/graph drawing/level di
stance' requires LuaTeX. It will be ignored. on input line 10999.


Package tikz-feynman Warning: The key you tried to use '/graph drawing/sibling 
distance' requires LuaTeX. It will be ignored. on input line 10999.


Package paralist Warning: Incorrect label; no or multiple counters.
(paralist)                The label is: \hskip 1em\relax 7. on input line 11001
.


Package paralist Warning: Incorrect label; no or multiple counters.
(paralist)                The label is: \hskip 1em\relax 8. on input line 11001
.


Package tikz-feynman Warning: The key you tried to use '/graph drawing/node dis
tance' requires LuaTeX. It will be ignored. on input line 11003.


Package tikz-feynman Warning: The key you tried to use '/graph drawing/level di
stance' requires LuaTeX. It will be ignored. on input line 11003.


Package tikz-feynman Warning: The key you tried to use '/graph drawing/sibling 
distance' requires LuaTeX. It will be ignored. on input line 11003.


Package tikz-feynman Warning: The key you tried to use '/graph drawing/node dis
tance' requires LuaTeX. It will be ignored. on input line 11003.


Package tikz-feynman Warning: The key you tried to use '/graph drawing/level di
stance' requires LuaTeX. It will be ignored. on input line 11003.


Package tikz-feynman Warning: The key you tried to use '/graph drawing/sibling 
distance' requires LuaTeX. It will be ignored. on input line 11003.


Package tikz-feynman Warning: The key you tried to use '/graph drawing/node dis
tance' requires LuaTeX. It will be ignored. on input line 11004.


Package tikz-feynman Warning: The key you tried to use '/graph drawing/level di
stance' requires LuaTeX. It will be ignored. on input line 11004.


Package tikz-feynman Warning: The key you tried to use '/graph drawing/sibling 
distance' requires LuaTeX. It will be ignored. on input line 11004.


Package tikz-feynman Warning: The key you tried to use '/graph drawing/node dis
tance' requires LuaTeX. It will be ignored. on input line 11004.


Package tikz-feynman Warning: The key you tried to use '/graph drawing/level di
stance' requires LuaTeX. It will be ignored. on input line 11004.


Package tikz-feynman Warning: The key you tried to use '/graph drawing/sibling 
distance' requires LuaTeX. It will be ignored. on input line 11004.


Package tikz-feynman Warning: The key you tried to use '/graph drawing/node dis
tance' requires LuaTeX. It will be ignored. on input line 11005.


Package tikz-feynman Warning: The key you tried to use '/graph drawing/level di
stance' requires LuaTeX. It will be ignored. on input line 11005.


Package tikz-feynman Warning: The key you tried to use '/graph drawing/sibling 
distance' requires LuaTeX. It will be ignored. on input line 11005.


Package tikz-feynman Warning: The key you tried to use '/graph drawing/node dis
tance' requires LuaTeX. It will be ignored. on input line 11005.


Package tikz-feynman Warning: The key you tried to use '/graph drawing/level di
stance' requires LuaTeX. It will be ignored. on input line 11005.


Package tikz-feynman Warning: The key you tried to use '/graph drawing/sibling 
distance' requires LuaTeX. It will be ignored. on input line 11005.


Package tikz-feynman Warning: The key you tried to use '/graph drawing/node dis
tance' requires LuaTeX. It will be ignored. on input line 11007.


Package tikz-feynman Warning: The key you tried to use '/graph drawing/level di
stance' requires LuaTeX. It will be ignored. on input line 11007.


Package tikz-feynman Warning: The key you tried to use '/graph drawing/sibling 
distance' requires LuaTeX. It will be ignored. on input line 11007.


Package tikz-feynman Warning: The key you tried to use '/graph drawing/node dis
tance' requires LuaTeX. It will be ignored. on input line 11007.


Package tikz-feynman Warning: The key you tried to use '/graph drawing/level di
stance' requires LuaTeX. It will be ignored. on input line 11007.


Package tikz-feynman Warning: The key you tried to use '/graph drawing/sibling 
distance' requires LuaTeX. It will be ignored. on input line 11007.


Package tikz-feynman Warning: The key you tried to use '/graph drawing/node dis
tance' requires LuaTeX. It will be ignored. on input line 11007.


Package tikz-feynman Warning: The key you tried to use '/graph drawing/level di
stance' requires LuaTeX. It will be ignored. on input line 11007.


Package tikz-feynman Warning: The key you tried to use '/graph drawing/sibling 
distance' requires LuaTeX. It will be ignored. on input line 11007.


Package tikz-feynman Warning: The key you tried to use '/graph drawing/node dis
tance' requires LuaTeX. It will be ignored. on input line 11007.


Package tikz-feynman Warning: The key you tried to use '/graph drawing/level di
stance' requires LuaTeX. It will be ignored. on input line 11007.


Package tikz-feynman Warning: The key you tried to use '/graph drawing/sibling 
distance' requires LuaTeX. It will be ignored. on input line 11007.


Package tikz-feynman Warning: The key you tried to use '/graph drawing/node dis
tance' requires LuaTeX. It will be ignored. on input line 11007.


Package tikz-feynman Warning: The key you tried to use '/graph drawing/level di
stance' requires LuaTeX. It will be ignored. on input line 11007.


Package tikz-feynman Warning: The key you tried to use '/graph drawing/sibling 
distance' requires LuaTeX. It will be ignored. on input line 11007.


Package tikz-feynman Warning: The key you tried to use '/graph drawing/node dis
tance' requires LuaTeX. It will be ignored. on input line 11007.


Package tikz-feynman Warning: The key you tried to use '/graph drawing/level di
stance' requires LuaTeX. It will be ignored. on input line 11007.


Package tikz-feynman Warning: The key you tried to use '/graph drawing/sibling 
distance' requires LuaTeX. It will be ignored. on input line 11007.


Package tikz-feynman Warning: The key you tried to use '/graph drawing/node dis
tance' requires LuaTeX. It will be ignored. on input line 11007.


Package tikz-feynman Warning: The key you tried to use '/graph drawing/level di
stance' requires LuaTeX. It will be ignored. on input line 11007.


Package tikz-feynman Warning: The key you tried to use '/graph drawing/sibling 
distance' requires LuaTeX. It will be ignored. on input line 11007.


Package tikz-feynman Warning: The key you tried to use '/graph drawing/node dis
tance' requires LuaTeX. It will be ignored. on input line 11007.


Package tikz-feynman Warning: The key you tried to use '/graph drawing/level di
stance' requires LuaTeX. It will be ignored. on input line 11007.


Package tikz-feynman Warning: The key you tried to use '/graph drawing/sibling 
distance' requires LuaTeX. It will be ignored. on input line 11007.


Package tikz-feynman Warning: The key you tried to use '/graph drawing/node dis
tance' requires LuaTeX. It will be ignored. on input line 11007.


Package tikz-feynman Warning: The key you tried to use '/graph drawing/level di
stance' requires LuaTeX. It will be ignored. on input line 11007.


Package tikz-feynman Warning: The key you tried to use '/graph drawing/sibling 
distance' requires LuaTeX. It will be ignored. on input line 11007.


Package tikz-feynman Warning: The key you tried to use '/graph drawing/node dis
tance' requires LuaTeX. It will be ignored. on input line 11007.


Package tikz-feynman Warning: The key you tried to use '/graph drawing/level di
stance' requires LuaTeX. It will be ignored. on input line 11007.


Package tikz-feynman Warning: The key you tried to use '/graph drawing/sibling 
distance' requires LuaTeX. It will be ignored. on input line 11007.


Package tikz-feynman Warning: The key you tried to use '/graph drawing/node dis
tance' requires LuaTeX. It will be ignored. on input line 11007.


Package tikz-feynman Warning: The key you tried to use '/graph drawing/level di
stance' requires LuaTeX. It will be ignored. on input line 11007.


Package tikz-feynman Warning: The key you tried to use '/graph drawing/sibling 
distance' requires LuaTeX. It will be ignored. on input line 11007.


Package tikz-feynman Warning: The key you tried to use '/graph drawing/node dis
tance' requires LuaTeX. It will be ignored. on input line 11007.


Package tikz-feynman Warning: The key you tried to use '/graph drawing/level di
stance' requires LuaTeX. It will be ignored. on input line 11007.


Package tikz-feynman Warning: The key you tried to use '/graph drawing/sibling 
distance' requires LuaTeX. It will be ignored. on input line 11007.


Package tikz-feynman Warning: The key you tried to use '/graph drawing/node dis
tance' requires LuaTeX. It will be ignored. on input line 11007.


Package tikz-feynman Warning: The key you tried to use '/graph drawing/level di
stance' requires LuaTeX. It will be ignored. on input line 11007.


Package tikz-feynman Warning: The key you tried to use '/graph drawing/sibling 
distance' requires LuaTeX. It will be ignored. on input line 11007.


Package tikz-feynman Warning: The key you tried to use '/graph drawing/node dis
tance' requires LuaTeX. It will be ignored. on input line 11007.


Package tikz-feynman Warning: The key you tried to use '/graph drawing/level di
stance' requires LuaTeX. It will be ignored. on input line 11007.


Package tikz-feynman Warning: The key you tried to use '/graph drawing/sibling 
distance' requires LuaTeX. It will be ignored. on input line 11007.


Package tikz-feynman Warning: The key you tried to use '/graph drawing/node dis
tance' requires LuaTeX. It will be ignored. on input line 11007.


Package tikz-feynman Warning: The key you tried to use '/graph drawing/level di
stance' requires LuaTeX. It will be ignored. on input line 11007.


Package tikz-feynman Warning: The key you tried to use '/graph drawing/sibling 
distance' requires LuaTeX. It will be ignored. on input line 11007.


Package tikz-feynman Warning: The key you tried to use '/graph drawing/node dis
tance' requires LuaTeX. It will be ignored. on input line 11007.


Package tikz-feynman Warning: The key you tried to use '/graph drawing/level di
stance' requires LuaTeX. It will be ignored. on input line 11007.


Package tikz-feynman Warning: The key you tried to use '/graph drawing/sibling 
distance' requires LuaTeX. It will be ignored. on input line 11007.


Package tikz-feynman Warning: The key you tried to use '/graph drawing/node dis
tance' requires LuaTeX. It will be ignored. on input line 11007.


Package tikz-feynman Warning: The key you tried to use '/graph drawing/level di
stance' requires LuaTeX. It will be ignored. on input line 11007.


Package tikz-feynman Warning: The key you tried to use '/graph drawing/sibling 
distance' requires LuaTeX. It will be ignored. on input line 11007.


Package tikz-feynman Warning: The key you tried to use '/graph drawing/node dis
tance' requires LuaTeX. It will be ignored. on input line 11007.


Package tikz-feynman Warning: The key you tried to use '/graph drawing/level di
stance' requires LuaTeX. It will be ignored. on input line 11007.


Package tikz-feynman Warning: The key you tried to use '/graph drawing/sibling 
distance' requires LuaTeX. It will be ignored. on input line 11007.


Package tikz-feynman Warning: The key you tried to use '/graph drawing/node dis
tance' requires LuaTeX. It will be ignored. on input line 11007.


Package tikz-feynman Warning: The key you tried to use '/graph drawing/level di
stance' requires LuaTeX. It will be ignored. on input line 11007.


Package tikz-feynman Warning: The key you tried to use '/graph drawing/sibling 
distance' requires LuaTeX. It will be ignored. on input line 11007.


Package tikz-feynman Warning: The key you tried to use '/graph drawing/node dis
tance' requires LuaTeX. It will be ignored. on input line 11007.


Package tikz-feynman Warning: The key you tried to use '/graph drawing/level di
stance' requires LuaTeX. It will be ignored. on input line 11007.


Package tikz-feynman Warning: The key you tried to use '/graph drawing/sibling 
distance' requires LuaTeX. It will be ignored. on input line 11007.


Package tikz-feynman Warning: The key you tried to use '/graph drawing/node dis
tance' requires LuaTeX. It will be ignored. on input line 11007.


Package tikz-feynman Warning: The key you tried to use '/graph drawing/level di
stance' requires LuaTeX. It will be ignored. on input line 11007.


Package tikz-feynman Warning: The key you tried to use '/graph drawing/sibling 
distance' requires LuaTeX. It will be ignored. on input line 11007.


Package tikz-feynman Warning: The key you tried to use '/graph drawing/node dis
tance' requires LuaTeX. It will be ignored. on input line 11007.


Package tikz-feynman Warning: The key you tried to use '/graph drawing/level di
stance' requires LuaTeX. It will be ignored. on input line 11007.


Package tikz-feynman Warning: The key you tried to use '/graph drawing/sibling 
distance' requires LuaTeX. It will be ignored. on input line 11007.


Package tikz-feynman Warning: The key you tried to use '/graph drawing/node dis
tance' requires LuaTeX. It will be ignored. on input line 11007.


Package tikz-feynman Warning: The key you tried to use '/graph drawing/level di
stance' requires LuaTeX. It will be ignored. on input line 11007.


Package tikz-feynman Warning: The key you tried to use '/graph drawing/sibling 
distance' requires LuaTeX. It will be ignored. on input line 11007.


Package tikz-feynman Warning: The key you tried to use '/graph drawing/node dis
tance' requires LuaTeX. It will be ignored. on input line 11007.


Package tikz-feynman Warning: The key you tried to use '/graph drawing/level di
stance' requires LuaTeX. It will be ignored. on input line 11007.


Package tikz-feynman Warning: The key you tried to use '/graph drawing/sibling 
distance' requires LuaTeX. It will be ignored. on input line 11007.


Package tikz-feynman Warning: The key you tried to use '/graph drawing/node dis
tance' requires LuaTeX. It will be ignored. on input line 11007.


Package tikz-feynman Warning: The key you tried to use '/graph drawing/level di
stance' requires LuaTeX. It will be ignored. on input line 11007.


Package tikz-feynman Warning: The key you tried to use '/graph drawing/sibling 
distance' requires LuaTeX. It will be ignored. on input line 11007.


Package tikz-feynman Warning: The key you tried to use '/graph drawing/node dis
tance' requires LuaTeX. It will be ignored. on input line 11007.


Package tikz-feynman Warning: The key you tried to use '/graph drawing/level di
stance' requires LuaTeX. It will be ignored. on input line 11007.


Package tikz-feynman Warning: The key you tried to use '/graph drawing/sibling 
distance' requires LuaTeX. It will be ignored. on input line 11007.


Package tikz-feynman Warning: The key you tried to use '/graph drawing/node dis
tance' requires LuaTeX. It will be ignored. on input line 11007.


Package tikz-feynman Warning: The key you tried to use '/graph drawing/level di
stance' requires LuaTeX. It will be ignored. on input line 11007.


Package tikz-feynman Warning: The key you tried to use '/graph drawing/sibling 
distance' requires LuaTeX. It will be ignored. on input line 11007.


Package tikz-feynman Warning: The key you tried to use '/graph drawing/node dis
tance' requires LuaTeX. It will be ignored. on input line 11007.


Package tikz-feynman Warning: The key you tried to use '/graph drawing/level di
stance' requires LuaTeX. It will be ignored. on input line 11007.


Package tikz-feynman Warning: The key you tried to use '/graph drawing/sibling 
distance' requires LuaTeX. It will be ignored. on input line 11007.


Package tikz-feynman Warning: The key you tried to use '/graph drawing/node dis
tance' requires LuaTeX. It will be ignored. on input line 11007.


Package tikz-feynman Warning: The key you tried to use '/graph drawing/level di
stance' requires LuaTeX. It will be ignored. on input line 11007.


Package tikz-feynman Warning: The key you tried to use '/graph drawing/sibling 
distance' requires LuaTeX. It will be ignored. on input line 11007.


Package tikz-feynman Warning: The key you tried to use '/graph drawing/node dis
tance' requires LuaTeX. It will be ignored. on input line 11007.


Package tikz-feynman Warning: The key you tried to use '/graph drawing/level di
stance' requires LuaTeX. It will be ignored. on input line 11007.


Package tikz-feynman Warning: The key you tried to use '/graph drawing/sibling 
distance' requires LuaTeX. It will be ignored. on input line 11007.


Package tikz-feynman Warning: The key you tried to use '/graph drawing/node dis
tance' requires LuaTeX. It will be ignored. on input line 11007.


Package tikz-feynman Warning: The key you tried to use '/graph drawing/level di
stance' requires LuaTeX. It will be ignored. on input line 11007.


Package tikz-feynman Warning: The key you tried to use '/graph drawing/sibling 
distance' requires LuaTeX. It will be ignored. on input line 11007.


Package tikz-feynman Warning: The key you tried to use '/graph drawing/node dis
tance' requires LuaTeX. It will be ignored. on input line 11007.


Package tikz-feynman Warning: The key you tried to use '/graph drawing/level di
stance' requires LuaTeX. It will be ignored. on input line 11007.


Package tikz-feynman Warning: The key you tried to use '/graph drawing/sibling 
distance' requires LuaTeX. It will be ignored. on input line 11007.



[543]

Package tikz-feynman Warning: The key you tried to use '/graph drawing/node dis
tance' requires LuaTeX. It will be ignored. on input line 11009.


Package tikz-feynman Warning: The key you tried to use '/graph drawing/level di
stance' requires LuaTeX. It will be ignored. on input line 11009.


Package tikz-feynman Warning: The key you tried to use '/graph drawing/sibling 
distance' requires LuaTeX. It will be ignored. on input line 11009.


Package tikz-feynman Warning: The key you tried to use '/graph drawing/node dis
tance' requires LuaTeX. It will be ignored. on input line 11009.


Package tikz-feynman Warning: The key you tried to use '/graph drawing/level di
stance' requires LuaTeX. It will be ignored. on input line 11009.


Package tikz-feynman Warning: The key you tried to use '/graph drawing/sibling 
distance' requires LuaTeX. It will be ignored. on input line 11009.


Package tikz-feynman Warning: The key you tried to use '/graph drawing/node dis
tance' requires LuaTeX. It will be ignored. on input line 11009.


Package tikz-feynman Warning: The key you tried to use '/graph drawing/level di
stance' requires LuaTeX. It will be ignored. on input line 11009.


Package tikz-feynman Warning: The key you tried to use '/graph drawing/sibling 
distance' requires LuaTeX. It will be ignored. on input line 11009.


Package tikz-feynman Warning: The key you tried to use '/graph drawing/node dis
tance' requires LuaTeX. It will be ignored. on input line 11009.


Package tikz-feynman Warning: The key you tried to use '/graph drawing/level di
stance' requires LuaTeX. It will be ignored. on input line 11009.


Package tikz-feynman Warning: The key you tried to use '/graph drawing/sibling 
distance' requires LuaTeX. It will be ignored. on input line 11009.


Package tikz-feynman Warning: The key you tried to use '/graph drawing/node dis
tance' requires LuaTeX. It will be ignored. on input line 11011.


Package tikz-feynman Warning: The key you tried to use '/graph drawing/level di
stance' requires LuaTeX. It will be ignored. on input line 11011.


Package tikz-feynman Warning: The key you tried to use '/graph drawing/sibling 
distance' requires LuaTeX. It will be ignored. on input line 11011.


Package tikz-feynman Warning: The key you tried to use '/graph drawing/node dis
tance' requires LuaTeX. It will be ignored. on input line 11011.


Package tikz-feynman Warning: The key you tried to use '/graph drawing/level di
stance' requires LuaTeX. It will be ignored. on input line 11011.


Package tikz-feynman Warning: The key you tried to use '/graph drawing/sibling 
distance' requires LuaTeX. It will be ignored. on input line 11011.


Package tikz-feynman Warning: The key you tried to use '/graph drawing/node dis
tance' requires LuaTeX. It will be ignored. on input line 11011.


Package tikz-feynman Warning: The key you tried to use '/graph drawing/level di
stance' requires LuaTeX. It will be ignored. on input line 11011.


Package tikz-feynman Warning: The key you tried to use '/graph drawing/sibling 
distance' requires LuaTeX. It will be ignored. on input line 11011.


Package tikz-feynman Warning: The key you tried to use '/graph drawing/node dis
tance' requires LuaTeX. It will be ignored. on input line 11011.


Package tikz-feynman Warning: The key you tried to use '/graph drawing/level di
stance' requires LuaTeX. It will be ignored. on input line 11011.


Package tikz-feynman Warning: The key you tried to use '/graph drawing/sibling 
distance' requires LuaTeX. It will be ignored. on input line 11011.


Package tikz-feynman Warning: The key you tried to use '/graph drawing/node dis
tance' requires LuaTeX. It will be ignored. on input line 11011.


Package tikz-feynman Warning: The key you tried to use '/graph drawing/level di
stance' requires LuaTeX. It will be ignored. on input line 11011.


Package tikz-feynman Warning: The key you tried to use '/graph drawing/sibling 
distance' requires LuaTeX. It will be ignored. on input line 11011.


Package tikz-feynman Warning: The key you tried to use '/graph drawing/node dis
tance' requires LuaTeX. It will be ignored. on input line 11011.


Package tikz-feynman Warning: The key you tried to use '/graph drawing/level di
stance' requires LuaTeX. It will be ignored. on input line 11011.


Package tikz-feynman Warning: The key you tried to use '/graph drawing/sibling 
distance' requires LuaTeX. It will be ignored. on input line 11011.


Underfull \hbox (badness 10000) in paragraph at lines 11011--11015

 []


Underfull \hbox (badness 10000) in paragraph at lines 11016--11019

 []



[544]

Package tikz-feynman Warning: The key you tried to use '/graph drawing/node dis
tance' requires LuaTeX. It will be ignored. on input line 11025.


Package tikz-feynman Warning: The key you tried to use '/graph drawing/level di
stance' requires LuaTeX. It will be ignored. on input line 11025.


Package tikz-feynman Warning: The key you tried to use '/graph drawing/sibling 
distance' requires LuaTeX. It will be ignored. on input line 11025.


Package tikz-feynman Warning: The key you tried to use '/graph drawing/node dis
tance' requires LuaTeX. It will be ignored. on input line 11025.


Package tikz-feynman Warning: The key you tried to use '/graph drawing/level di
stance' requires LuaTeX. It will be ignored. on input line 11025.


Package tikz-feynman Warning: The key you tried to use '/graph drawing/sibling 
distance' requires LuaTeX. It will be ignored. on input line 11025.


Package tikz-feynman Warning: The key you tried to use '/graph drawing/node dis
tance' requires LuaTeX. It will be ignored. on input line 11025.


Package tikz-feynman Warning: The key you tried to use '/graph drawing/level di
stance' requires LuaTeX. It will be ignored. on input line 11025.


Package tikz-feynman Warning: The key you tried to use '/graph drawing/sibling 
distance' requires LuaTeX. It will be ignored. on input line 11025.


Package tikz-feynman Warning: The key you tried to use '/graph drawing/node dis
tance' requires LuaTeX. It will be ignored. on input line 11025.


Package tikz-feynman Warning: The key you tried to use '/graph drawing/level di
stance' requires LuaTeX. It will be ignored. on input line 11025.


Package tikz-feynman Warning: The key you tried to use '/graph drawing/sibling 
distance' requires LuaTeX. It will be ignored. on input line 11025.


Package tikz-feynman Warning: The key you tried to use '/graph drawing/node dis
tance' requires LuaTeX. It will be ignored. on input line 11031.


Package tikz-feynman Warning: The key you tried to use '/graph drawing/level di
stance' requires LuaTeX. It will be ignored. on input line 11031.


Package tikz-feynman Warning: The key you tried to use '/graph drawing/sibling 
distance' requires LuaTeX. It will be ignored. on input line 11031.


Package tikz-feynman Warning: The key you tried to use '/graph drawing/node dis
tance' requires LuaTeX. It will be ignored. on input line 11031.


Package tikz-feynman Warning: The key you tried to use '/graph drawing/level di
stance' requires LuaTeX. It will be ignored. on input line 11031.


Package tikz-feynman Warning: The key you tried to use '/graph drawing/sibling 
distance' requires LuaTeX. It will be ignored. on input line 11031.


Package tikz-feynman Warning: The key you tried to use '/graph drawing/node dis
tance' requires LuaTeX. It will be ignored. on input line 11031.


Package tikz-feynman Warning: The key you tried to use '/graph drawing/level di
stance' requires LuaTeX. It will be ignored. on input line 11031.


Package tikz-feynman Warning: The key you tried to use '/graph drawing/sibling 
distance' requires LuaTeX. It will be ignored. on input line 11031.


Package tikz-feynman Warning: The key you tried to use '/graph drawing/node dis
tance' requires LuaTeX. It will be ignored. on input line 11031.


Package tikz-feynman Warning: The key you tried to use '/graph drawing/level di
stance' requires LuaTeX. It will be ignored. on input line 11031.


Package tikz-feynman Warning: The key you tried to use '/graph drawing/sibling 
distance' requires LuaTeX. It will be ignored. on input line 11031.


Package tikz-feynman Warning: The key you tried to use '/graph drawing/node dis
tance' requires LuaTeX. It will be ignored. on input line 11031.


Package tikz-feynman Warning: The key you tried to use '/graph drawing/level di
stance' requires LuaTeX. It will be ignored. on input line 11031.


Package tikz-feynman Warning: The key you tried to use '/graph drawing/sibling 
distance' requires LuaTeX. It will be ignored. on input line 11031.


Package tikz-feynman Warning: The key you tried to use '/graph drawing/node dis
tance' requires LuaTeX. It will be ignored. on input line 11031.


Package tikz-feynman Warning: The key you tried to use '/graph drawing/level di
stance' requires LuaTeX. It will be ignored. on input line 11031.


Package tikz-feynman Warning: The key you tried to use '/graph drawing/sibling 
distance' requires LuaTeX. It will be ignored. on input line 11031.


Package tikz-feynman Warning: The key you tried to use '/graph drawing/node dis
tance' requires LuaTeX. It will be ignored. on input line 11031.


Package tikz-feynman Warning: The key you tried to use '/graph drawing/level di
stance' requires LuaTeX. It will be ignored. on input line 11031.


Package tikz-feynman Warning: The key you tried to use '/graph drawing/sibling 
distance' requires LuaTeX. It will be ignored. on input line 11031.


Package tikz-feynman Warning: The key you tried to use '/graph drawing/node dis
tance' requires LuaTeX. It will be ignored. on input line 11031.


Package tikz-feynman Warning: The key you tried to use '/graph drawing/level di
stance' requires LuaTeX. It will be ignored. on input line 11031.


Package tikz-feynman Warning: The key you tried to use '/graph drawing/sibling 
distance' requires LuaTeX. It will be ignored. on input line 11031.


Underfull \hbox (badness 10000) in paragraph at lines 11033--11039

 []


Underfull \hbox (badness 10000) in paragraph at lines 11033--11039

 []



[545]
Underfull \hbox (badness 10000) in paragraph at lines 11047--11051

 []



[546]
Underfull \hbox (badness 10000) in paragraph at lines 11065--11069

 []



[547]
Underfull \hbox (badness 10000) in paragraph at lines 11093--11097

 []


Overfull \hbox (1.02983pt too wide) in paragraph at lines 11093--11097
\C70/rm/m/n/10/73 ∞ \C70/rm/m/n/10/57 ( \C70/rm/m/n/10/62 ^^Q \C70/rm/m/n/10/4e
 Ï \C70/rm/m/n/10/67 e \C70/rm/m/n/10/8b ® ∫ \C70/rm/m/n/10/81 Í \C70/rm/m/n/10
/80 ˝ \C70/rm/m/n/10/77 È \C70/rm/m/n/10/96 5$\OT1/cmr/bx/n/10 (-20) ^^F[]$\C70
/rm/m/n/10/76 Ñ \C70/rm/m/n/10/4e „ \C70/rm/m/n/10/65 p \C70/rm/m/n/10/60 ' \C7
0/rm/m/n/10/8d (|\C70/rm/m/n/10/ff ^^L| \C70/rm/m/n/10/4e  \C70/rm/m/n/10/97 b
 \C70/rm/m/n/10/8f ÿ \C70/rm/m/n/10/66 / \C70/rm/m/n/10/77 ^^A \C70/rm/m/n/10/7
5 e \C70/rm/m/n/10/53 w \C70/rm/m/n/10/79 Ô \C70/rm/m/n/10/7b & \C70/rm/m/n/10/
53 ˜|\C70/rm/m/n/10/ff ^^L| \C70/rm/m/n/10/54 ^^L \C70/rm/m/n/10/68 7 \C70/rm/m
/n/10/76 Ñ \C70/rm/m/n/10/5b ˘$\OT1/cmr/bx/n/10 (-20) ^^F[]$\C70/rm/m/n/10/53 ÷
\T1/cmr/m/sl/10 (-20) Keldysh\C70/rm/m/n/10/65 À \C70/rm/m/n/10/8f l\T1/cmr/m/n
/10 (-20) ([]10.7.77[])|\C70/rm/m/n/10/ff ^^L|
 []



[548]

[549]
Underfull \hbox (badness 10000) in paragraph at lines 11124--11127

 []



[550]
Underfull \hbox (badness 10000) in paragraph at lines 11141--11145

 []


Underfull \hbox (badness 10000) in paragraph at lines 11146--11149

 []


Underfull \hbox (badness 10000) in paragraph at lines 11157--11161

 []



[551]
Underfull \hbox (badness 10000) in paragraph at lines 11179--11183

 []



[552]

[553]
Underfull \hbox (badness 10000) in paragraph at lines 11203--11207

 []


Underfull \hbox (badness 10000) in paragraph at lines 11217--11221

 []



[554]
Underfull \hbox (badness 10000) in paragraph at lines 11247--11251

 []



[555]
Underfull \hbox (badness 10000) in paragraph at lines 11253--11256

 []



[556]
Underfull \hbox (badness 10000) in paragraph at lines 11262--11265

 []


Underfull \hbox (badness 10000) in paragraph at lines 11273--11277

 []



[557]
Underfull \hbox (badness 10000) in paragraph at lines 11303--11307

 []



[558]

Package caption Warning: The option `hypcap=true' will be ignored for this
(caption)                particular \caption on input line 11315.
See the caption package documentation for explanation.



[559]
Underfull \hbox (badness 10000) in paragraph at lines 11327--11331

 []



[560]
Underfull \hbox (badness 10000) in paragraph at lines 11351--11355

 []


Overfull \hbox (4.10023pt too wide) in paragraph at lines 11359--11361
\C70/rm/m/n/10/97 ^^@ \C70/rm/m/n/10/89 Å \C70/rm/m/n/10/6c Ë \C70/rm/m/n/10/61
 ^^O \C70/rm/m/n/10/73 ∞ \C70/rm/m/n/10/57 ($\OT1/cmr/m/n/10 (-20) ^^F$\C70/rm/
m/n/10/66 /$[]$\C70/rm/m/n/10/80 ^^L \C70/rm/m/n/10/97 ^$\OML/cmm/m/it/10 p$\C7
0/rm/m/n/10/76 Ñ \C70/rm/m/n/10/51 ˝ \C70/rm/m/n/10/65 p|\C70/rm/m/n/10/30 ^^B|
 \C70/rm/m/n/10/5f ^^U \C70/rm/m/n/10/51 e\T1/cmr/m/sl/10 (-20) KL\C70/rm/m/n/1
0/8c 1 \C70/rm/m/n/10/52 ^^F \C70/rm/m/n/10/5e ^^C|\C70/rm/m/n/10/ff ^^L| \C70/
rm/m/n/10/62 ^^Q \C70/rm/m/n/10/4e Ï \C70/rm/m/n/10/53 Í \C70/rm/m/n/10/80 ^^C 
\C70/rm/m/n/10/86 Q \C70/rm/m/n/10/53 U \C70/rm/m/n/10/7c í \C70/rm/m/n/10/5b P
 \C70/rm/m/n/10/60 ≈ \C70/rm/m/n/10/5f b|\C70/rm/m/n/10/ff ^^L| \C70/rm/m/n/10/
5b ˘ \C70/rm/m/n/10/4e é\T1/cmr/m/sl/10 (-20) Dirac \C70/rm/m/n/10/57 : \C70/rm
/m/n/10/53 ¬ \C70/rm/m/n/10/71 g \C70/rm/m/n/10/5f ^^O\T1/cmr/m/n/10 (-20) ([]1
1.8.15[])\C70/rm/m/n/10/51 ô
 []



[561]
Underfull \hbox (badness 10000) in paragraph at lines 11369--11373

 []


Package tikz-feynman Warning: The key you tried to use '/graph drawing/node dis
tance' requires LuaTeX. It will be ignored. on input line 11376.


Package tikz-feynman Warning: The key you tried to use '/graph drawing/level di
stance' requires LuaTeX. It will be ignored. on input line 11376.


Package tikz-feynman Warning: The key you tried to use '/graph drawing/sibling 
distance' requires LuaTeX. It will be ignored. on input line 11376.


Underfull \hbox (badness 10000) in paragraph at lines 11374--11377

 []


Underfull \hbox (badness 10000) in paragraph at lines 11377--11381

 []


Package tikz-feynman Warning: The key you tried to use '/graph drawing/node dis
tance' requires LuaTeX. It will be ignored. on input line 11381.


Package tikz-feynman Warning: The key you tried to use '/graph drawing/level di
stance' requires LuaTeX. It will be ignored. on input line 11381.


Package tikz-feynman Warning: The key you tried to use '/graph drawing/sibling 
distance' requires LuaTeX. It will be ignored. on input line 11381.


Package tikz-feynman Warning: The key you tried to use '/graph drawing/node dis
tance' requires LuaTeX. It will be ignored. on input line 11381.


Package tikz-feynman Warning: The key you tried to use '/graph drawing/level di
stance' requires LuaTeX. It will be ignored. on input line 11381.


Package tikz-feynman Warning: The key you tried to use '/graph drawing/sibling 
distance' requires LuaTeX. It will be ignored. on input line 11381.



[562]
Underfull \hbox (badness 10000) in paragraph at lines 11393--11397

 []



[563]
Underfull \hbox (badness 10000) in paragraph at lines 11405--11409

 []


Package tikz-feynman Warning: The key you tried to use '/graph drawing/node dis
tance' requires LuaTeX. It will be ignored. on input line 11409.


Package tikz-feynman Warning: The key you tried to use '/graph drawing/level di
stance' requires LuaTeX. It will be ignored. on input line 11409.


Package tikz-feynman Warning: The key you tried to use '/graph drawing/sibling 
distance' requires LuaTeX. It will be ignored. on input line 11409.


Package tikz-feynman Warning: The key you tried to use '/graph drawing/node dis
tance' requires LuaTeX. It will be ignored. on input line 11409.


Package tikz-feynman Warning: The key you tried to use '/graph drawing/level di
stance' requires LuaTeX. It will be ignored. on input line 11409.


Package tikz-feynman Warning: The key you tried to use '/graph drawing/sibling 
distance' requires LuaTeX. It will be ignored. on input line 11409.


Package tikz-feynman Warning: The key you tried to use '/graph drawing/node dis
tance' requires LuaTeX. It will be ignored. on input line 11409.


Package tikz-feynman Warning: The key you tried to use '/graph drawing/level di
stance' requires LuaTeX. It will be ignored. on input line 11409.


Package tikz-feynman Warning: The key you tried to use '/graph drawing/sibling 
distance' requires LuaTeX. It will be ignored. on input line 11409.


Package tikz-feynman Warning: The key you tried to use '/graph drawing/node dis
tance' requires LuaTeX. It will be ignored. on input line 11409.


Package tikz-feynman Warning: The key you tried to use '/graph drawing/level di
stance' requires LuaTeX. It will be ignored. on input line 11409.


Package tikz-feynman Warning: The key you tried to use '/graph drawing/sibling 
distance' requires LuaTeX. It will be ignored. on input line 11409.


Package tikz-feynman Warning: The key you tried to use '/graph drawing/node dis
tance' requires LuaTeX. It will be ignored. on input line 11413.


Package tikz-feynman Warning: The key you tried to use '/graph drawing/level di
stance' requires LuaTeX. It will be ignored. on input line 11413.


Package tikz-feynman Warning: The key you tried to use '/graph drawing/sibling 
distance' requires LuaTeX. It will be ignored. on input line 11413.


Package tikz-feynman Warning: The key you tried to use '/graph drawing/node dis
tance' requires LuaTeX. It will be ignored. on input line 11413.


Package tikz-feynman Warning: The key you tried to use '/graph drawing/level di
stance' requires LuaTeX. It will be ignored. on input line 11413.


Package tikz-feynman Warning: The key you tried to use '/graph drawing/sibling 
distance' requires LuaTeX. It will be ignored. on input line 11413.


Package tikz-feynman Warning: The key you tried to use '/graph drawing/node dis
tance' requires LuaTeX. It will be ignored. on input line 11413.


Package tikz-feynman Warning: The key you tried to use '/graph drawing/level di
stance' requires LuaTeX. It will be ignored. on input line 11413.


Package tikz-feynman Warning: The key you tried to use '/graph drawing/sibling 
distance' requires LuaTeX. It will be ignored. on input line 11413.


Package tikz-feynman Warning: The key you tried to use '/graph drawing/node dis
tance' requires LuaTeX. It will be ignored. on input line 11413.


Package tikz-feynman Warning: The key you tried to use '/graph drawing/level di
stance' requires LuaTeX. It will be ignored. on input line 11413.


Package tikz-feynman Warning: The key you tried to use '/graph drawing/sibling 
distance' requires LuaTeX. It will be ignored. on input line 11413.



[564]
Underfull \hbox (badness 10000) in paragraph at lines 11431--11435

 []



[565]

[566]
Underfull \hbox (badness 10000) in paragraph at lines 11473--11477

 []


Underfull \hbox (badness 10000) in paragraph at lines 11481--11485

 []


Underfull \hbox (badness 10000) in paragraph at lines 11486--11489

 []



[567]

Package caption Warning: The option `hypcap=true' will be ignored for this
(caption)                particular \caption on input line 11499.
See the caption package documentation for explanation.


Underfull \hbox (badness 10000) in paragraph at lines 11501--11505

 []



[568]

Package caption Warning: The option `hypcap=true' will be ignored for this
(caption)                particular \caption on input line 11509.
See the caption package documentation for explanation.



[569]
Underfull \hbox (badness 10000) in paragraph at lines 11533--11539

 []


Underfull \hbox (badness 10000) in paragraph at lines 11533--11539

 []



[570]
Underfull \hbox (badness 10000) in paragraph at lines 11559--11563

 []



[571]
Underfull \hbox (badness 10000) in paragraph at lines 11579--11583

 []



[572]
Underfull \hbox (badness 10000) in paragraph at lines 11592--11595

 []


Package tikz-feynman Warning: The key you tried to use '/graph drawing/node dis
tance' requires LuaTeX. It will be ignored. on input line 11595.


Package tikz-feynman Warning: The key you tried to use '/graph drawing/level di
stance' requires LuaTeX. It will be ignored. on input line 11595.


Package tikz-feynman Warning: The key you tried to use '/graph drawing/sibling 
distance' requires LuaTeX. It will be ignored. on input line 11595.


Package tikz-feynman Warning: The key you tried to use '/graph drawing/node dis
tance' requires LuaTeX. It will be ignored. on input line 11595.


Package tikz-feynman Warning: The key you tried to use '/graph drawing/level di
stance' requires LuaTeX. It will be ignored. on input line 11595.


Package tikz-feynman Warning: The key you tried to use '/graph drawing/sibling 
distance' requires LuaTeX. It will be ignored. on input line 11595.



[573]
Underfull \hbox (badness 10000) in paragraph at lines 11615--11619

 []


Package tikz-feynman Warning: The key you tried to use '/graph drawing/node dis
tance' requires LuaTeX. It will be ignored. on input line 11619.


Package tikz-feynman Warning: The key you tried to use '/graph drawing/level di
stance' requires LuaTeX. It will be ignored. on input line 11619.


Package tikz-feynman Warning: The key you tried to use '/graph drawing/sibling 
distance' requires LuaTeX. It will be ignored. on input line 11619.


Package tikz-feynman Warning: The key you tried to use '/graph drawing/node dis
tance' requires LuaTeX. It will be ignored. on input line 11619.


Package tikz-feynman Warning: The key you tried to use '/graph drawing/level di
stance' requires LuaTeX. It will be ignored. on input line 11619.


Package tikz-feynman Warning: The key you tried to use '/graph drawing/sibling 
distance' requires LuaTeX. It will be ignored. on input line 11619.


Package tikz-feynman Warning: The key you tried to use '/graph drawing/node dis
tance' requires LuaTeX. It will be ignored. on input line 11619.


Package tikz-feynman Warning: The key you tried to use '/graph drawing/level di
stance' requires LuaTeX. It will be ignored. on input line 11619.


Package tikz-feynman Warning: The key you tried to use '/graph drawing/sibling 
distance' requires LuaTeX. It will be ignored. on input line 11619.


Package tikz-feynman Warning: The key you tried to use '/graph drawing/node dis
tance' requires LuaTeX. It will be ignored. on input line 11619.


Package tikz-feynman Warning: The key you tried to use '/graph drawing/level di
stance' requires LuaTeX. It will be ignored. on input line 11619.


Package tikz-feynman Warning: The key you tried to use '/graph drawing/sibling 
distance' requires LuaTeX. It will be ignored. on input line 11619.



[574]

[575]
Underfull \hbox (badness 10000) in paragraph at lines 11637--11641

 []


Package caption Warning: The option `hypcap=true' will be ignored for this
(caption)                particular \caption on input line 11653.
See the caption package documentation for explanation.



[576]
Underfull \hbox (badness 10000) in paragraph at lines 11655--11659

 []



[577]
Underfull \hbox (badness 10000) in paragraph at lines 11675--11681

 []


Underfull \hbox (badness 10000) in paragraph at lines 11675--11681

 []



[578]

Package tikz-feynman Warning: The key you tried to use '/graph drawing/node dis
tance' requires LuaTeX. It will be ignored. on input line 11681.


Package tikz-feynman Warning: The key you tried to use '/graph drawing/level di
stance' requires LuaTeX. It will be ignored. on input line 11681.


Package tikz-feynman Warning: The key you tried to use '/graph drawing/sibling 
distance' requires LuaTeX. It will be ignored. on input line 11681.


Package tikz-feynman Warning: The key you tried to use '/graph drawing/node dis
tance' requires LuaTeX. It will be ignored. on input line 11681.


Package tikz-feynman Warning: The key you tried to use '/graph drawing/level di
stance' requires LuaTeX. It will be ignored. on input line 11681.


Package tikz-feynman Warning: The key you tried to use '/graph drawing/sibling 
distance' requires LuaTeX. It will be ignored. on input line 11681.


Package tikz-feynman Warning: The key you tried to use '/graph drawing/node dis
tance' requires LuaTeX. It will be ignored. on input line 11681.


Package tikz-feynman Warning: The key you tried to use '/graph drawing/level di
stance' requires LuaTeX. It will be ignored. on input line 11681.


Package tikz-feynman Warning: The key you tried to use '/graph drawing/sibling 
distance' requires LuaTeX. It will be ignored. on input line 11681.


Package tikz-feynman Warning: The key you tried to use '/graph drawing/node dis
tance' requires LuaTeX. It will be ignored. on input line 11681.


Package tikz-feynman Warning: The key you tried to use '/graph drawing/level di
stance' requires LuaTeX. It will be ignored. on input line 11681.


Package tikz-feynman Warning: The key you tried to use '/graph drawing/sibling 
distance' requires LuaTeX. It will be ignored. on input line 11681.



[579]

Package tikz-feynman Warning: The key you tried to use '/graph drawing/node dis
tance' requires LuaTeX. It will be ignored. on input line 11701.


Package tikz-feynman Warning: The key you tried to use '/graph drawing/level di
stance' requires LuaTeX. It will be ignored. on input line 11701.


Package tikz-feynman Warning: The key you tried to use '/graph drawing/sibling 
distance' requires LuaTeX. It will be ignored. on input line 11701.


Package tikz-feynman Warning: The key you tried to use '/graph drawing/node dis
tance' requires LuaTeX. It will be ignored. on input line 11701.


Package tikz-feynman Warning: The key you tried to use '/graph drawing/level di
stance' requires LuaTeX. It will be ignored. on input line 11701.


Package tikz-feynman Warning: The key you tried to use '/graph drawing/sibling 
distance' requires LuaTeX. It will be ignored. on input line 11701.


Package tikz-feynman Warning: The key you tried to use '/graph drawing/node dis
tance' requires LuaTeX. It will be ignored. on input line 11701.


Package tikz-feynman Warning: The key you tried to use '/graph drawing/level di
stance' requires LuaTeX. It will be ignored. on input line 11701.


Package tikz-feynman Warning: The key you tried to use '/graph drawing/sibling 
distance' requires LuaTeX. It will be ignored. on input line 11701.


Package tikz-feynman Warning: The key you tried to use '/graph drawing/node dis
tance' requires LuaTeX. It will be ignored. on input line 11701.


Package tikz-feynman Warning: The key you tried to use '/graph drawing/level di
stance' requires LuaTeX. It will be ignored. on input line 11701.


Package tikz-feynman Warning: The key you tried to use '/graph drawing/sibling 
distance' requires LuaTeX. It will be ignored. on input line 11701.



[580]
Underfull \hbox (badness 10000) in paragraph at lines 11722--11726

 []


Overfull \hbox (0.41516pt too wide) in paragraph at lines 11722--11726
\C70/rm/m/n/10/54 ^^N \C70/rm/m/n/10/90 ^^@ \C70/rm/m/n/10/57 ã|\C70/rm/m/n/10/
30 ^^B| \C70/rm/m/n/10/63 	 \C70/rm/m/n/10/71 g \C70/rm/m/n/10/7c { \C70/rm/m/n
/10/4f < \C70/rm/m/n/10/76 Ñ \C70/rm/m/n/10/90 ; \C70/rm/m/n/10/8f ë|\C70/rm/m/
n/10/ff ^^L| \C70/rm/m/n/10/5b ˘ \C70/rm/m/n/10/4e é \C70/rm/m/n/10/65 ˆ \C70/r
m/m/n/10/7a z \C70/rm/m/n/10/4e 
 \C70/rm/m/n/10/76 Ñ \C70/rm/m/n/10/89 ¬ \C70/rm/m/n/10/5b ﬂ \C70/rm/m/n/10/70 
π$\OML/cmm/m/it/10 p \OT1/cmr/m/n/10 (-20) = (\OT1/cmr/bx/n/10 (-20) r\OML/cmm/
m/it/10 ; t\OT1/cmr/m/n/10 (-20) ) \OMS/cmsy/m/n/10 2 \U/rsfs/m/n/10 M$|\C70/rm
/m/n/10/ff ^^L| \C70/rm/m/n/10/72 y \C70/rm/m/n/10/89 „ \C70/rm/m/n/10/8b Ù \C7
0/rm/m/n/10/66 ^^N$\OML/cmm/m/it/10 p$\C70/rm/m/n/10/59 ^^D \C70/rm/m/n/10/76 Ñ
 \C70/rm/m/n/10/57 : \C70/rm/m/n/10/75 1 \C70/rm/m/n/10/6e ê$\OML/cmm/m/it/10 s
 \OT1/cmr/m/n/10 (-20) = []$\C70/rm/m/n/10/59 ^^D
 []



[581

]
Underfull \hbox (badness 10000) in paragraph at lines 11728--11734

 []


Underfull \hbox (badness 10000) in paragraph at lines 11728--11734

 []



[582]
Underfull \hbox (badness 10000) in paragraph at lines 11752--11756

 []


Underfull \hbox (badness 10000) in paragraph at lines 11762--11766

 []



[583]
Underfull \hbox (badness 10000) in paragraph at lines 11781--11784

 []



[584]
Underfull \hbox (badness 10000) in paragraph at lines 11801--11804

 []


Overfull \hbox (1.07988pt too wide) in paragraph at lines 11801--11804
\C70/rm/m/n/10/7c { \C70/rm/m/n/10/4f < \C70/rm/m/n/10/7b ,[]\T1/cmr/m/n/10 (-2
0) 13.1.2[]\C70/rm/m/n/10/82 Ç \C70/rm/m/n/10/76 Ñ \C70/rm/m/n/10/64 Õ \C70/rm/
m/n/10/4f \|\C70/rm/m/n/10/ff ^^L| \C70/rm/m/n/10/7c ˚ \C70/rm/m/n/10/7e ﬂ \C70
/rm/m/n/10/76 Ñ \C70/rm/m/n/10/96 ˆ \C70/rm/m/n/10/7e ß \C70/rm/m/n/10/8f — \C7
0/rm/m/n/10/4f < \C70/rm/m/n/10/5e î \C70/rm/m/n/10/53 ÷ \C70/rm/m/n/10/50 < \C
70/rm/m/n/10/81 Í \C70/rm/m/n/10/97 Y \C70/rm/m/n/10/7c ˚|\C70/rm/m/n/10/ff ^^L
| \C70/rm/m/n/10/53 s \C70/rm/m/n/10/7b I \C70/rm/m/n/10/4e ˜ é \C70/rm/m/n/10/
81 Í \C70/rm/m/n/10/75 1 \C70/rm/m/n/10/7c í \C70/rm/m/n/10/5b P|\C70/rm/m/n/10
/30 ^^B| \C70/rm/m/n/10/57 ( \C70/rm/m/n/10/97 Y \C70/rm/m/n/10/7c ˚ \C70/rm/m/
n/10/4e |\C70/rm/m/n/10/ff ^^L| \C70/rm/m/n/10/75 5 \C70/rm/m/n/10/83 w \C70/r
m/m/n/10/4e ë \C70/rm/m/n/10/7c ˚ \C70/rm/m/n/10/7e ﬂ$\OMS/cmsy/m/n/10 f\OML/cm
m/m/it/10 a\OMS/cmsy/m/n/10 g$\C70/rm/m/n/10/76 Ñ
 []



[585]
Underfull \hbox (badness 10000) in paragraph at lines 11814--11818

 []


Underfull \hbox (badness 10000) in paragraph at lines 11830--11834

 []



[586]

[587]
Underfull \hbox (badness 10000) in paragraph at lines 11858--11862

 []


Underfull \hbox (badness 10000) in paragraph at lines 11870--11874

 []



[588]
Underfull \hbox (badness 10000) in paragraph at lines 11888--11892

 []



[589]
Overfull \hbox (1.30153pt too wide) in paragraph at lines 11914--11916
\C70/rm/m/n/10/51 v \C70/rm/m/n/10/4e -$\OML/cmm/m/it/10 ^^R \OT1/cmr/m/n/10 (-
20) = [][][]$\C70/rm/m/n/10/66 / \C70/rm/m/n/10/8f ê \C70/rm/m/n/10/5c ^^D \C70
/rm/m/n/10/65 π \C70/rm/m/n/10/54 ^^Q \C70/rm/m/n/10/52 0 \C70/rm/m/n/10/89 ¬ \
C70/rm/m/n/10/5b ﬂ \C70/rm/m/n/10/70 π \C70/rm/m/n/10/76 Ñ \C70/rm/m/n/10/7a ‡ 
\C70/rm/m/n/10/52 ® \C70/rm/m/n/10/89 “|\C70/rm/m/n/10/ff ^^L| \C70/rm/m/n/10/5
4 ^^N \C70/rm/m/n/10/4e ^^@ \C70/rm/m/n/10/6b e \C70/rm/m/n/10/66 / \C70/rm/m/n
/10/62 ^^Q \C70/rm/m/n/10/4e Ï \C70/rm/m/n/10/5e & \C70/rm/m/n/10/51 e \C70/rm/
m/n/10/4e Ü \C70/rm/m/n/10/7a À \C70/rm/m/n/10/4f S \C70/rm/m/n/10/89 “ \C70/rm
/m/n/10/51 C$\OT1/cmr/m/n/10 (-20) d[] = 2\OML/cmm/m/it/10 ^^Y [] ^^R\OT1/cmr/m
/n/10 (-20) d\OML/cmm/m/it/10 ^^R$|\C70/rm/m/n/10/ff ^^L|
 []


Underfull \hbox (badness 10000) in paragraph at lines 11918--11922

 []



[590]
Underfull \hbox (badness 10000) in paragraph at lines 11930--11934

 []



[591]
Underfull \hbox (badness 10000) in paragraph at lines 11954--11958

 []


Underfull \hbox (badness 10000) in paragraph at lines 11973--11977

 []



[592]
Underfull \hbox (badness 10000) in paragraph at lines 11985--11989

 []



[593]
Underfull \hbox (badness 10000) in paragraph at lines 12017--12021

 []



[594]
Underfull \hbox (badness 10000) in paragraph at lines 12026--12029

 []


Underfull \hbox (badness 10000) in paragraph at lines 12035--12039

 []


Underfull \hbox (badness 10000) in paragraph at lines 12043--12047

 []



[595]
Underfull \hbox (badness 10000) in paragraph at lines 12059--12063

 []



[596]
Underfull \hbox (badness 10000) in paragraph at lines 12071--12075

 []



[597]
Underfull \hbox (badness 10000) in paragraph at lines 12091--12095

 []


Package caption Warning: The option `hypcap=true' will be ignored for this
(caption)                particular \caption on input line 12095.
See the caption package documentation for explanation.



[598]
Underfull \hbox (badness 10000) in paragraph at lines 12117--12121

 []



[599]
Underfull \hbox (badness 10000) in paragraph at lines 12139--12143

 []



[600]
Underfull \hbox (badness 10000) in paragraph at lines 12157--12161

 []



[601]
Underfull \hbox (badness 10000) in paragraph at lines 12187--12191

 []


Underfull \hbox (badness 10000) in paragraph at lines 12201--12205

 []



[602]

[603]
Underfull \hbox (badness 10000) in paragraph at lines 12233--12237

 []


Underfull \hbox (badness 10000) in paragraph at lines 12247--12251

 []



[604]
Underfull \hbox (badness 10000) in paragraph at lines 12253--12257

 []


Underfull \hbox (badness 10000) in paragraph at lines 12259--12263

 []



[605]
Underfull \hbox (badness 10000) in paragraph at lines 12272--12275

 []


Underfull \hbox (badness 10000) in paragraph at lines 12287--12291

 []



[606]
Underfull \hbox (badness 10000) in paragraph at lines 12299--12303

 []



[607]
Underfull \hbox (badness 10000) in paragraph at lines 12315--12319

 []


Underfull \hbox (badness 10000) in paragraph at lines 12321--12324

 []


Underfull \hbox (badness 10000) in paragraph at lines 12325--12328

 []



[608]
Underfull \hbox (badness 10000) in paragraph at lines 12342--12346

 []



[609]
Underfull \hbox (badness 10000) in paragraph at lines 12347--12350

 []



[610]
Underfull \hbox (badness 10000) in paragraph at lines 12356--12360

 []


Underfull \hbox (badness 10000) in paragraph at lines 12368--12372

 []



[611]
Underfull \hbox (badness 10000) in paragraph at lines 12389--12392

 []


Underfull \hbox (badness 10000) in paragraph at lines 12392--12396

 []



[612]
Underfull \hbox (badness 10000) in paragraph at lines 12402--12406

 []



[613]
Underfull \hbox (badness 10000) in paragraph at lines 12420--12424

 []



[614]
Underfull \hbox (badness 10000) in paragraph at lines 12435--12438

 []


Underfull \hbox (badness 10000) in paragraph at lines 12442--12445

 []



[615]
Underfull \hbox (badness 10000) in paragraph at lines 12448--12453

 []


Underfull \hbox (badness 10000) in paragraph at lines 12448--12453

 []


Underfull \hbox (badness 10000) in paragraph at lines 12458--12461

 []



[616

]
Underfull \hbox (badness 10000) in paragraph at lines 12473--12477

 []


Underfull \hbox (badness 10000) in paragraph at lines 12481--12485

 []



[617]
Underfull \hbox (badness 10000) in paragraph at lines 12493--12497

 []


Overfull \hbox (2.09431pt too wide) in paragraph at lines 12499--12501
\C70/rm/m/n/10/4e _ \C70/rm/m/n/10/5c 1 \C70/rm/m/n/10/66 / \C70/rm/m/n/10/5c ^
^F\T1/cmr/m/sl/10 (-20) Feynman\C70/rm/m/n/10/50 O \C70/rm/m/n/10/5b ¸ \C70/rm/
m/n/10/50 Z \C70/rm/m/n/10/66 ˇ \C70/rm/m/n/10/63 b$[] \OMS/cmsy/m/n/10 ! [][]$
|\C70/rm/m/n/10/ff ^^L| \C70/rm/m/n/10/8f Ÿ \C70/rm/m/n/10/66 / \C70/rm/m/n/10/
97 ^ \C70/rm/m/n/10/5e 8 \C70/rm/m/n/10/54 ^^H \C70/rm/m/n/10/74 ^^F \C70/rm/m/
n/10/76 Ñ|\C70/rm/m/n/10/30 ^^B| \C70/rm/m/n/10/4f F \C70/rm/m/n/10/66 / \C70/r
m/m/n/10/51 v \C70/rm/m/n/10/5b ˘ \C70/rm/m/n/10/66 ^^S \C70/rm/m/n/10/60 ' \C7
0/rm/m/n/10/88 ´ \C70/rm/m/n/10/77 ‚ \C70/rm/m/n/10/52 ø \C70/rm/m/n/10/65 9 \C
70/rm/m/n/10/53 ÿ|\C70/rm/m/n/10/ff ^^L| \C70/rm/m/n/10/62 ^^Q \C70/rm/m/n/10/4
e Ï \C70/rm/m/n/10/52 ) \C70/rm/m/n/10/75 ( \C70/rm/m/n/10/5f ^^O\T1/cmr/m/n/10
 (-20) ([]13.1.2[])\C70/rm/m/n/10/4e Â
 []


Underfull \hbox (badness 10000) in paragraph at lines 12503--12507

 []



[618]
Underfull \hbox (badness 10000) in paragraph at lines 12517--12521

 []


Underfull \hbox (badness 10000) in paragraph at lines 12529--12533

 []



[619]
Underfull \hbox (badness 10000) in paragraph at lines 12535--12539

 []


Underfull \hbox (badness 10000) in paragraph at lines 12545--12549

 []


Underfull \hbox (badness 10000) in paragraph at lines 12545--12549

 []



[620]
Underfull \hbox (badness 10000) in paragraph at lines 12557--12561

 []


Underfull \hbox (badness 10000) in paragraph at lines 12562--12565

 []



[621]
Underfull \hbox (badness 10000) in paragraph at lines 12573--12577

 []


Underfull \hbox (badness 10000) in paragraph at lines 12583--12587

 []



[622]
Underfull \hbox (badness 10000) in paragraph at lines 12599--12603

 []



[623]
Underfull \hbox (badness 10000) in paragraph at lines 12621--12625

 []



[624]
Underfull \hbox (badness 10000) in paragraph at lines 12639--12643

 []


Underfull \hbox (badness 10000) in paragraph at lines 12656--12659

 []



[625]
Underfull \hbox (badness 10000) in paragraph at lines 12669--12673

 []



[626]
Underfull \hbox (badness 10000) in paragraph at lines 12683--12687

 []



[627]
Underfull \hbox (badness 10000) in paragraph at lines 12707--12711

 []



[628]
Underfull \hbox (badness 10000) in paragraph at lines 12742--12745

 []



[629]
Underfull \hbox (badness 10000) in paragraph at lines 12753--12757

 []



[630]
Underfull \hbox (badness 10000) in paragraph at lines 12781--12785

 []


Overfull \hbox (6.37192pt too wide) in paragraph at lines 12791--12793
\C70/rm/m/n/10/4f F \C70/rm/m/n/10/89 Å \C70/rm/m/n/10/6c Ë \C70/rm/m/n/10/61 ^
^O|\C70/rm/m/n/10/ff ^^L| \C70/rm/m/n/10/8f Ÿ \C70/rm/m/n/10/4e * \C70/rm/m/n/1
0/65 π \C70/rm/m/n/10/7a  \C70/rm/m/n/10/4e ^^M ^^@ \C70/rm/m/n/10/5b ö \C70/r
m/m/n/10/6e · \C70/rm/m/n/10/8d ≥ \C70/rm/m/n/10/6b c \C70/rm/m/n/10/4e § \C70/
rm/m/n/10/60 ' \C70/rm/m/n/10/67 a \C70/rm/m/n/10/4e ˆ\T1/cmr/m/n/10 (-20) ([]7
.6.26[])|\C70/rm/m/n/10/ff ^^L| \C70/rm/m/n/10/62 ^^Q \C70/rm/m/n/10/4e Ï \C70/
rm/m/n/10/67 e \C70/rm/m/n/10/68 ¿ \C70/rm/m/n/10/9a å \C70/rm/m/n/10/4e ^^@ |
\C70/rm/m/n/10/30 ^^B| \C70/rm/m/n/10/5f ^^U \C70/rm/m/n/10/51 e \C70/rm/m/n/10
/75 5 \C70/rm/m/n/10/83 w \C70/rm/m/n/10/76 Ñ \C70/rm/m/n/10/56 € \C70/rm/m/n/1
0/7e Ù \C70/rm/m/n/10/8f – \C70/rm/m/n/10/52 ® \C70/rm/m/n/10/65 π \C70/rm/m/n/
10/7a \T1/cmr/m/n/10 (-20) ([]12.2.43[])|\C70/rm/m/n/10/ff ^^L|
 []



[631]
Underfull \hbox (badness 10000) in paragraph at lines 12795--12799

 []


Underfull \hbox (badness 10000) in paragraph at lines 12807--12811

 []



[632]
Underfull \hbox (badness 10000) in paragraph at lines 12829--12833

 []



[633]
Underfull \hbox (badness 10000) in paragraph at lines 12845--12851

 []


Underfull \hbox (badness 10000) in paragraph at lines 12845--12851

 []


Overfull \hbox (17.42879pt too wide) in paragraph at lines 12861--12863
\C70/rm/m/n/10/4e _ \C70/rm/m/n/10/5c 1 \C70/rm/m/n/10/56 ﬁ \C70/rm/m/n/10/52 0
 \C70/rm/m/n/10/4e Ü å \C70/rm/m/n/10/7e ß \C70/rm/m/n/10/8f — \C70/rm/m/n/10/4
f < \C70/rm/m/n/10/5f ^^O\T1/cmr/m/n/10 (-20) ([]13.1.94[])\C70/rm/m/n/10/76 Ñ 
\C70/rm/m/n/10/7e ” \C70/rm/m/n/10/8b ∫|\C70/rm/m/n/10/30 ^^B| \C70/rm/m/n/10/7
5 1 \C70/rm/m/n/10/6b d \C70/rm/m/n/10/62 ^^Q \C70/rm/m/n/10/4e Ï \C70/rm/m/n/1
0/77  \C70/rm/m/n/10/52 0\T1/cmr/m/sl/10 (-20) Thomas \C70/rm/m/n/10/5b ö \C70
/rm/m/n/10/74 ^^F \C70/rm/m/n/10/4e -$\OT1/cmr/m/n/10 (-20) 1\OML/cmm/m/it/10 =
\OT1/cmr/m/n/10 (-20) 2$\C70/rm/m/n/10/7c ˚ \C70/rm/m/n/10/65 p \C70/rm/m/n/10/
76 Ñ \C70/rm/m/n/10/67 e \C70/rm/m/n/10/6e ê|\C70/rm/m/n/10/ff ^^L| \C70/rm/m/n
/10/5e v \C70/rm/m/n/10/4e ^^T \C70/rm/m/n/10/5b ˘ \C70/rm/m/n/10/6b ‘ \C70/rm/
m/n/10/5f ^^O\T1/cmr/m/n/10 (-20) ([]13.1.75[])\C70/rm/m/n/10/62 ^^Q
 []



[634]
Underfull \hbox (badness 10000) in paragraph at lines 12869--12876

 []


Underfull \hbox (badness 10000) in paragraph at lines 12869--12876

 []


Underfull \hbox (badness 10000) in paragraph at lines 12869--12876

 []


Underfull \hbox (badness 10000) in paragraph at lines 12877--12880

 []



[635]
Underfull \hbox (badness 10000) in paragraph at lines 12904--12908

 []



[636]
Underfull \hbox (badness 10000) in paragraph at lines 12926--12930

 []



[637]
Underfull \hbox (badness 10000) in paragraph at lines 12948--12952

 []



[638]
Underfull \hbox (badness 10000) in paragraph at lines 12964--12968

 []


Overfull \hbox (1.27675pt too wide) in paragraph at lines 12976--12978
\C70/rm/m/n/10/59 Ç \C70/rm/m/n/10/67 ú \C70/rm/m/n/10/62 ^^Q \C70/rm/m/n/10/4e
 Ï \C70/rm/m/n/10/53 ÷$\OT1/cmr/bx/n/10 (-20) k[] \OT1/cmr/m/n/10 (-20) = \OT1/
cmr/bx/n/10 (-20) k[] \OT1/cmr/m/n/10 (-20) = [] \OT1/cmr/bx/n/10 (-20) n$|\C70
/rm/m/n/10/ff ^^L| \C70/rm/m/n/10/6c Ë \C70/rm/m/n/10/61 ^^O \C70/rm/m/n/10/8f 
Ÿ \C70/rm/m/n/10/91 Ã \C70/rm/m/n/10/66 / \C70/rm/m/n/10/4e % \C70/rm/m/n/10/68
 < \C70/rm/m/n/10/76 Ñ \C70/rm/m/n/10/77 ‚ \C70/rm/m/n/10/91 œ \C70/rm/m/n/10/7
6 ¯ \C70/rm/m/n/10/7b I|\C70/rm/m/n/10/ff ^^L| \C70/rm/m/n/10/52 ^^Y \C70/rm/m/
n/10/5d Ê \C70/rm/m/n/10/4f ß \C70/rm/m/n/10/77 È \C70/rm/m/n/10/96 5 \C70/rm/m
/n/10/51 C \C70/rm/m/n/10/4e :$\OML/cmm/m/it/10 T[]$\C70/rm/m/n/10/76 Ñ \C70/rm
/m/n/10/86 Z \C70/rm/m/n/10/90 Ë|\C70/rm/m/n/10/ff ^^L| \C70/rm/m/n/10/53 Û \C7
0/rm/m/n/10/4f ß \C70/rm/m/n/10/4e :$[][]$|\C70/rm/m/n/10/30 ^^B|
 []



[639]
Underfull \hbox (badness 10000) in paragraph at lines 12988--12992

 []


Underfull \hbox (badness 10000) in paragraph at lines 12993--12996

 []



[640]
Underfull \hbox (badness 10000) in paragraph at lines 13020--13024

 []



[641]
Underfull \hbox (badness 10000) in paragraph at lines 13026--13030

 []



[642]
Underfull \hbox (badness 10000) in paragraph at lines 13048--13052

 []



[643]
Underfull \hbox (badness 10000) in paragraph at lines 13074--13080

 []


Underfull \hbox (badness 10000) in paragraph at lines 13074--13080

 []


Overfull \hbox (6.4387pt too wide) in paragraph at lines 13074--13080
\C70/rm/m/n/10/62 ^^Q \C70/rm/m/n/10/4e Ï \C70/rm/m/n/10/8f ÿ \C70/rm/m/n/10/53
 Ô \C70/rm/m/n/10/4e Â \C70/rm/m/n/10/8b ® ∫ \C70/rm/m/n/10/4e ^^@ |\C70/rm/m/
n/10/ff ^^L| $\OML/cmm/m/it/10 s$\C70/rm/m/n/10/6c ‚ \C70/rm/m/n/10/65 c \C70/r
m/m/n/10/5c ^^D \C70/rm/m/n/10/4e - \C70/rm/m/n/10/76 Ñ \C70/rm/m/n/10/51 q \C7
0/rm/m/n/10/63 / \C70/rm/m/n/10/73 ∞ \C70/rm/m/n/10/8c a|\C70/rm/m/n/10/30 ^^B|
 \C70/rm/m/n/10/8b ∞$\OML/cmm/m/it/10 s$\C70/rm/m/n/10/60 ^^A \C70/rm/m/n/10/76
 Ñ \C70/rm/m/n/10/80 ˝ \C70/rm/m/n/10/91 œ \C70/rm/m/n/10/4e :$\OML/cmm/m/it/10
 "$|\C70/rm/m/n/10/ff ^^L| \C70/rm/m/n/10/4e ‰ \C70/rm/m/n/10/51 v \C70/rm/m/n/
10/57 ( \C70/rm/m/n/10/52 ø \C70/rm/m/n/10/57 :$\OML/cmm/m/it/10 U$\C70/rm/m/n/
10/76 Ñ \C70/rm/m/n/10/4f \ \C70/rm/m/n/10/75 ( \C70/rm/m/n/10/83 ^^C \C70/rm/m
/n/10/56 Ù$\OML/cmm/m/it/10 a$\C70/rm/m/n/10/51 Ö \C70/rm/m/n/10/4e : \C70/rm/m
/n/10/67 _ \C70/rm/m/n/10/7f ^^Z \C70/rm/m/n/10/60 ^^A$\OML/cmm/m/it/10 " \OMS/
cmsy/m/n/10 ^^\
 []



[644]

[645]
Underfull \hbox (badness 10000) in paragraph at lines 13106--13110

 []


Underfull \hbox (badness 10000) in paragraph at lines 13110--13114

 []



[646]
Underfull \hbox (badness 10000) in paragraph at lines 13136--13140

 []


Underfull \hbox (badness 10000) in paragraph at lines 13143--13148

 []


Underfull \hbox (badness 10000) in paragraph at lines 13143--13148

 []



[647]
Underfull \hbox (badness 10000) in paragraph at lines 13158--13162

 []



[648]
Underfull \hbox (badness 10000) in paragraph at lines 13176--13180

 []



[649]
Underfull \hbox (badness 10000) in paragraph at lines 13196--13200

 []



[650]
Underfull \hbox (badness 10000) in paragraph at lines 13222--13226

 []


Overfull \hbox (4.00069pt too wide) in paragraph at lines 13228--13230
\C70/rm/m/n/10/5c @ \C70/rm/m/n/10/91 œ|\C70/rm/m/n/10/ff ^^L| \C70/rm/m/n/10/5
4 å \C70/rm/m/n/10/8f ì \C70/rm/m/n/10/51 ˙ \C70/rm/m/n/10/52 ^^F \C70/rm/m/n/1
0/90 S \C70/rm/m/n/10/65 ‡ \C70/rm/m/n/10/51 s|\C70/rm/m/n/10/30 ^^B| \C70/rm/m
/n/10/56 ‡ \C70/rm/m/n/10/4e : \C70/rm/m/n/10/97 ^ \C70/rm/m/n/10/5f 9 \C70/rm/
m/n/10/60 ' \C70/rm/m/n/10/90 S \C70/rm/m/n/10/4e ^^M \C70/rm/m/n/10/5f q \C70/
rm/m/n/10/54 Õ \C70/rm/m/n/10/52 ø \C70/rm/m/n/10/65 c \C70/rm/m/n/10/5c ^^D|\C
70/rm/m/n/10/ff ^^L| \C70/rm/m/n/10/62 @ \C70/rm/m/n/10/4e Â$\OML/cmm/m/it/10 s
$\C70/rm/m/n/10/6c ‚ \C70/rm/m/n/10/76 Ñ \C70/rm/m/n/10/51 ∆ \C70/rm/m/n/10/5b 
ö \C70/rm/m/n/10/60 ^^A ; \C70/rm/m/n/10/5f 9 \C70/rm/m/n/10/60 ' \C70/rm/m/n/1
0/65 c \C70/rm/m/n/10/5c ^^D \C70/rm/m/n/10/63 / \C70/rm/m/n/10/5e E \C70/rm/m/
n/10/4e Õ \C70/rm/m/n/10/75 1 \C70/rm/m/n/10/5f ^^O\T1/cmr/m/n/10 (-20) ([]13.2
.66[])\C70/rm/m/n/10/78 n
 []



[651]
Underfull \hbox (badness 10000) in paragraph at lines 13242--13246

 []


Underfull \hbox (badness 10000) in paragraph at lines 13247--13250

 []



[652]
Underfull \hbox (badness 10000) in paragraph at lines 13252--13256

 []



[653]
Underfull \hbox (badness 10000) in paragraph at lines 13271--13277

 []


Underfull \hbox (badness 10000) in paragraph at lines 13271--13277

 []



[654]
Underfull \hbox (badness 10000) in paragraph at lines 13291--13295

 []


Overfull \hbox (4.27419pt too wide) in paragraph at lines 13291--13295
\C70/rm/m/n/10/65 c \C70/rm/m/n/10/5c ^^D \C70/rm/m/n/10/76 Ñ \C70/rm/m/n/10/72
 y \C70/rm/m/n/10/5f Å \C70/rm/m/n/10/91 œ \C70/rm/m/n/10/66 / \C70/rm/m/n/10/6
5 c \C70/rm/m/n/10/5c ^^D \C70/rm/m/n/10/63 / \C70/rm/m/n/10/5e E$\OMS/cmsy/m/n
/10 A$|\C70/rm/m/n/10/ff ^^L| \C70/rm/m/n/10/5b É \C70/rm/m/n/10/90 ^^Z \C70/rm
/m/n/10/8f « \C70/rm/m/n/10/5f ^^O\T1/cmr/m/n/10 (-20) ([]13.2.24[])\C70/rm/m/n
/10/54 å \C70/rm/m/n/10/8f l \C70/rm/m/n/10/63 b \C70/rm/m/n/10/77 È \C70/rm/m/
n/10/96 5$[]\OMS/cmsy/m/n/10 T$\C70/rm/m/n/10/76 ¯ \C70/rm/m/n/10/51 s \C70/rm/
m/n/10/80 T|\C70/rm/m/n/10/ff ^^L| \C70/rm/m/n/10/62 @ \C70/rm/m/n/10/4e Â \C70
/rm/m/n/10/62 ^^Q \C70/rm/m/n/10/4e Ï \C70/rm/m/n/10/97 ^^@ \C70/rm/m/n/10/89 Å
 \C70/rm/m/n/10/5c ^^F \C70/rm/m/n/10/53 O ÿ \C70/rm/m/n/10/65 c \C70/rm/m/n/10
/5c ^^D \C70/rm/m/n/10/77 È \C70/rm/m/n/10/96 5 \C70/rm/m/n/10/75 ($[]\OMS/cmsy
/m/n/10 T$\C70/rm/m/n/10/88 h
 []


Underfull \hbox (badness 10000) in paragraph at lines 13303--13307

 []



[655]
Overfull \hbox (1.74417pt too wide) in paragraph at lines 13321--13325
\C70/rm/m/n/10/51 v \C70/rm/m/n/10/4e -$\OT1/cmr/bx/n/10 (-20) p$\C70/rm/m/n/10
/66 / \C70/rm/m/n/10/4e 	 \C70/rm/m/n/10/7e Ù \C70/rm/m/n/10/52 ® \C70/rm/m/n/1
0/91 œ \C70/rm/m/n/10/59 ' \C70/rm/m/n/10/5c ^^O|\C70/rm/m/n/10/ff ^^L| $\OML/c
mm/m/it/10 E$\C70/rm/m/n/10/66 / \C70/rm/m/n/10/8d ( \C70/rm/m/n/10/5f √ \C70/r
m/m/n/10/7c ˚ \C70/rm/m/n/10/4e - \C70/rm/m/n/10/76 Ñ \C70/rm/m/n/10/7c ˚ \C70/
rm/m/n/10/7e ﬂ \C70/rm/m/n/10/80 ˝ \C70/rm/m/n/10/91 œ|\C70/rm/m/n/10/ff ^^L| \
C70/rm/m/n/10/51 v w \C70/rm/m/n/10/4f S \C70/rm/m/n/10/8b ¡ \C70/rm/m/n/10/66 
^^N \C70/rm/m/n/10/8b ˜ \C70/rm/m/n/10/53 ¬ \C70/rm/m/n/10/80 ^^C\T1/cmr/m/n/10
 (-20) [[]]ü71|\C70/rm/m/n/10/ff ^^L| \C70/rm/m/n/10/7b Ä \C70/rm/m/n/10/89 Å \
C70/rm/m/n/10/8b Ù \C70/rm/m/n/10/66 ^^N \C70/rm/m/n/10/89 ¡ \C70/rm/m/n/10/4e 
 \C70/rm/m/n/10/65 á|\C70/rm/m/n/10/30 ^^B| \C70/rm/m/n/10/51 s \C70/rm/m/n/10
/4e é\T1/cmr/m/sl/10 (-20) Pauli
 []


Overfull \hbox (4.34366pt too wide) in paragraph at lines 13321--13325
\C70/rm/m/n/10/78 ∞ \C70/rm/m/n/10/64 û \C70/rm/m/n/10/51 l \C70/rm/m/n/10/5f ^
^O \C70/rm/m/n/10/76 Ñ \C70/rm/m/n/10/51 w \C70/rm/m/n/10/4f S \C70/rm/m/n/10/6
3 ® \C70/rm/m/n/10/5b ¸|\C70/rm/m/n/10/ff ^^L| \C70/rm/m/n/10/53 Ô \C70/rm/m/n/
10/4e Â \C70/rm/m/n/10/53 ¬ \C70/rm/m/n/10/80 ^^C\T1/cmr/m/n/10 (-20) [[]]ü12|\
C70/rm/m/n/10/ff ^^L| \C70/rm/m/n/10/8f Ÿ \C70/rm/m/n/10/91 Ã \C70/rm/m/n/10/5c
 1 \C70/rm/m/n/10/4e ^^M \C70/rm/m/n/10/5c U \C70/rm/m/n/10/5f ^^@ \C70/rm/m/n/
10/4e Ü|\C70/rm/m/n/10/30 ^^B| \C70/rm/m/n/10/51 s \C70/rm/m/n/10/4e é \C70/rm/
m/n/10/67 	 \C70/rm/m/n/10/65 H \C70/rm/m/n/10/62 * \C70/rm/m/n/10/97 b \C70/rm
/m/n/10/76 Ñ \C70/rm/m/n/10/4e ^^@ õ \C70/rm/m/n/10/51 v \C70/rm/m/n/10/4f Y \C
70/rm/m/n/10/76 Ñ \C70/rm/m/n/10/8b ° \C70/rm/m/n/10/7b ó|\C70/rm/m/n/10/ff ^^L
| \C70/rm/m/n/10/8b ˜ \C70/rm/m/n/10/53 ¬ \C70/rm/m/n/10/80 ^^C\T1/cmr/m/n/10 (
-20) [[]]ü64|\C70/rm/m/n/10/ff ^^L|
 []


Underfull \hbox (badness 10000) in paragraph at lines 13321--13325

 []



[656]

Package tikz-feynman Warning: The key you tried to use '/graph drawing/node dis
tance' requires LuaTeX. It will be ignored. on input line 13333.


Package tikz-feynman Warning: The key you tried to use '/graph drawing/level di
stance' requires LuaTeX. It will be ignored. on input line 13333.


Package tikz-feynman Warning: The key you tried to use '/graph drawing/sibling 
distance' requires LuaTeX. It will be ignored. on input line 13333.


Package tikz-feynman Warning: The key you tried to use '/graph drawing/node dis
tance' requires LuaTeX. It will be ignored. on input line 13333.


Package tikz-feynman Warning: The key you tried to use '/graph drawing/level di
stance' requires LuaTeX. It will be ignored. on input line 13333.


Package tikz-feynman Warning: The key you tried to use '/graph drawing/sibling 
distance' requires LuaTeX. It will be ignored. on input line 13333.


Package tikz-feynman Warning: The key you tried to use '/graph drawing/node dis
tance' requires LuaTeX. It will be ignored. on input line 13333.


Package tikz-feynman Warning: The key you tried to use '/graph drawing/level di
stance' requires LuaTeX. It will be ignored. on input line 13333.


Package tikz-feynman Warning: The key you tried to use '/graph drawing/sibling 
distance' requires LuaTeX. It will be ignored. on input line 13333.


Package tikz-feynman Warning: The key you tried to use '/graph drawing/node dis
tance' requires LuaTeX. It will be ignored. on input line 13333.


Package tikz-feynman Warning: The key you tried to use '/graph drawing/level di
stance' requires LuaTeX. It will be ignored. on input line 13333.


Package tikz-feynman Warning: The key you tried to use '/graph drawing/sibling 
distance' requires LuaTeX. It will be ignored. on input line 13333.


Package tikz-feynman Warning: The key you tried to use '/graph drawing/node dis
tance' requires LuaTeX. It will be ignored. on input line 13333.


Package tikz-feynman Warning: The key you tried to use '/graph drawing/level di
stance' requires LuaTeX. It will be ignored. on input line 13333.


Package tikz-feynman Warning: The key you tried to use '/graph drawing/sibling 
distance' requires LuaTeX. It will be ignored. on input line 13333.


Package tikz-feynman Warning: The key you tried to use '/graph drawing/node dis
tance' requires LuaTeX. It will be ignored. on input line 13333.


Package tikz-feynman Warning: The key you tried to use '/graph drawing/level di
stance' requires LuaTeX. It will be ignored. on input line 13333.


Package tikz-feynman Warning: The key you tried to use '/graph drawing/sibling 
distance' requires LuaTeX. It will be ignored. on input line 13333.


Underfull \hbox (badness 10000) in paragraph at lines 13336--13339

 []


Underfull \hbox (badness 10000) in paragraph at lines 13339--13343

 []



[657]

[658]

Package tikz-feynman Warning: The key you tried to use '/graph drawing/node dis
tance' requires LuaTeX. It will be ignored. on input line 13357.


Package tikz-feynman Warning: The key you tried to use '/graph drawing/level di
stance' requires LuaTeX. It will be ignored. on input line 13357.


Package tikz-feynman Warning: The key you tried to use '/graph drawing/sibling 
distance' requires LuaTeX. It will be ignored. on input line 13357.


Package tikz-feynman Warning: The key you tried to use '/graph drawing/node dis
tance' requires LuaTeX. It will be ignored. on input line 13357.


Package tikz-feynman Warning: The key you tried to use '/graph drawing/level di
stance' requires LuaTeX. It will be ignored. on input line 13357.


Package tikz-feynman Warning: The key you tried to use '/graph drawing/sibling 
distance' requires LuaTeX. It will be ignored. on input line 13357.


Package tikz-feynman Warning: The key you tried to use '/graph drawing/node dis
tance' requires LuaTeX. It will be ignored. on input line 13357.


Package tikz-feynman Warning: The key you tried to use '/graph drawing/level di
stance' requires LuaTeX. It will be ignored. on input line 13357.


Package tikz-feynman Warning: The key you tried to use '/graph drawing/sibling 
distance' requires LuaTeX. It will be ignored. on input line 13357.


Package tikz-feynman Warning: The key you tried to use '/graph drawing/node dis
tance' requires LuaTeX. It will be ignored. on input line 13357.


Package tikz-feynman Warning: The key you tried to use '/graph drawing/level di
stance' requires LuaTeX. It will be ignored. on input line 13357.


Package tikz-feynman Warning: The key you tried to use '/graph drawing/sibling 
distance' requires LuaTeX. It will be ignored. on input line 13357.


Underfull \hbox (badness 10000) in paragraph at lines 13357--13361

 []



[659]
Underfull \hbox (badness 10000) in paragraph at lines 13377--13381

 []



[660]
Underfull \hbox (badness 10000) in paragraph at lines 13395--13399

 []


Package tikz-feynman Warning: The key you tried to use '/graph drawing/node dis
tance' requires LuaTeX. It will be ignored. on input line 13399.


Package tikz-feynman Warning: The key you tried to use '/graph drawing/level di
stance' requires LuaTeX. It will be ignored. on input line 13399.


Package tikz-feynman Warning: The key you tried to use '/graph drawing/sibling 
distance' requires LuaTeX. It will be ignored. on input line 13399.


Package tikz-feynman Warning: The key you tried to use '/graph drawing/node dis
tance' requires LuaTeX. It will be ignored. on input line 13399.


Package tikz-feynman Warning: The key you tried to use '/graph drawing/level di
stance' requires LuaTeX. It will be ignored. on input line 13399.


Package tikz-feynman Warning: The key you tried to use '/graph drawing/sibling 
distance' requires LuaTeX. It will be ignored. on input line 13399.


Package tikz-feynman Warning: The key you tried to use '/graph drawing/node dis
tance' requires LuaTeX. It will be ignored. on input line 13399.


Package tikz-feynman Warning: The key you tried to use '/graph drawing/level di
stance' requires LuaTeX. It will be ignored. on input line 13399.


Package tikz-feynman Warning: The key you tried to use '/graph drawing/sibling 
distance' requires LuaTeX. It will be ignored. on input line 13399.


Package tikz-feynman Warning: The key you tried to use '/graph drawing/node dis
tance' requires LuaTeX. It will be ignored. on input line 13399.


Package tikz-feynman Warning: The key you tried to use '/graph drawing/level di
stance' requires LuaTeX. It will be ignored. on input line 13399.


Package tikz-feynman Warning: The key you tried to use '/graph drawing/sibling 
distance' requires LuaTeX. It will be ignored. on input line 13399.


Underfull \hbox (badness 10000) in paragraph at lines 13403--13407

 []



[661]

Package tikz-feynman Warning: The key you tried to use '/graph drawing/node dis
tance' requires LuaTeX. It will be ignored. on input line 13413.


Package tikz-feynman Warning: The key you tried to use '/graph drawing/level di
stance' requires LuaTeX. It will be ignored. on input line 13413.


Package tikz-feynman Warning: The key you tried to use '/graph drawing/sibling 
distance' requires LuaTeX. It will be ignored. on input line 13413.


Package tikz-feynman Warning: The key you tried to use '/graph drawing/node dis
tance' requires LuaTeX. It will be ignored. on input line 13413.


Package tikz-feynman Warning: The key you tried to use '/graph drawing/level di
stance' requires LuaTeX. It will be ignored. on input line 13413.


Package tikz-feynman Warning: The key you tried to use '/graph drawing/sibling 
distance' requires LuaTeX. It will be ignored. on input line 13413.


Package tikz-feynman Warning: The key you tried to use '/graph drawing/node dis
tance' requires LuaTeX. It will be ignored. on input line 13413.


Package tikz-feynman Warning: The key you tried to use '/graph drawing/level di
stance' requires LuaTeX. It will be ignored. on input line 13413.


Package tikz-feynman Warning: The key you tried to use '/graph drawing/sibling 
distance' requires LuaTeX. It will be ignored. on input line 13413.


Package tikz-feynman Warning: The key you tried to use '/graph drawing/node dis
tance' requires LuaTeX. It will be ignored. on input line 13413.


Package tikz-feynman Warning: The key you tried to use '/graph drawing/level di
stance' requires LuaTeX. It will be ignored. on input line 13413.


Package tikz-feynman Warning: The key you tried to use '/graph drawing/sibling 
distance' requires LuaTeX. It will be ignored. on input line 13413.


Package tikz-feynman Warning: The key you tried to use '/graph drawing/node dis
tance' requires LuaTeX. It will be ignored. on input line 13413.


Package tikz-feynman Warning: The key you tried to use '/graph drawing/level di
stance' requires LuaTeX. It will be ignored. on input line 13413.


Package tikz-feynman Warning: The key you tried to use '/graph drawing/sibling 
distance' requires LuaTeX. It will be ignored. on input line 13413.


Package tikz-feynman Warning: The key you tried to use '/graph drawing/node dis
tance' requires LuaTeX. It will be ignored. on input line 13413.


Package tikz-feynman Warning: The key you tried to use '/graph drawing/level di
stance' requires LuaTeX. It will be ignored. on input line 13413.


Package tikz-feynman Warning: The key you tried to use '/graph drawing/sibling 
distance' requires LuaTeX. It will be ignored. on input line 13413.


Package tikz-feynman Warning: The key you tried to use '/graph drawing/node dis
tance' requires LuaTeX. It will be ignored. on input line 13413.


Package tikz-feynman Warning: The key you tried to use '/graph drawing/level di
stance' requires LuaTeX. It will be ignored. on input line 13413.


Package tikz-feynman Warning: The key you tried to use '/graph drawing/sibling 
distance' requires LuaTeX. It will be ignored. on input line 13413.


Package tikz-feynman Warning: The key you tried to use '/graph drawing/node dis
tance' requires LuaTeX. It will be ignored. on input line 13413.


Package tikz-feynman Warning: The key you tried to use '/graph drawing/level di
stance' requires LuaTeX. It will be ignored. on input line 13413.


Package tikz-feynman Warning: The key you tried to use '/graph drawing/sibling 
distance' requires LuaTeX. It will be ignored. on input line 13413.


Package tikz-feynman Warning: The key you tried to use '/graph drawing/node dis
tance' requires LuaTeX. It will be ignored. on input line 13413.


Package tikz-feynman Warning: The key you tried to use '/graph drawing/level di
stance' requires LuaTeX. It will be ignored. on input line 13413.


Package tikz-feynman Warning: The key you tried to use '/graph drawing/sibling 
distance' requires LuaTeX. It will be ignored. on input line 13413.


Package tikz-feynman Warning: The key you tried to use '/graph drawing/node dis
tance' requires LuaTeX. It will be ignored. on input line 13417.


Package tikz-feynman Warning: The key you tried to use '/graph drawing/level di
stance' requires LuaTeX. It will be ignored. on input line 13417.


Package tikz-feynman Warning: The key you tried to use '/graph drawing/sibling 
distance' requires LuaTeX. It will be ignored. on input line 13417.


Package tikz-feynman Warning: The key you tried to use '/graph drawing/node dis
tance' requires LuaTeX. It will be ignored. on input line 13417.


Package tikz-feynman Warning: The key you tried to use '/graph drawing/level di
stance' requires LuaTeX. It will be ignored. on input line 13417.


Package tikz-feynman Warning: The key you tried to use '/graph drawing/sibling 
distance' requires LuaTeX. It will be ignored. on input line 13417.


Underfull \hbox (badness 10000) in paragraph at lines 13423--13427

 []



[662]
Underfull \hbox (badness 10000) in paragraph at lines 13433--13438

 []


Underfull \hbox (badness 10000) in paragraph at lines 13433--13438

 []


Underfull \hbox (badness 10000) in paragraph at lines 13440--13443

 []



[663]
Underfull \hbox (badness 10000) in paragraph at lines 13451--13455

 []


Underfull \hbox (badness 10000) in paragraph at lines 13465--13469

 []



[664]
Underfull \hbox (badness 10000) in paragraph at lines 13487--13491

 []



[665]

Package tikz-feynman Warning: The key you tried to use '/graph drawing/node dis
tance' requires LuaTeX. It will be ignored. on input line 13497.


Package tikz-feynman Warning: The key you tried to use '/graph drawing/level di
stance' requires LuaTeX. It will be ignored. on input line 13497.


Package tikz-feynman Warning: The key you tried to use '/graph drawing/sibling 
distance' requires LuaTeX. It will be ignored. on input line 13497.


Package tikz-feynman Warning: The key you tried to use '/graph drawing/node dis
tance' requires LuaTeX. It will be ignored. on input line 13497.


Package tikz-feynman Warning: The key you tried to use '/graph drawing/level di
stance' requires LuaTeX. It will be ignored. on input line 13497.


Package tikz-feynman Warning: The key you tried to use '/graph drawing/sibling 
distance' requires LuaTeX. It will be ignored. on input line 13497.


Package tikz-feynman Warning: The key you tried to use '/graph drawing/node dis
tance' requires LuaTeX. It will be ignored. on input line 13501.


Package tikz-feynman Warning: The key you tried to use '/graph drawing/level di
stance' requires LuaTeX. It will be ignored. on input line 13501.


Package tikz-feynman Warning: The key you tried to use '/graph drawing/sibling 
distance' requires LuaTeX. It will be ignored. on input line 13501.


Package tikz-feynman Warning: The key you tried to use '/graph drawing/node dis
tance' requires LuaTeX. It will be ignored. on input line 13501.


Package tikz-feynman Warning: The key you tried to use '/graph drawing/level di
stance' requires LuaTeX. It will be ignored. on input line 13501.


Package tikz-feynman Warning: The key you tried to use '/graph drawing/sibling 
distance' requires LuaTeX. It will be ignored. on input line 13501.


Package tikz-feynman Warning: The key you tried to use '/graph drawing/node dis
tance' requires LuaTeX. It will be ignored. on input line 13501.


Package tikz-feynman Warning: The key you tried to use '/graph drawing/level di
stance' requires LuaTeX. It will be ignored. on input line 13501.


Package tikz-feynman Warning: The key you tried to use '/graph drawing/sibling 
distance' requires LuaTeX. It will be ignored. on input line 13501.


Package tikz-feynman Warning: The key you tried to use '/graph drawing/node dis
tance' requires LuaTeX. It will be ignored. on input line 13503.


Package tikz-feynman Warning: The key you tried to use '/graph drawing/level di
stance' requires LuaTeX. It will be ignored. on input line 13503.


Package tikz-feynman Warning: The key you tried to use '/graph drawing/sibling 
distance' requires LuaTeX. It will be ignored. on input line 13503.


Package tikz-feynman Warning: The key you tried to use '/graph drawing/node dis
tance' requires LuaTeX. It will be ignored. on input line 13503.


Package tikz-feynman Warning: The key you tried to use '/graph drawing/level di
stance' requires LuaTeX. It will be ignored. on input line 13503.


Package tikz-feynman Warning: The key you tried to use '/graph drawing/sibling 
distance' requires LuaTeX. It will be ignored. on input line 13503.


Package tikz-feynman Warning: The key you tried to use '/graph drawing/node dis
tance' requires LuaTeX. It will be ignored. on input line 13505.


Package tikz-feynman Warning: The key you tried to use '/graph drawing/level di
stance' requires LuaTeX. It will be ignored. on input line 13505.


Package tikz-feynman Warning: The key you tried to use '/graph drawing/sibling 
distance' requires LuaTeX. It will be ignored. on input line 13505.


Package tikz-feynman Warning: The key you tried to use '/graph drawing/node dis
tance' requires LuaTeX. It will be ignored. on input line 13505.


Package tikz-feynman Warning: The key you tried to use '/graph drawing/level di
stance' requires LuaTeX. It will be ignored. on input line 13505.


Package tikz-feynman Warning: The key you tried to use '/graph drawing/sibling 
distance' requires LuaTeX. It will be ignored. on input line 13505.


Package tikz-feynman Warning: The key you tried to use '/graph drawing/node dis
tance' requires LuaTeX. It will be ignored. on input line 13505.


Package tikz-feynman Warning: The key you tried to use '/graph drawing/level di
stance' requires LuaTeX. It will be ignored. on input line 13505.


Package tikz-feynman Warning: The key you tried to use '/graph drawing/sibling 
distance' requires LuaTeX. It will be ignored. on input line 13505.


Package tikz-feynman Warning: The key you tried to use '/graph drawing/node dis
tance' requires LuaTeX. It will be ignored. on input line 13507.


Package tikz-feynman Warning: The key you tried to use '/graph drawing/level di
stance' requires LuaTeX. It will be ignored. on input line 13507.


Package tikz-feynman Warning: The key you tried to use '/graph drawing/sibling 
distance' requires LuaTeX. It will be ignored. on input line 13507.


Package tikz-feynman Warning: The key you tried to use '/graph drawing/node dis
tance' requires LuaTeX. It will be ignored. on input line 13507.


Package tikz-feynman Warning: The key you tried to use '/graph drawing/level di
stance' requires LuaTeX. It will be ignored. on input line 13507.


Package tikz-feynman Warning: The key you tried to use '/graph drawing/sibling 
distance' requires LuaTeX. It will be ignored. on input line 13507.


Underfull \hbox (badness 10000) in paragraph at lines 13507--13511

 []



[666]

Package tikz-feynman Warning: The key you tried to use '/graph drawing/node dis
tance' requires LuaTeX. It will be ignored. on input line 13513.


Package tikz-feynman Warning: The key you tried to use '/graph drawing/level di
stance' requires LuaTeX. It will be ignored. on input line 13513.


Package tikz-feynman Warning: The key you tried to use '/graph drawing/sibling 
distance' requires LuaTeX. It will be ignored. on input line 13513.


Package tikz-feynman Warning: The key you tried to use '/graph drawing/node dis
tance' requires LuaTeX. It will be ignored. on input line 13513.


Package tikz-feynman Warning: The key you tried to use '/graph drawing/level di
stance' requires LuaTeX. It will be ignored. on input line 13513.


Package tikz-feynman Warning: The key you tried to use '/graph drawing/sibling 
distance' requires LuaTeX. It will be ignored. on input line 13513.


Package tikz-feynman Warning: The key you tried to use '/graph drawing/node dis
tance' requires LuaTeX. It will be ignored. on input line 13513.


Package tikz-feynman Warning: The key you tried to use '/graph drawing/level di
stance' requires LuaTeX. It will be ignored. on input line 13513.


Package tikz-feynman Warning: The key you tried to use '/graph drawing/sibling 
distance' requires LuaTeX. It will be ignored. on input line 13513.


Package tikz-feynman Warning: The key you tried to use '/graph drawing/node dis
tance' requires LuaTeX. It will be ignored. on input line 13513.


Package tikz-feynman Warning: The key you tried to use '/graph drawing/level di
stance' requires LuaTeX. It will be ignored. on input line 13513.


Package tikz-feynman Warning: The key you tried to use '/graph drawing/sibling 
distance' requires LuaTeX. It will be ignored. on input line 13513.


Package tikz-feynman Warning: The key you tried to use '/graph drawing/node dis
tance' requires LuaTeX. It will be ignored. on input line 13513.


Package tikz-feynman Warning: The key you tried to use '/graph drawing/level di
stance' requires LuaTeX. It will be ignored. on input line 13513.


Package tikz-feynman Warning: The key you tried to use '/graph drawing/sibling 
distance' requires LuaTeX. It will be ignored. on input line 13513.


Package tikz-feynman Warning: The key you tried to use '/graph drawing/node dis
tance' requires LuaTeX. It will be ignored. on input line 13513.


Package tikz-feynman Warning: The key you tried to use '/graph drawing/level di
stance' requires LuaTeX. It will be ignored. on input line 13513.


Package tikz-feynman Warning: The key you tried to use '/graph drawing/sibling 
distance' requires LuaTeX. It will be ignored. on input line 13513.


Package tikz-feynman Warning: The key you tried to use '/graph drawing/node dis
tance' requires LuaTeX. It will be ignored. on input line 13513.


Package tikz-feynman Warning: The key you tried to use '/graph drawing/level di
stance' requires LuaTeX. It will be ignored. on input line 13513.


Package tikz-feynman Warning: The key you tried to use '/graph drawing/sibling 
distance' requires LuaTeX. It will be ignored. on input line 13513.


Package tikz-feynman Warning: The key you tried to use '/graph drawing/node dis
tance' requires LuaTeX. It will be ignored. on input line 13515.


Package tikz-feynman Warning: The key you tried to use '/graph drawing/level di
stance' requires LuaTeX. It will be ignored. on input line 13515.


Package tikz-feynman Warning: The key you tried to use '/graph drawing/sibling 
distance' requires LuaTeX. It will be ignored. on input line 13515.


Package tikz-feynman Warning: The key you tried to use '/graph drawing/node dis
tance' requires LuaTeX. It will be ignored. on input line 13515.


Package tikz-feynman Warning: The key you tried to use '/graph drawing/level di
stance' requires LuaTeX. It will be ignored. on input line 13515.


Package tikz-feynman Warning: The key you tried to use '/graph drawing/sibling 
distance' requires LuaTeX. It will be ignored. on input line 13515.


Package tikz-feynman Warning: The key you tried to use '/graph drawing/node dis
tance' requires LuaTeX. It will be ignored. on input line 13515.


Package tikz-feynman Warning: The key you tried to use '/graph drawing/level di
stance' requires LuaTeX. It will be ignored. on input line 13515.


Package tikz-feynman Warning: The key you tried to use '/graph drawing/sibling 
distance' requires LuaTeX. It will be ignored. on input line 13515.


Package tikz-feynman Warning: The key you tried to use '/graph drawing/node dis
tance' requires LuaTeX. It will be ignored. on input line 13515.


Package tikz-feynman Warning: The key you tried to use '/graph drawing/level di
stance' requires LuaTeX. It will be ignored. on input line 13515.


Package tikz-feynman Warning: The key you tried to use '/graph drawing/sibling 
distance' requires LuaTeX. It will be ignored. on input line 13515.


Package tikz-feynman Warning: The key you tried to use '/graph drawing/node dis
tance' requires LuaTeX. It will be ignored. on input line 13515.


Package tikz-feynman Warning: The key you tried to use '/graph drawing/level di
stance' requires LuaTeX. It will be ignored. on input line 13515.


Package tikz-feynman Warning: The key you tried to use '/graph drawing/sibling 
distance' requires LuaTeX. It will be ignored. on input line 13515.


Package tikz-feynman Warning: The key you tried to use '/graph drawing/node dis
tance' requires LuaTeX. It will be ignored. on input line 13515.


Package tikz-feynman Warning: The key you tried to use '/graph drawing/level di
stance' requires LuaTeX. It will be ignored. on input line 13515.


Package tikz-feynman Warning: The key you tried to use '/graph drawing/sibling 
distance' requires LuaTeX. It will be ignored. on input line 13515.


Package tikz-feynman Warning: The key you tried to use '/graph drawing/node dis
tance' requires LuaTeX. It will be ignored. on input line 13515.


Package tikz-feynman Warning: The key you tried to use '/graph drawing/level di
stance' requires LuaTeX. It will be ignored. on input line 13515.


Package tikz-feynman Warning: The key you tried to use '/graph drawing/sibling 
distance' requires LuaTeX. It will be ignored. on input line 13515.


Package tikz-feynman Warning: The key you tried to use '/graph drawing/node dis
tance' requires LuaTeX. It will be ignored. on input line 13517.


Package tikz-feynman Warning: The key you tried to use '/graph drawing/level di
stance' requires LuaTeX. It will be ignored. on input line 13517.


Package tikz-feynman Warning: The key you tried to use '/graph drawing/sibling 
distance' requires LuaTeX. It will be ignored. on input line 13517.


Package tikz-feynman Warning: The key you tried to use '/graph drawing/node dis
tance' requires LuaTeX. It will be ignored. on input line 13517.


Package tikz-feynman Warning: The key you tried to use '/graph drawing/level di
stance' requires LuaTeX. It will be ignored. on input line 13517.


Package tikz-feynman Warning: The key you tried to use '/graph drawing/sibling 
distance' requires LuaTeX. It will be ignored. on input line 13517.


Package tikz-feynman Warning: The key you tried to use '/graph drawing/node dis
tance' requires LuaTeX. It will be ignored. on input line 13519.


Package tikz-feynman Warning: The key you tried to use '/graph drawing/level di
stance' requires LuaTeX. It will be ignored. on input line 13519.


Package tikz-feynman Warning: The key you tried to use '/graph drawing/sibling 
distance' requires LuaTeX. It will be ignored. on input line 13519.


Package tikz-feynman Warning: The key you tried to use '/graph drawing/node dis
tance' requires LuaTeX. It will be ignored. on input line 13519.


Package tikz-feynman Warning: The key you tried to use '/graph drawing/level di
stance' requires LuaTeX. It will be ignored. on input line 13519.


Package tikz-feynman Warning: The key you tried to use '/graph drawing/sibling 
distance' requires LuaTeX. It will be ignored. on input line 13519.


Package tikz-feynman Warning: The key you tried to use '/graph drawing/node dis
tance' requires LuaTeX. It will be ignored. on input line 13521.


Package tikz-feynman Warning: The key you tried to use '/graph drawing/level di
stance' requires LuaTeX. It will be ignored. on input line 13521.


Package tikz-feynman Warning: The key you tried to use '/graph drawing/sibling 
distance' requires LuaTeX. It will be ignored. on input line 13521.


Package tikz-feynman Warning: The key you tried to use '/graph drawing/node dis
tance' requires LuaTeX. It will be ignored. on input line 13521.


Package tikz-feynman Warning: The key you tried to use '/graph drawing/level di
stance' requires LuaTeX. It will be ignored. on input line 13521.


Package tikz-feynman Warning: The key you tried to use '/graph drawing/sibling 
distance' requires LuaTeX. It will be ignored. on input line 13521.


Package tikz-feynman Warning: The key you tried to use '/graph drawing/node dis
tance' requires LuaTeX. It will be ignored. on input line 13521.


Package tikz-feynman Warning: The key you tried to use '/graph drawing/level di
stance' requires LuaTeX. It will be ignored. on input line 13521.


Package tikz-feynman Warning: The key you tried to use '/graph drawing/sibling 
distance' requires LuaTeX. It will be ignored. on input line 13521.


Package tikz-feynman Warning: The key you tried to use '/graph drawing/node dis
tance' requires LuaTeX. It will be ignored. on input line 13521.


Package tikz-feynman Warning: The key you tried to use '/graph drawing/level di
stance' requires LuaTeX. It will be ignored. on input line 13521.


Package tikz-feynman Warning: The key you tried to use '/graph drawing/sibling 
distance' requires LuaTeX. It will be ignored. on input line 13521.



[667]
Underfull \hbox (badness 10000) in paragraph at lines 13521--13525

 []


Package tikz-feynman Warning: The key you tried to use '/graph drawing/node dis
tance' requires LuaTeX. It will be ignored. on input line 13527.


Package tikz-feynman Warning: The key you tried to use '/graph drawing/level di
stance' requires LuaTeX. It will be ignored. on input line 13527.


Package tikz-feynman Warning: The key you tried to use '/graph drawing/sibling 
distance' requires LuaTeX. It will be ignored. on input line 13527.


Package tikz-feynman Warning: The key you tried to use '/graph drawing/node dis
tance' requires LuaTeX. It will be ignored. on input line 13527.


Package tikz-feynman Warning: The key you tried to use '/graph drawing/level di
stance' requires LuaTeX. It will be ignored. on input line 13527.


Package tikz-feynman Warning: The key you tried to use '/graph drawing/sibling 
distance' requires LuaTeX. It will be ignored. on input line 13527.


Package tikz-feynman Warning: The key you tried to use '/graph drawing/node dis
tance' requires LuaTeX. It will be ignored. on input line 13529.


Package tikz-feynman Warning: The key you tried to use '/graph drawing/level di
stance' requires LuaTeX. It will be ignored. on input line 13529.


Package tikz-feynman Warning: The key you tried to use '/graph drawing/sibling 
distance' requires LuaTeX. It will be ignored. on input line 13529.


Package tikz-feynman Warning: The key you tried to use '/graph drawing/node dis
tance' requires LuaTeX. It will be ignored. on input line 13529.


Package tikz-feynman Warning: The key you tried to use '/graph drawing/level di
stance' requires LuaTeX. It will be ignored. on input line 13529.


Package tikz-feynman Warning: The key you tried to use '/graph drawing/sibling 
distance' requires LuaTeX. It will be ignored. on input line 13529.


Underfull \hbox (badness 10000) in paragraph at lines 13529--13533

 []


Package tikz-feynman Warning: The key you tried to use '/graph drawing/node dis
tance' requires LuaTeX. It will be ignored. on input line 13533.


Package tikz-feynman Warning: The key you tried to use '/graph drawing/level di
stance' requires LuaTeX. It will be ignored. on input line 13533.


Package tikz-feynman Warning: The key you tried to use '/graph drawing/sibling 
distance' requires LuaTeX. It will be ignored. on input line 13533.


Package tikz-feynman Warning: The key you tried to use '/graph drawing/node dis
tance' requires LuaTeX. It will be ignored. on input line 13533.


Package tikz-feynman Warning: The key you tried to use '/graph drawing/level di
stance' requires LuaTeX. It will be ignored. on input line 13533.


Package tikz-feynman Warning: The key you tried to use '/graph drawing/sibling 
distance' requires LuaTeX. It will be ignored. on input line 13533.


Package tikz-feynman Warning: The key you tried to use '/graph drawing/node dis
tance' requires LuaTeX. It will be ignored. on input line 13533.


Package tikz-feynman Warning: The key you tried to use '/graph drawing/level di
stance' requires LuaTeX. It will be ignored. on input line 13533.


Package tikz-feynman Warning: The key you tried to use '/graph drawing/sibling 
distance' requires LuaTeX. It will be ignored. on input line 13533.


Package tikz-feynman Warning: The key you tried to use '/graph drawing/node dis
tance' requires LuaTeX. It will be ignored. on input line 13533.


Package tikz-feynman Warning: The key you tried to use '/graph drawing/level di
stance' requires LuaTeX. It will be ignored. on input line 13533.


Package tikz-feynman Warning: The key you tried to use '/graph drawing/sibling 
distance' requires LuaTeX. It will be ignored. on input line 13533.


Package tikz-feynman Warning: The key you tried to use '/graph drawing/node dis
tance' requires LuaTeX. It will be ignored. on input line 13533.


Package tikz-feynman Warning: The key you tried to use '/graph drawing/level di
stance' requires LuaTeX. It will be ignored. on input line 13533.


Package tikz-feynman Warning: The key you tried to use '/graph drawing/sibling 
distance' requires LuaTeX. It will be ignored. on input line 13533.


Package tikz-feynman Warning: The key you tried to use '/graph drawing/node dis
tance' requires LuaTeX. It will be ignored. on input line 13533.


Package tikz-feynman Warning: The key you tried to use '/graph drawing/level di
stance' requires LuaTeX. It will be ignored. on input line 13533.


Package tikz-feynman Warning: The key you tried to use '/graph drawing/sibling 
distance' requires LuaTeX. It will be ignored. on input line 13533.



[668]

Package tikz-feynman Warning: The key you tried to use '/graph drawing/node dis
tance' requires LuaTeX. It will be ignored. on input line 13533.


Package tikz-feynman Warning: The key you tried to use '/graph drawing/level di
stance' requires LuaTeX. It will be ignored. on input line 13533.


Package tikz-feynman Warning: The key you tried to use '/graph drawing/sibling 
distance' requires LuaTeX. It will be ignored. on input line 13533.


Package tikz-feynman Warning: The key you tried to use '/graph drawing/node dis
tance' requires LuaTeX. It will be ignored. on input line 13533.


Package tikz-feynman Warning: The key you tried to use '/graph drawing/level di
stance' requires LuaTeX. It will be ignored. on input line 13533.


Package tikz-feynman Warning: The key you tried to use '/graph drawing/sibling 
distance' requires LuaTeX. It will be ignored. on input line 13533.


Package tikz-feynman Warning: The key you tried to use '/graph drawing/node dis
tance' requires LuaTeX. It will be ignored. on input line 13533.


Package tikz-feynman Warning: The key you tried to use '/graph drawing/level di
stance' requires LuaTeX. It will be ignored. on input line 13533.


Package tikz-feynman Warning: The key you tried to use '/graph drawing/sibling 
distance' requires LuaTeX. It will be ignored. on input line 13533.


Package tikz-feynman Warning: The key you tried to use '/graph drawing/node dis
tance' requires LuaTeX. It will be ignored. on input line 13533.


Package tikz-feynman Warning: The key you tried to use '/graph drawing/level di
stance' requires LuaTeX. It will be ignored. on input line 13533.


Package tikz-feynman Warning: The key you tried to use '/graph drawing/sibling 
distance' requires LuaTeX. It will be ignored. on input line 13533.


Package tikz-feynman Warning: The key you tried to use '/graph drawing/node dis
tance' requires LuaTeX. It will be ignored. on input line 13533.


Package tikz-feynman Warning: The key you tried to use '/graph drawing/level di
stance' requires LuaTeX. It will be ignored. on input line 13533.


Package tikz-feynman Warning: The key you tried to use '/graph drawing/sibling 
distance' requires LuaTeX. It will be ignored. on input line 13533.


Package tikz-feynman Warning: The key you tried to use '/graph drawing/node dis
tance' requires LuaTeX. It will be ignored. on input line 13533.


Package tikz-feynman Warning: The key you tried to use '/graph drawing/level di
stance' requires LuaTeX. It will be ignored. on input line 13533.


Package tikz-feynman Warning: The key you tried to use '/graph drawing/sibling 
distance' requires LuaTeX. It will be ignored. on input line 13533.


Package tikz-feynman Warning: The key you tried to use '/graph drawing/node dis
tance' requires LuaTeX. It will be ignored. on input line 13533.


Package tikz-feynman Warning: The key you tried to use '/graph drawing/level di
stance' requires LuaTeX. It will be ignored. on input line 13533.


Package tikz-feynman Warning: The key you tried to use '/graph drawing/sibling 
distance' requires LuaTeX. It will be ignored. on input line 13533.


Package tikz-feynman Warning: The key you tried to use '/graph drawing/node dis
tance' requires LuaTeX. It will be ignored. on input line 13533.


Package tikz-feynman Warning: The key you tried to use '/graph drawing/level di
stance' requires LuaTeX. It will be ignored. on input line 13533.


Package tikz-feynman Warning: The key you tried to use '/graph drawing/sibling 
distance' requires LuaTeX. It will be ignored. on input line 13533.


Underfull \hbox (badness 10000) in paragraph at lines 13536--13539

 []


Package tikz-feynman Warning: The key you tried to use '/graph drawing/node dis
tance' requires LuaTeX. It will be ignored. on input line 13539.


Package tikz-feynman Warning: The key you tried to use '/graph drawing/level di
stance' requires LuaTeX. It will be ignored. on input line 13539.


Package tikz-feynman Warning: The key you tried to use '/graph drawing/sibling 
distance' requires LuaTeX. It will be ignored. on input line 13539.


Package tikz-feynman Warning: The key you tried to use '/graph drawing/node dis
tance' requires LuaTeX. It will be ignored. on input line 13539.


Package tikz-feynman Warning: The key you tried to use '/graph drawing/level di
stance' requires LuaTeX. It will be ignored. on input line 13539.


Package tikz-feynman Warning: The key you tried to use '/graph drawing/sibling 
distance' requires LuaTeX. It will be ignored. on input line 13539.


Package tikz-feynman Warning: The key you tried to use '/graph drawing/node dis
tance' requires LuaTeX. It will be ignored. on input line 13539.


Package tikz-feynman Warning: The key you tried to use '/graph drawing/level di
stance' requires LuaTeX. It will be ignored. on input line 13539.


Package tikz-feynman Warning: The key you tried to use '/graph drawing/sibling 
distance' requires LuaTeX. It will be ignored. on input line 13539.


Package tikz-feynman Warning: The key you tried to use '/graph drawing/node dis
tance' requires LuaTeX. It will be ignored. on input line 13539.


Package tikz-feynman Warning: The key you tried to use '/graph drawing/level di
stance' requires LuaTeX. It will be ignored. on input line 13539.


Package tikz-feynman Warning: The key you tried to use '/graph drawing/sibling 
distance' requires LuaTeX. It will be ignored. on input line 13539.


Package tikz-feynman Warning: The key you tried to use '/graph drawing/node dis
tance' requires LuaTeX. It will be ignored. on input line 13539.


Package tikz-feynman Warning: The key you tried to use '/graph drawing/level di
stance' requires LuaTeX. It will be ignored. on input line 13539.


Package tikz-feynman Warning: The key you tried to use '/graph drawing/sibling 
distance' requires LuaTeX. It will be ignored. on input line 13539.



[669]

Package tikz-feynman Warning: The key you tried to use '/graph drawing/node dis
tance' requires LuaTeX. It will be ignored. on input line 13547.


Package tikz-feynman Warning: The key you tried to use '/graph drawing/level di
stance' requires LuaTeX. It will be ignored. on input line 13547.


Package tikz-feynman Warning: The key you tried to use '/graph drawing/sibling 
distance' requires LuaTeX. It will be ignored. on input line 13547.


Package tikz-feynman Warning: The key you tried to use '/graph drawing/node dis
tance' requires LuaTeX. It will be ignored. on input line 13547.


Package tikz-feynman Warning: The key you tried to use '/graph drawing/level di
stance' requires LuaTeX. It will be ignored. on input line 13547.


Package tikz-feynman Warning: The key you tried to use '/graph drawing/sibling 
distance' requires LuaTeX. It will be ignored. on input line 13547.


Underfull \hbox (badness 10000) in paragraph at lines 13547--13551

 []


Package tikz-feynman Warning: The key you tried to use '/graph drawing/node dis
tance' requires LuaTeX. It will be ignored. on input line 13555.


Package tikz-feynman Warning: The key you tried to use '/graph drawing/level di
stance' requires LuaTeX. It will be ignored. on input line 13555.


Package tikz-feynman Warning: The key you tried to use '/graph drawing/sibling 
distance' requires LuaTeX. It will be ignored. on input line 13555.


Package tikz-feynman Warning: The key you tried to use '/graph drawing/node dis
tance' requires LuaTeX. It will be ignored. on input line 13555.


Package tikz-feynman Warning: The key you tried to use '/graph drawing/level di
stance' requires LuaTeX. It will be ignored. on input line 13555.


Package tikz-feynman Warning: The key you tried to use '/graph drawing/sibling 
distance' requires LuaTeX. It will be ignored. on input line 13555.


Package tikz-feynman Warning: The key you tried to use '/graph drawing/node dis
tance' requires LuaTeX. It will be ignored. on input line 13555.


Package tikz-feynman Warning: The key you tried to use '/graph drawing/level di
stance' requires LuaTeX. It will be ignored. on input line 13555.


Package tikz-feynman Warning: The key you tried to use '/graph drawing/sibling 
distance' requires LuaTeX. It will be ignored. on input line 13555.


Package tikz-feynman Warning: The key you tried to use '/graph drawing/node dis
tance' requires LuaTeX. It will be ignored. on input line 13555.


Package tikz-feynman Warning: The key you tried to use '/graph drawing/level di
stance' requires LuaTeX. It will be ignored. on input line 13555.


Package tikz-feynman Warning: The key you tried to use '/graph drawing/sibling 
distance' requires LuaTeX. It will be ignored. on input line 13555.



[670]
Underfull \hbox (badness 10000) in paragraph at lines 13555--13559

 []


Package tikz-feynman Warning: The key you tried to use '/graph drawing/node dis
tance' requires LuaTeX. It will be ignored. on input line 13559.


Package tikz-feynman Warning: The key you tried to use '/graph drawing/level di
stance' requires LuaTeX. It will be ignored. on input line 13559.


Package tikz-feynman Warning: The key you tried to use '/graph drawing/sibling 
distance' requires LuaTeX. It will be ignored. on input line 13559.


Package tikz-feynman Warning: The key you tried to use '/graph drawing/node dis
tance' requires LuaTeX. It will be ignored. on input line 13559.


Package tikz-feynman Warning: The key you tried to use '/graph drawing/level di
stance' requires LuaTeX. It will be ignored. on input line 13559.


Package tikz-feynman Warning: The key you tried to use '/graph drawing/sibling 
distance' requires LuaTeX. It will be ignored. on input line 13559.


Package tikz-feynman Warning: The key you tried to use '/graph drawing/node dis
tance' requires LuaTeX. It will be ignored. on input line 13559.


Package tikz-feynman Warning: The key you tried to use '/graph drawing/level di
stance' requires LuaTeX. It will be ignored. on input line 13559.


Package tikz-feynman Warning: The key you tried to use '/graph drawing/sibling 
distance' requires LuaTeX. It will be ignored. on input line 13559.


Package tikz-feynman Warning: The key you tried to use '/graph drawing/node dis
tance' requires LuaTeX. It will be ignored. on input line 13559.


Package tikz-feynman Warning: The key you tried to use '/graph drawing/level di
stance' requires LuaTeX. It will be ignored. on input line 13559.


Package tikz-feynman Warning: The key you tried to use '/graph drawing/sibling 
distance' requires LuaTeX. It will be ignored. on input line 13559.


Package tikz-feynman Warning: The key you tried to use '/graph drawing/node dis
tance' requires LuaTeX. It will be ignored. on input line 13559.


Package tikz-feynman Warning: The key you tried to use '/graph drawing/level di
stance' requires LuaTeX. It will be ignored. on input line 13559.


Package tikz-feynman Warning: The key you tried to use '/graph drawing/sibling 
distance' requires LuaTeX. It will be ignored. on input line 13559.


Package tikz-feynman Warning: The key you tried to use '/graph drawing/node dis
tance' requires LuaTeX. It will be ignored. on input line 13559.


Package tikz-feynman Warning: The key you tried to use '/graph drawing/level di
stance' requires LuaTeX. It will be ignored. on input line 13559.


Package tikz-feynman Warning: The key you tried to use '/graph drawing/sibling 
distance' requires LuaTeX. It will be ignored. on input line 13559.



[671]

Package tikz-feynman Warning: The key you tried to use '/graph drawing/node dis
tance' requires LuaTeX. It will be ignored. on input line 13563.


Package tikz-feynman Warning: The key you tried to use '/graph drawing/level di
stance' requires LuaTeX. It will be ignored. on input line 13563.


Package tikz-feynman Warning: The key you tried to use '/graph drawing/sibling 
distance' requires LuaTeX. It will be ignored. on input line 13563.


Package tikz-feynman Warning: The key you tried to use '/graph drawing/node dis
tance' requires LuaTeX. It will be ignored. on input line 13563.


Package tikz-feynman Warning: The key you tried to use '/graph drawing/level di
stance' requires LuaTeX. It will be ignored. on input line 13563.


Package tikz-feynman Warning: The key you tried to use '/graph drawing/sibling 
distance' requires LuaTeX. It will be ignored. on input line 13563.


Package tikz-feynman Warning: The key you tried to use '/graph drawing/node dis
tance' requires LuaTeX. It will be ignored. on input line 13563.


Package tikz-feynman Warning: The key you tried to use '/graph drawing/level di
stance' requires LuaTeX. It will be ignored. on input line 13563.


Package tikz-feynman Warning: The key you tried to use '/graph drawing/sibling 
distance' requires LuaTeX. It will be ignored. on input line 13563.


Package tikz-feynman Warning: The key you tried to use '/graph drawing/node dis
tance' requires LuaTeX. It will be ignored. on input line 13563.


Package tikz-feynman Warning: The key you tried to use '/graph drawing/level di
stance' requires LuaTeX. It will be ignored. on input line 13563.


Package tikz-feynman Warning: The key you tried to use '/graph drawing/sibling 
distance' requires LuaTeX. It will be ignored. on input line 13563.


Underfull \hbox (badness 10000) in paragraph at lines 13563--13567

 []


Package tikz-feynman Warning: The key you tried to use '/graph drawing/node dis
tance' requires LuaTeX. It will be ignored. on input line 13571.


Package tikz-feynman Warning: The key you tried to use '/graph drawing/level di
stance' requires LuaTeX. It will be ignored. on input line 13571.


Package tikz-feynman Warning: The key you tried to use '/graph drawing/sibling 
distance' requires LuaTeX. It will be ignored. on input line 13571.


Package tikz-feynman Warning: The key you tried to use '/graph drawing/node dis
tance' requires LuaTeX. It will be ignored. on input line 13571.


Package tikz-feynman Warning: The key you tried to use '/graph drawing/level di
stance' requires LuaTeX. It will be ignored. on input line 13571.


Package tikz-feynman Warning: The key you tried to use '/graph drawing/sibling 
distance' requires LuaTeX. It will be ignored. on input line 13571.


Package tikz-feynman Warning: The key you tried to use '/graph drawing/node dis
tance' requires LuaTeX. It will be ignored. on input line 13571.


Package tikz-feynman Warning: The key you tried to use '/graph drawing/level di
stance' requires LuaTeX. It will be ignored. on input line 13571.


Package tikz-feynman Warning: The key you tried to use '/graph drawing/sibling 
distance' requires LuaTeX. It will be ignored. on input line 13571.


Package tikz-feynman Warning: The key you tried to use '/graph drawing/node dis
tance' requires LuaTeX. It will be ignored. on input line 13571.


Package tikz-feynman Warning: The key you tried to use '/graph drawing/level di
stance' requires LuaTeX. It will be ignored. on input line 13571.


Package tikz-feynman Warning: The key you tried to use '/graph drawing/sibling 
distance' requires LuaTeX. It will be ignored. on input line 13571.


Package tikz-feynman Warning: The key you tried to use '/graph drawing/node dis
tance' requires LuaTeX. It will be ignored. on input line 13571.


Package tikz-feynman Warning: The key you tried to use '/graph drawing/level di
stance' requires LuaTeX. It will be ignored. on input line 13571.


Package tikz-feynman Warning: The key you tried to use '/graph drawing/sibling 
distance' requires LuaTeX. It will be ignored. on input line 13571.


Package tikz-feynman Warning: The key you tried to use '/graph drawing/node dis
tance' requires LuaTeX. It will be ignored. on input line 13571.


Package tikz-feynman Warning: The key you tried to use '/graph drawing/level di
stance' requires LuaTeX. It will be ignored. on input line 13571.


Package tikz-feynman Warning: The key you tried to use '/graph drawing/sibling 
distance' requires LuaTeX. It will be ignored. on input line 13571.


Package tikz-feynman Warning: The key you tried to use '/graph drawing/node dis
tance' requires LuaTeX. It will be ignored. on input line 13571.


Package tikz-feynman Warning: The key you tried to use '/graph drawing/level di
stance' requires LuaTeX. It will be ignored. on input line 13571.


Package tikz-feynman Warning: The key you tried to use '/graph drawing/sibling 
distance' requires LuaTeX. It will be ignored. on input line 13571.


Package tikz-feynman Warning: The key you tried to use '/graph drawing/node dis
tance' requires LuaTeX. It will be ignored. on input line 13571.


Package tikz-feynman Warning: The key you tried to use '/graph drawing/level di
stance' requires LuaTeX. It will be ignored. on input line 13571.


Package tikz-feynman Warning: The key you tried to use '/graph drawing/sibling 
distance' requires LuaTeX. It will be ignored. on input line 13571.


Package tikz-feynman Warning: The key you tried to use '/graph drawing/node dis
tance' requires LuaTeX. It will be ignored. on input line 13571.


Package tikz-feynman Warning: The key you tried to use '/graph drawing/level di
stance' requires LuaTeX. It will be ignored. on input line 13571.


Package tikz-feynman Warning: The key you tried to use '/graph drawing/sibling 
distance' requires LuaTeX. It will be ignored. on input line 13571.



[672]

Package tikz-feynman Warning: The key you tried to use '/graph drawing/node dis
tance' requires LuaTeX. It will be ignored. on input line 13573.


Package tikz-feynman Warning: The key you tried to use '/graph drawing/level di
stance' requires LuaTeX. It will be ignored. on input line 13573.


Package tikz-feynman Warning: The key you tried to use '/graph drawing/sibling 
distance' requires LuaTeX. It will be ignored. on input line 13573.


Package tikz-feynman Warning: The key you tried to use '/graph drawing/node dis
tance' requires LuaTeX. It will be ignored. on input line 13573.


Package tikz-feynman Warning: The key you tried to use '/graph drawing/level di
stance' requires LuaTeX. It will be ignored. on input line 13573.


Package tikz-feynman Warning: The key you tried to use '/graph drawing/sibling 
distance' requires LuaTeX. It will be ignored. on input line 13573.


Package tikz-feynman Warning: The key you tried to use '/graph drawing/node dis
tance' requires LuaTeX. It will be ignored. on input line 13573.


Package tikz-feynman Warning: The key you tried to use '/graph drawing/level di
stance' requires LuaTeX. It will be ignored. on input line 13573.


Package tikz-feynman Warning: The key you tried to use '/graph drawing/sibling 
distance' requires LuaTeX. It will be ignored. on input line 13573.


Package tikz-feynman Warning: The key you tried to use '/graph drawing/node dis
tance' requires LuaTeX. It will be ignored. on input line 13575.


Package tikz-feynman Warning: The key you tried to use '/graph drawing/level di
stance' requires LuaTeX. It will be ignored. on input line 13575.


Package tikz-feynman Warning: The key you tried to use '/graph drawing/sibling 
distance' requires LuaTeX. It will be ignored. on input line 13575.


Package tikz-feynman Warning: The key you tried to use '/graph drawing/node dis
tance' requires LuaTeX. It will be ignored. on input line 13575.


Package tikz-feynman Warning: The key you tried to use '/graph drawing/level di
stance' requires LuaTeX. It will be ignored. on input line 13575.


Package tikz-feynman Warning: The key you tried to use '/graph drawing/sibling 
distance' requires LuaTeX. It will be ignored. on input line 13575.


Package tikz-feynman Warning: The key you tried to use '/graph drawing/node dis
tance' requires LuaTeX. It will be ignored. on input line 13575.


Package tikz-feynman Warning: The key you tried to use '/graph drawing/level di
stance' requires LuaTeX. It will be ignored. on input line 13575.


Package tikz-feynman Warning: The key you tried to use '/graph drawing/sibling 
distance' requires LuaTeX. It will be ignored. on input line 13575.


Package tikz-feynman Warning: The key you tried to use '/graph drawing/node dis
tance' requires LuaTeX. It will be ignored. on input line 13577.


Package tikz-feynman Warning: The key you tried to use '/graph drawing/level di
stance' requires LuaTeX. It will be ignored. on input line 13577.


Package tikz-feynman Warning: The key you tried to use '/graph drawing/sibling 
distance' requires LuaTeX. It will be ignored. on input line 13577.


Package tikz-feynman Warning: The key you tried to use '/graph drawing/node dis
tance' requires LuaTeX. It will be ignored. on input line 13577.


Package tikz-feynman Warning: The key you tried to use '/graph drawing/level di
stance' requires LuaTeX. It will be ignored. on input line 13577.


Package tikz-feynman Warning: The key you tried to use '/graph drawing/sibling 
distance' requires LuaTeX. It will be ignored. on input line 13577.


Package tikz-feynman Warning: The key you tried to use '/graph drawing/node dis
tance' requires LuaTeX. It will be ignored. on input line 13577.


Package tikz-feynman Warning: The key you tried to use '/graph drawing/level di
stance' requires LuaTeX. It will be ignored. on input line 13577.


Package tikz-feynman Warning: The key you tried to use '/graph drawing/sibling 
distance' requires LuaTeX. It will be ignored. on input line 13577.


Underfull \hbox (badness 10000) in paragraph at lines 13577--13581

 []



[673]
Underfull \hbox (badness 10000) in paragraph at lines 13585--13589

 []


Package tikz-feynman Warning: The key you tried to use '/graph drawing/node dis
tance' requires LuaTeX. It will be ignored. on input line 13589.


Package tikz-feynman Warning: The key you tried to use '/graph drawing/level di
stance' requires LuaTeX. It will be ignored. on input line 13589.


Package tikz-feynman Warning: The key you tried to use '/graph drawing/sibling 
distance' requires LuaTeX. It will be ignored. on input line 13589.


Package tikz-feynman Warning: The key you tried to use '/graph drawing/node dis
tance' requires LuaTeX. It will be ignored. on input line 13589.


Package tikz-feynman Warning: The key you tried to use '/graph drawing/level di
stance' requires LuaTeX. It will be ignored. on input line 13589.


Package tikz-feynman Warning: The key you tried to use '/graph drawing/sibling 
distance' requires LuaTeX. It will be ignored. on input line 13589.


Package tikz-feynman Warning: The key you tried to use '/graph drawing/node dis
tance' requires LuaTeX. It will be ignored. on input line 13589.


Package tikz-feynman Warning: The key you tried to use '/graph drawing/level di
stance' requires LuaTeX. It will be ignored. on input line 13589.


Package tikz-feynman Warning: The key you tried to use '/graph drawing/sibling 
distance' requires LuaTeX. It will be ignored. on input line 13589.


Package tikz-feynman Warning: The key you tried to use '/graph drawing/node dis
tance' requires LuaTeX. It will be ignored. on input line 13589.


Package tikz-feynman Warning: The key you tried to use '/graph drawing/level di
stance' requires LuaTeX. It will be ignored. on input line 13589.


Package tikz-feynman Warning: The key you tried to use '/graph drawing/sibling 
distance' requires LuaTeX. It will be ignored. on input line 13589.


Package tikz-feynman Warning: The key you tried to use '/graph drawing/node dis
tance' requires LuaTeX. It will be ignored. on input line 13589.


Package tikz-feynman Warning: The key you tried to use '/graph drawing/level di
stance' requires LuaTeX. It will be ignored. on input line 13589.


Package tikz-feynman Warning: The key you tried to use '/graph drawing/sibling 
distance' requires LuaTeX. It will be ignored. on input line 13589.


Package tikz-feynman Warning: The key you tried to use '/graph drawing/node dis
tance' requires LuaTeX. It will be ignored. on input line 13589.


Package tikz-feynman Warning: The key you tried to use '/graph drawing/level di
stance' requires LuaTeX. It will be ignored. on input line 13589.


Package tikz-feynman Warning: The key you tried to use '/graph drawing/sibling 
distance' requires LuaTeX. It will be ignored. on input line 13589.


Underfull \hbox (badness 10000) in paragraph at lines 13596--13599

 []



[674]
Underfull \hbox (badness 10000) in paragraph at lines 13609--13613

 []



[675]

[676]
Underfull \hbox (badness 10000) in paragraph at lines 13619--13623

 []


Overfull \hbox (9.9089pt too wide) in paragraph at lines 13619--13623
\C70/rm/m/n/10/99 ñ \C70/rm/m/n/10/51 H \C70/rm/m/n/10/68 9 \C70/rm/m/n/10/63 n
 \C70/rm/m/n/10/5b ö \C70/rm/m/n/10/4e I\T1/cmr/m/n/10 (-20) ([]7.2.19[])|\C70/
rm/m/n/10/ff ^^L| \C70/rm/m/n/10/62 @ \C70/rm/m/n/10/67 	$\OML/cmm/m/it/10 ^^M$
\C70/rm/m/n/10/77 È \C70/rm/m/n/10/96 5 \C70/rm/m/n/10/90 ˝ \C70/rm/m/n/10/66 /
 \C70/rm/m/n/10/65 ‡ \C70/rm/m/n/10/8f ˘ \C70/rm/m/n/10/76 Ñ|\C70/rm/m/n/10/ff 
^^L| \C70/rm/m/n/10/4e _ \C70/rm/m/n/10/5c 1 \C70/rm/m/n/10/66 /$[][][] \OT1/cm
r/m/n/10 (-20) = 0$|\C70/rm/m/n/10/30 ^^B| \C70/rm/m/n/10/5b ˘ \C70/rm/m/n/10/4
e é å \C70/rm/m/n/10/6b ! \C70/rm/m/n/10/4e X \C70/rm/m/n/10/79 Ô|\C70/rm/m/n/1
0/ff ^^L| \C70/rm/m/n/10/68 9 \C70/rm/m/n/10/63 n \C70/rm/m/n/10/53 Õ \C70/rm/m
/n/10/5b ˘ \C70/rm/m/n/10/66 ^^S \C70/rm/m/n/10/60 '\T1/cmr/m/n/10 (-20) ([]7.2
.18[])\C70/rm/m/n/10/62 ^^Q
 []



[677]
Underfull \hbox (badness 10000) in paragraph at lines 13639--13643

 []



[678]
Underfull \hbox (badness 10000) in paragraph at lines 13661--13664

 []


Package tikz-feynman Warning: The key you tried to use '/graph drawing/node dis
tance' requires LuaTeX. It will be ignored. on input line 13664.


Package tikz-feynman Warning: The key you tried to use '/graph drawing/level di
stance' requires LuaTeX. It will be ignored. on input line 13664.


Package tikz-feynman Warning: The key you tried to use '/graph drawing/sibling 
distance' requires LuaTeX. It will be ignored. on input line 13664.


Package tikz-feynman Warning: The key you tried to use '/graph drawing/node dis
tance' requires LuaTeX. It will be ignored. on input line 13664.


Package tikz-feynman Warning: The key you tried to use '/graph drawing/level di
stance' requires LuaTeX. It will be ignored. on input line 13664.


Package tikz-feynman Warning: The key you tried to use '/graph drawing/sibling 
distance' requires LuaTeX. It will be ignored. on input line 13664.



[679]
Underfull \hbox (badness 10000) in paragraph at lines 13674--13678

 []


Underfull \hbox (badness 10000) in paragraph at lines 13681--13685

 []



[680]
Underfull \hbox (badness 10000) in paragraph at lines 13699--13703

 []



[681]
Underfull \hbox (badness 10000) in paragraph at lines 13715--13719

 []


Overfull \hbox (11.18819pt too wide) in paragraph at lines 13715--13719
\C70/rm/m/n/10/65 π \C70/rm/m/n/10/4f ø \C70/rm/m/n/10/8d w \C70/rm/m/n/10/89 ¡
|\C70/rm/m/n/10/ff ^^L| \C70/rm/m/n/10/62 ^^Q \C70/rm/m/n/10/4e Ï \C70/rm/m/n/1
0/91 « \C70/rm/m/n/10/75 ($[]$\T1/cmr/m/sl/10 (-20) M¯ller \C70/rm/m/n/10/65 c 
\C70/rm/m/n/10/5c ^^D \C70/rm/m/n/10/76 Ñ \C70/rm/m/n/10/7e ” \C70/rm/m/n/10/67
 ú|\C70/rm/m/n/10/ff ^^L| \C70/rm/m/n/10/51 v$\OML/cmm/m/it/10 u$\C70/rm/m/n/10
/90 S \C70/rm/m/n/10/63 / \C70/rm/m/n/10/5e E\T1/cmr/m/n/10 (-20) ([]13.3.33[])
\C70/rm/m/n/10/54 å$\OML/cmm/m/it/10 t$\C70/rm/m/n/10/90 S \C70/rm/m/n/10/5b ˘ 
\C70/rm/m/n/10/6b ‘ \C70/rm/m/n/10/5c 1 \C70/rm/m/n/10/66 / \C70/rm/m/n/10/7b &
 \C70/rm/m/n/10/53 ˜ \C70/rm/m/n/10/76 ¯ \C70/rm/m/n/10/53 Õ|\C70/rm/m/n/10/ff 
^^L| \C70/rm/m/n/10/4e ^^T$\OT1/cmr/bx/n/10 (-20) u[]$\C70/rm/m/n/10/54 å$\OT1/
cmr/bx/n/10 (-20) u[]$\C70/rm/m/n/10/5b ˘
 []


Overfull \hbox (25.10307pt too wide) in paragraph at lines 13723--13725
\C70/rm/m/n/10/62 @ \C70/rm/m/n/10/4e Â \C70/rm/m/n/10/80 ^^C \C70/rm/m/n/10/86
 Q \C70/rm/m/n/10/52 0\T1/cmr/m/sl/10 (-20) M¯ller \C70/rm/m/n/10/65 c \C70/rm/
m/n/10/5c ^^D \C70/rm/m/n/10/76 Ñ \C70/rm/m/n/10/63 / \C70/rm/m/n/10/5e E\T1/cm
r/m/n/10 (-20) ([]13.3.34[])\C70/rm/m/n/10/62 @ \C70/rm/m/n/10/5b ˘ \C70/rm/m/n
/10/5e î \C70/rm/m/n/10/76 Ñ|\C70/rm/m/n/10/ff ^^L| \C70/rm/m/n/10/4e $ * \C70/
rm/m/n/10/90 S \C70/rm/m/n/10/76 Ñ \C70/rm/m/n/10/7b & \C70/rm/m/n/10/53 ˜|\C70
/rm/m/n/10/ff ^^L| \C70/rm/m/n/10/62 ^^Q \C70/rm/m/n/10/4e Ï \C70/rm/m/n/10/53 
Í \C70/rm/m/n/10/97 ^^@ \C70/rm/m/n/10/89 Å \C70/rm/m/n/10/57 ( \C70/rm/m/n/10/
60 ; \C70/rm/m/n/10/52 ® \C70/rm/m/n/10/91 œ \C70/rm/m/n/10/5b à \C70/rm/m/n/10
/60 R \C70/rm/m/n/10/4e |\C70/rm/m/n/10/ff ^^L| \C70/rm/m/n/10/5b ˘ \C70/rm/m/
n/10/5f ^^O\T1/cmr/m/n/10 (-20) ([]13.3.72[])\C70/rm/m/n/10/53 ÷
 []


Underfull \hbox (badness 10000) in paragraph at lines 13727--13731

 []



[682]
Underfull \hbox (badness 10000) in paragraph at lines 13733--13736

 []


Underfull \hbox (badness 10000) in paragraph at lines 13744--13748

 []



[683]
Underfull \hbox (badness 10000) in paragraph at lines 13758--13762

 []


Package tikz-feynman Warning: The key you tried to use '/graph drawing/node dis
tance' requires LuaTeX. It will be ignored. on input line 13770.


Package tikz-feynman Warning: The key you tried to use '/graph drawing/level di
stance' requires LuaTeX. It will be ignored. on input line 13770.


Package tikz-feynman Warning: The key you tried to use '/graph drawing/sibling 
distance' requires LuaTeX. It will be ignored. on input line 13770.


Package tikz-feynman Warning: The key you tried to use '/graph drawing/node dis
tance' requires LuaTeX. It will be ignored. on input line 13770.


Package tikz-feynman Warning: The key you tried to use '/graph drawing/level di
stance' requires LuaTeX. It will be ignored. on input line 13770.


Package tikz-feynman Warning: The key you tried to use '/graph drawing/sibling 
distance' requires LuaTeX. It will be ignored. on input line 13770.


Package tikz-feynman Warning: The key you tried to use '/graph drawing/node dis
tance' requires LuaTeX. It will be ignored. on input line 13770.


Package tikz-feynman Warning: The key you tried to use '/graph drawing/level di
stance' requires LuaTeX. It will be ignored. on input line 13770.


Package tikz-feynman Warning: The key you tried to use '/graph drawing/sibling 
distance' requires LuaTeX. It will be ignored. on input line 13770.


Package tikz-feynman Warning: The key you tried to use '/graph drawing/node dis
tance' requires LuaTeX. It will be ignored. on input line 13770.


Package tikz-feynman Warning: The key you tried to use '/graph drawing/level di
stance' requires LuaTeX. It will be ignored. on input line 13770.


Package tikz-feynman Warning: The key you tried to use '/graph drawing/sibling 
distance' requires LuaTeX. It will be ignored. on input line 13770.



[684]

Package tikz-feynman Warning: The key you tried to use '/graph drawing/node dis
tance' requires LuaTeX. It will be ignored. on input line 13778.


Package tikz-feynman Warning: The key you tried to use '/graph drawing/level di
stance' requires LuaTeX. It will be ignored. on input line 13778.


Package tikz-feynman Warning: The key you tried to use '/graph drawing/sibling 
distance' requires LuaTeX. It will be ignored. on input line 13778.


Package tikz-feynman Warning: The key you tried to use '/graph drawing/node dis
tance' requires LuaTeX. It will be ignored. on input line 13778.


Package tikz-feynman Warning: The key you tried to use '/graph drawing/level di
stance' requires LuaTeX. It will be ignored. on input line 13778.


Package tikz-feynman Warning: The key you tried to use '/graph drawing/sibling 
distance' requires LuaTeX. It will be ignored. on input line 13778.


Package tikz-feynman Warning: The key you tried to use '/graph drawing/node dis
tance' requires LuaTeX. It will be ignored. on input line 13778.


Package tikz-feynman Warning: The key you tried to use '/graph drawing/level di
stance' requires LuaTeX. It will be ignored. on input line 13778.


Package tikz-feynman Warning: The key you tried to use '/graph drawing/sibling 
distance' requires LuaTeX. It will be ignored. on input line 13778.


Package tikz-feynman Warning: The key you tried to use '/graph drawing/node dis
tance' requires LuaTeX. It will be ignored. on input line 13778.


Package tikz-feynman Warning: The key you tried to use '/graph drawing/level di
stance' requires LuaTeX. It will be ignored. on input line 13778.


Package tikz-feynman Warning: The key you tried to use '/graph drawing/sibling 
distance' requires LuaTeX. It will be ignored. on input line 13778.


Underfull \hbox (badness 10000) in paragraph at lines 13784--13788

 []


Package tikz-feynman Warning: The key you tried to use '/graph drawing/node dis
tance' requires LuaTeX. It will be ignored. on input line 13794.


Package tikz-feynman Warning: The key you tried to use '/graph drawing/level di
stance' requires LuaTeX. It will be ignored. on input line 13794.


Package tikz-feynman Warning: The key you tried to use '/graph drawing/sibling 
distance' requires LuaTeX. It will be ignored. on input line 13794.


Package tikz-feynman Warning: The key you tried to use '/graph drawing/node dis
tance' requires LuaTeX. It will be ignored. on input line 13794.


Package tikz-feynman Warning: The key you tried to use '/graph drawing/level di
stance' requires LuaTeX. It will be ignored. on input line 13794.


Package tikz-feynman Warning: The key you tried to use '/graph drawing/sibling 
distance' requires LuaTeX. It will be ignored. on input line 13794.


Package tikz-feynman Warning: The key you tried to use '/graph drawing/node dis
tance' requires LuaTeX. It will be ignored. on input line 13794.


Package tikz-feynman Warning: The key you tried to use '/graph drawing/level di
stance' requires LuaTeX. It will be ignored. on input line 13794.


Package tikz-feynman Warning: The key you tried to use '/graph drawing/sibling 
distance' requires LuaTeX. It will be ignored. on input line 13794.


Package tikz-feynman Warning: The key you tried to use '/graph drawing/node dis
tance' requires LuaTeX. It will be ignored. on input line 13794.


Package tikz-feynman Warning: The key you tried to use '/graph drawing/level di
stance' requires LuaTeX. It will be ignored. on input line 13794.


Package tikz-feynman Warning: The key you tried to use '/graph drawing/sibling 
distance' requires LuaTeX. It will be ignored. on input line 13794.



[685]
Underfull \hbox (badness 10000) in paragraph at lines 13794--13798

 []


Overfull \hbox (7.66287pt too wide) in paragraph at lines 13802--13804
\C70/rm/m/n/10/54 ^^L \C70/rm/m/n/10/65 ˆ \C70/rm/m/n/10/75 1 \C70/rm/m/n/10/4e
 é \C70/rm/m/n/10/52 M \C70/rm/m/n/10/65 á \C70/rm/m/n/10/5d Ú \C70/rm/m/n/10/7
e œ \C70/rm/m/n/10/8b ¡ \C70/rm/m/n/10/66 ^^N|\C70/rm/m/n/10/ff ^^L| \C70/rm/m/
n/10/5b û \C70/rm/m/n/10/68 ^^G \C70/rm/m/n/10/91 œ \C70/rm/m/n/10/57 : \C70/rm
/m/n/10/54 å \C70/rm/m/n/10/76 Ñ\T1/cmr/m/sl/10 (-20) Dirac \C70/rm/m/n/10/57 :
 \C70/rm/m/n/10/56 € \C70/rm/m/n/10/70 π\T1/cmr/m/sl/10 (-20) SD \C70/rm/m/n/10
/65 π \C70/rm/m/n/10/7a  \C70/rm/m/n/10/57 ( \C70/rm/m/n/10/5f b ^^O \C70/rm/m
/n/10/4e 
 ^^@ \C70/rm/m/n/10/81 Ù|\C70/rm/m/n/10/ff ^^L| \C70/rm/m/n/10/56 ‡ \C70/rm/m/n
/10/6b d \C70/rm/m/n/10/62 ^^Q \C70/rm/m/n/10/4e Ï \C70/rm/m/n/10/76 Ù \C70/rm/
m/n/10/63 • \C70/rm/m/n/10/53 ¬ \C70/rm/m/n/10/80 ^^C \C70/rm/m/n/10/5f ^^O\T1/
cmr/m/n/10 (-20) ([]13.3.79[])\C70/rm/m/n/10/51 ô
 []


Package tikz-feynman Warning: The key you tried to use '/graph drawing/node dis
tance' requires LuaTeX. It will be ignored. on input line 13814.


Package tikz-feynman Warning: The key you tried to use '/graph drawing/level di
stance' requires LuaTeX. It will be ignored. on input line 13814.


Package tikz-feynman Warning: The key you tried to use '/graph drawing/sibling 
distance' requires LuaTeX. It will be ignored. on input line 13814.


Package tikz-feynman Warning: The key you tried to use '/graph drawing/node dis
tance' requires LuaTeX. It will be ignored. on input line 13814.


Package tikz-feynman Warning: The key you tried to use '/graph drawing/level di
stance' requires LuaTeX. It will be ignored. on input line 13814.


Package tikz-feynman Warning: The key you tried to use '/graph drawing/sibling 
distance' requires LuaTeX. It will be ignored. on input line 13814.


Package tikz-feynman Warning: The key you tried to use '/graph drawing/node dis
tance' requires LuaTeX. It will be ignored. on input line 13814.


Package tikz-feynman Warning: The key you tried to use '/graph drawing/level di
stance' requires LuaTeX. It will be ignored. on input line 13814.


Package tikz-feynman Warning: The key you tried to use '/graph drawing/sibling 
distance' requires LuaTeX. It will be ignored. on input line 13814.


Package tikz-feynman Warning: The key you tried to use '/graph drawing/node dis
tance' requires LuaTeX. It will be ignored. on input line 13814.


Package tikz-feynman Warning: The key you tried to use '/graph drawing/level di
stance' requires LuaTeX. It will be ignored. on input line 13814.


Package tikz-feynman Warning: The key you tried to use '/graph drawing/sibling 
distance' requires LuaTeX. It will be ignored. on input line 13814.



[686]
Underfull \hbox (badness 10000) in paragraph at lines 13818--13822

 []


Package tikz-feynman Warning: The key you tried to use '/graph drawing/node dis
tance' requires LuaTeX. It will be ignored. on input line 13838.


Package tikz-feynman Warning: The key you tried to use '/graph drawing/level di
stance' requires LuaTeX. It will be ignored. on input line 13838.


Package tikz-feynman Warning: The key you tried to use '/graph drawing/sibling 
distance' requires LuaTeX. It will be ignored. on input line 13838.


Package tikz-feynman Warning: The key you tried to use '/graph drawing/node dis
tance' requires LuaTeX. It will be ignored. on input line 13838.


Package tikz-feynman Warning: The key you tried to use '/graph drawing/level di
stance' requires LuaTeX. It will be ignored. on input line 13838.


Package tikz-feynman Warning: The key you tried to use '/graph drawing/sibling 
distance' requires LuaTeX. It will be ignored. on input line 13838.



[687]
Underfull \hbox (badness 10000) in paragraph at lines 13846--13849

 []



[688]
Underfull \hbox (badness 10000) in paragraph at lines 13858--13862

 []



[689]
Underfull \hbox (badness 10000) in paragraph at lines 13873--13876

 []


Package tikz-feynman Warning: The key you tried to use '/graph drawing/node dis
tance' requires LuaTeX. It will be ignored. on input line 13890.


Package tikz-feynman Warning: The key you tried to use '/graph drawing/level di
stance' requires LuaTeX. It will be ignored. on input line 13890.


Package tikz-feynman Warning: The key you tried to use '/graph drawing/sibling 
distance' requires LuaTeX. It will be ignored. on input line 13890.


Package tikz-feynman Warning: The key you tried to use '/graph drawing/node dis
tance' requires LuaTeX. It will be ignored. on input line 13890.


Package tikz-feynman Warning: The key you tried to use '/graph drawing/level di
stance' requires LuaTeX. It will be ignored. on input line 13890.


Package tikz-feynman Warning: The key you tried to use '/graph drawing/sibling 
distance' requires LuaTeX. It will be ignored. on input line 13890.



[690]
Underfull \hbox (badness 10000) in paragraph at lines 13892--13896

 []


Package tikz-feynman Warning: The key you tried to use '/graph drawing/node dis
tance' requires LuaTeX. It will be ignored. on input line 13908.


Package tikz-feynman Warning: The key you tried to use '/graph drawing/level di
stance' requires LuaTeX. It will be ignored. on input line 13908.


Package tikz-feynman Warning: The key you tried to use '/graph drawing/sibling 
distance' requires LuaTeX. It will be ignored. on input line 13908.


Package tikz-feynman Warning: The key you tried to use '/graph drawing/node dis
tance' requires LuaTeX. It will be ignored. on input line 13908.


Package tikz-feynman Warning: The key you tried to use '/graph drawing/level di
stance' requires LuaTeX. It will be ignored. on input line 13908.


Package tikz-feynman Warning: The key you tried to use '/graph drawing/sibling 
distance' requires LuaTeX. It will be ignored. on input line 13908.


Package tikz-feynman Warning: The key you tried to use '/graph drawing/node dis
tance' requires LuaTeX. It will be ignored. on input line 13910.


Package tikz-feynman Warning: The key you tried to use '/graph drawing/level di
stance' requires LuaTeX. It will be ignored. on input line 13910.


Package tikz-feynman Warning: The key you tried to use '/graph drawing/sibling 
distance' requires LuaTeX. It will be ignored. on input line 13910.


Package tikz-feynman Warning: The key you tried to use '/graph drawing/node dis
tance' requires LuaTeX. It will be ignored. on input line 13910.


Package tikz-feynman Warning: The key you tried to use '/graph drawing/level di
stance' requires LuaTeX. It will be ignored. on input line 13910.


Package tikz-feynman Warning: The key you tried to use '/graph drawing/sibling 
distance' requires LuaTeX. It will be ignored. on input line 13910.



[691]
Underfull \hbox (badness 10000) in paragraph at lines 13912--13916

 []


Underfull \hbox (badness 10000) in paragraph at lines 13916--13920

 []


Underfull \vbox (badness 10000) has occurred while \output is active []



[692]

[693]
Underfull \hbox (badness 10000) in paragraph at lines 13949--13952

 []



[694

]
Underfull \hbox (badness 10000) in paragraph at lines 13970--13974

 []


Underfull \hbox (badness 10000) in paragraph at lines 13980--13984

 []


Overfull \hbox (3.63919pt too wide) in paragraph at lines 13990--13991
\C70/rm/m/n/10/75 1 \C70/rm/m/n/10/4e é\T1/cmr/m/sl/10 (-20) Green\C70/rm/m/n/1
0/51 ˝ \C70/rm/m/n/10/65 p \C70/rm/m/n/10/89 „ \C70/rm/m/n/10/66 / \C70/rm/m/n/
10/4e Â \C70/rm/m/n/10/53 w \C70/rm/m/n/10/79 Ô \C70/rm/m/n/10/76 Ñ \C70/rm/m/n
/10/5f b ^^O \C70/rm/m/n/10/4f S \C70/rm/m/n/10/73 ∞ \C70/rm/m/n/10/76 Ñ|\C70/r
m/m/n/10/ff ^^L| \C70/rm/m/n/10/56 ‡ \C70/rm/m/n/10/6b d \C70/rm/m/n/10/4e Œ \C
70/rm/m/n/10/98 ë \C70/rm/m/n/10/57 ﬂ \C70/rm/m/n/10/52 ^^F \C70/rm/m/n/10/91 œ
 \C70/rm/m/n/10/51 ˙ \C70/rm/m/n/10/53 — \C70/rm/m/n/10/66 / \C70/rm/m/n/10/67 
^^@ \C70/rm/m/n/10/52 ) \C70/rm/m/n/10/4e é \C70/rm/m/n/10/52 ^^F \C70/rm/m/n/1
0/67 ê \C70/rm/m/n/10/76 Ñ|\C70/rm/m/n/10/30 ^^B| \C70/rm/m/n/10/62 ^^Q \C70/rm
/m/n/10/4e Ï \C70/rm/m/n/10/53 ÷ \C70/rm/m/n/10/98 ë \C70/rm/m/n/10/57 ﬂ \C70/r
m/m/n/10/53 ÿ \C70/rm/m/n/10/63 b|\C70/rm/m/n/10/ff ^^L| $\OML/cmm/m/it/10 ^^R\
OT1/cmr/m/n/10 (-20) (\OML/cmm/m/it/10 t\OT1/cmr/m/n/10 (-20) )$\C70/rm/m/n/10/
96 P
 []



[695]

[696]

[697

]

[698

]

[699

]
Underfull \hbox (badness 10000) in paragraph at lines 14061--14062

 []




pdfTeX warning (ext4): destination with the same identifier (name{page.1}) has 
been already used, duplicate ignored
<to be read again> 
                   \relax 
l.14063 ...áçÂ§çÊé®ÂØºÔºåÈúÄË¶ÅÊ≥®ÊÑè„ÄÇ\clearpage
                                                   [1

]
Underfull \hbox (badness 10000) in paragraph at lines 14068--14071

 []




pdfTeX warning (ext4): destination with the same identifier (name{page.2}) has 
been already used, duplicate ignored
<to be read again> 
                   \relax 
l.14084 ...\beta}a^{\dt{\gamma}}_{\alpha\sigma},$$
                                                   [2

]
Underfull \hbox (badness 10000) in paragraph at lines 14085--14089

 []


Underfull \hbox (badness 10000) in paragraph at lines 14089--14095

 []


Underfull \hbox (badness 10000) in paragraph at lines 14089--14095

 []


Underfull \hbox (badness 10000) in paragraph at lines 14095--14107

 []


Underfull \hbox (badness 10000) in paragraph at lines 14095--14107

 []


Underfull \hbox (badness 10000) in paragraph at lines 14095--14107

 []


Underfull \hbox (badness 10000) in paragraph at lines 14095--14107

 []


Underfull \hbox (badness 10000) in paragraph at lines 14095--14107

 []




pdfTeX warning (ext4): destination with the same identifier (name{page.3}) has 
been already used, duplicate ignored
<to be read again> 
                   \relax 
l.14107 \subsection
                   {Ëá™Êóã s=2 ÁöÑÁ≤íÂ≠ê} [3]
Underfull \hbox (badness 10000) in paragraph at lines 14109--14112

 []


Underfull \hbox (badness 10000) in paragraph at lines 14109--14112

 []


Underfull \hbox (badness 10000) in paragraph at lines 14114--14118

 []


Underfull \hbox (badness 10000) in paragraph at lines 14120--14124

 []




pdfTeX warning (ext4): destination with the same identifier (name{page.4}) has 
been already used, duplicate ignored
<to be read again> 
                   \relax 
l.14124 \begin{equation}
                        L\qty(A^{}_{ik},C)=\kappa^2A^{}_{ik}A^{}_{ik}+\pdv{A...
[4]
Underfull \hbox (badness 10000) in paragraph at lines 14132--14136

 []


Overfull \hbox (11.02467pt too wide) in paragraph at lines 14136--14140
\C70/rm/m/n/10/8f Ÿ \C70/rm/m/n/10/66 / \C70/rm/m/n/10/51 s \C70/rm/m/n/10/4e é
$\OML/cmm/m/it/10 A$\C70/rm/m/n/10/54 å$\OML/cmm/m/it/10 C$\C70/rm/m/n/10/76 Ñ 
\C70/rm/m/n/10/7e ø \C70/rm/m/n/10/60 ' \C70/rm/m/n/10/9f P \C70/rm/m/n/10/6b !
 \C70/rm/m/n/10/65 π \C70/rm/m/n/10/7a  \C70/rm/m/n/10/7e ƒ|\C70/rm/m/n/10/30 
^^B| \C70/rm/m/n/10/62 ^^Q \C70/rm/m/n/10/4e Ï \C70/rm/m/n/10/73 ∞ \C70/rm/m/n/
10/57 ( \C70/rm/m/n/10/90 	 \C70/rm/m/n/10/62 È$\OML/cmm/m/it/10 a[]$\C70/rm/m/
n/10/54 å$\OML/cmm/m/it/10 a[]$|\C70/rm/m/n/10/ff ^^L| \C70/rm/m/n/10/4f ^^? \C
70/rm/m/n/10/5f ó \C70/rm/m/n/10/7c ˚ \C70/rm/m/n/10/7e ﬂ \C70/rm/m/n/10/76 Ñ \
C70/rm/m/n/10/7b ó & \C70/rm/m/n/10/88 L \C70/rm/m/n/10/52 ^^W \C70/rm/m/n/10/5
f ^^O \C70/rm/m/n/10/60 R \C70/rm/m/n/10/4e ^^M : \C70/rm/m/n/10/96 ˆ|\C70/rm/m
/n/10/ff ^^[| \C70/rm/m/n/10/8f Ÿ \C70/rm/m/n/10/68 7|\C70/rm/m/n/10/ff ^^L| $\
OML/cmm/m/it/10 A$\C70/rm/m/n/10/54 å$\OML/cmm/m/it/10 C$\C70/rm/m/n/10/5c 1
 []


Underfull \hbox (badness 10000) in paragraph at lines 14136--14140

 []


Underfull \hbox (badness 10000) in paragraph at lines 14146--14155

 []


Underfull \hbox (badness 10000) in paragraph at lines 14146--14155

 []


Underfull \hbox (badness 10000) in paragraph at lines 14146--14155

 []




pdfTeX warning (ext4): destination with the same identifier (name{page.5}) has 
been already used, duplicate ignored
<to be read again> 
                   \relax 
l.14155 \begin{equation}
                        C=0,\label{13.1}\end{equation}\begin{equation}\pdv{C...
[5]
Underfull \hbox (badness 10000) in paragraph at lines 14166--14169

 []




pdfTeX warning (ext4): destination with the same identifier (name{page.6}) has 
been already used, duplicate ignored
<to be read again> 
                   \relax 
l.14169 $$
          i\varPi^{}_k=\pdv{x^{}_k}-\frac{ie}{hc}\phi^{}_k,$$ [6]


pdfTeX warning (ext4): destination with the same identifier (name{page.7}) has 
been already used, duplicate ignored
<to be read again> 
                   \relax 
l.14188 ...v{f^{}_{lk}}{x^{}_l}C=0.\end{aligned}$$
                                                   [7]
Underfull \hbox (badness 10000) in paragraph at lines 14190--14194

 []


Underfull \hbox (badness 10000) in paragraph at lines 14205--14210

 []




pdfTeX warning (ext4): destination with the same identifier (name{page.8}) has 
been already used, duplicate ignored
<to be read again> 
                   \relax 
l.14210 \begin{equation}
                        \begin{aligned}L=&\kappa\qty{a^{*\gamma}_{\ \dt{\alp...
[8]


pdfTeX warning (ext4): destination with the same identifier (name{page.9}) has 
been already used, duplicate ignored
<to be read again> 
                   \relax 
l.14229 ...{\beta}}-3\varPi^2 d^{\dt{\alpha}}=0,$$
                                                   [9]
Underfull \hbox (badness 10000) in paragraph at lines 14233--14237

 []


Underfull \hbox (badness 10000) in paragraph at lines 14251--14255

 []




pdfTeX warning (ext4): destination with the same identifier (name{page.10}) has
 been already used, duplicate ignored
<to be read again> 
                   \relax 
l.14257 \subsection
                   {Êó†ÈùôË¥®ÈáèÁöÑÁ≤íÂ≠ê} [10]
Underfull \hbox (badness 10000) in paragraph at lines 14267--14271

 []


Overfull \hbox (2.28873pt too wide) in paragraph at lines 14271--14275
\C70/rm/m/n/10/8f Ÿ \C70/rm/m/n/10/7c { \C70/rm/m/n/10/4f < \C70/rm/m/n/10/4e é
 \C70/rm/m/n/10/75 5 \C70/rm/m/n/10/78 ¡ \C70/rm/m/n/10/52 ø \C70/rm/m/n/10/76 
Ñ\T1/cmr/m/sl/10 (-20) Lorentz \C70/rm/m/n/10/67 a \C70/rm/m/n/10/4e ˆ|\C70/rm/
m/n/10/30 ^^B| \C70/rm/m/n/10/8f Ÿ \C70/rm/m/n/10/4e * \C70/rm/m/n/10/67 a \C70
/rm/m/n/10/4e ˆ \C70/rm/m/n/10/5c ^^F \C70/rm/m/n/10/89 ƒ \C70/rm/m/n/10/83 ^^C
 \C70/rm/m/n/10/53 ÿ \C70/rm/m/n/10/63 b \C70/rm/m/n/10/96 P \C70/rm/m/n/10/52 
6 \C70/rm/m/n/10/57 ( \T1/cmr/m/n/10 (-20) [[]]\C70/rm/m/n/10/4e - \C70/rm/m/n/
10/8b ® ∫ \C70/rm/m/n/10/76 Ñ \C70/rm/m/n/10/7f § \C70/rm/m/n/10/51 Ö|\C70/rm/m
/n/10/30 ^^B| \C70/rm/m/n/10/76 Ó \C70/rm/m/n/10/52 M \C70/rm/m/n/10/76 Ñ \C70/
rm/m/n/10/65 π \C70/rm/m/n/10/68 H \C70/rm/m/n/10/4e ^^N\T1/cmr/m/sl/10 (-20) E
instein\C70/rm/m/n/10/5f ^^U
 []


Underfull \hbox (badness 10000) in paragraph at lines 14271--14275

 []


Underfull \hbox (badness 10000) in paragraph at lines 14277--14281

 []




pdfTeX warning (ext4): destination with the same identifier (name{page.11}) has
 been already used, duplicate ignored
<to be read again> 
                   \relax 
l.14281 \subsubsection
                      {Ëá™Êóã s=3/2} [11]
Underfull \hbox (badness 10000) in paragraph at lines 14288--14292

 []


Overfull \hbox (4.40987pt too wide) in paragraph at lines 14293--14296
\C70/rm/m/n/10/76 Ñ \C70/rm/m/n/10/65 π \C70/rm/m/n/10/7a |\C70/rm/m/n/10/30 ^
^B| \C70/rm/m/n/10/71 6 \C70/rm/m/n/10/54 ^^N \C70/rm/m/n/10/53 Ô \C70/rm/m/n/1
0/4e Â \C70/rm/m/n/10/90 ^^Z \C70/rm/m/n/10/8f « \C70/rm/m/n/10/90 ^^B \C70/rm/
m/n/10/5f S \C70/rm/m/n/10/4f Ó \C70/rm/m/n/10/65 9 \C70/rm/m/n/10/62 … \C70/rm
/m/n/10/68 < \C70/rm/m/n/10/67 ^^W \C70/rm/m/n/10/65 Â \C70/rm/m/n/10/51 ˝ \C70
/rm/m/n/10/65 p \C70/rm/m/n/10/67 e \C70/rm/m/n/10/5f ^^U \C70/rm/m/n/10/51 e \
C70/rm/m/n/10/76 ¯ \C70/rm/m/n/10/4e í \C70/rm/m/n/10/4f \ \C70/rm/m/n/10/75 (|
\C70/rm/m/n/10/30 ^^B| \C70/rm/m/n/10/4f ã \C70/rm/m/n/10/59 Ç|\C70/rm/m/n/10/f
f ^^L| \C70/rm/m/n/10/75 5 \C70/rm/m/n/10/78 ¡ \C70/rm/m/n/10/57 : \C70/rm/m/n/
10/76 Ñ \C70/rm/m/n/10/5f q \C70/rm/m/n/10/54 Õ \C70/rm/m/n/10/53 Ô \C70/rm/m/n
/10/4e Â \C70/rm/m/n/10/90 ^^Z \C70/rm/m/n/10/8f « \C70/rm/m/n/10/5c ^^F$\OMS/c
msy/m/n/10 ^^@\OML/cmm/m/it/10 i []$
 []


Underfull \hbox (badness 10000) in paragraph at lines 14293--14296

 []




pdfTeX warning (ext4): destination with the same identifier (name{page.12}) has
 been already used, duplicate ignored
<to be read again> 
                   \relax 
l.14296 ...m}}\Biggr]&,\end{aligned}\end{equation}
                                                   [12]
Underfull \hbox (badness 10000) in paragraph at lines 14299--14302

 []


Underfull \hbox (badness 10000) in paragraph at lines 14304--14307

 []


Underfull \hbox (badness 10000) in paragraph at lines 14311--14315

 []




pdfTeX warning (ext4): destination with the same identifier (name{page.13}) has
 been already used, duplicate ignored
<to be read again> 
                   \relax 
l.14315 \begin{equation}
                        \pdv[2]{A^{}_k}{x_4}-\delta^{}_{k4}\pdv[2]{A^{}_k}{x...
[13]
Underfull \hbox (badness 10000) in paragraph at lines 14333--14337

 []




pdfTeX warning (ext4): destination with the same identifier (name{page.14}) has
 been already used, duplicate ignored
<to be read again> 
                   \relax 
l.14343 ...ight\}\label{tur--+an5**}\end{equation}
                                                   [14]
Underfull \hbox (badness 10000) in paragraph at lines 14373--14376

 []




pdfTeX warning (ext4): destination with the same identifier (name{page.15}) has
 been already used, duplicate ignored
<to be read again> 
                   \relax 
l.14376 
         [15]


pdfTeX warning (ext4): destination with the same identifier (name{page.16}) has
 been already used, duplicate ignored
<to be read again> 
                   \relax 
l.14385 ...ography}\makeatother\endgroup\clearpage
                                                   [16]

Package tikz-feynman Warning: The key you tried to use '/graph drawing/node dis
tance' requires LuaTeX. It will be ignored. on input line 14403.


Package tikz-feynman Warning: The key you tried to use '/graph drawing/level di
stance' requires LuaTeX. It will be ignored. on input line 14403.


Package tikz-feynman Warning: The key you tried to use '/graph drawing/sibling 
distance' requires LuaTeX. It will be ignored. on input line 14403.


Package tikz-feynman Warning: The key you tried to use '/graph drawing/node dis
tance' requires LuaTeX. It will be ignored. on input line 14403.


Package tikz-feynman Warning: The key you tried to use '/graph drawing/level di
stance' requires LuaTeX. It will be ignored. on input line 14403.


Package tikz-feynman Warning: The key you tried to use '/graph drawing/sibling 
distance' requires LuaTeX. It will be ignored. on input line 14403.


Package tikz-feynman Warning: The key you tried to use '/graph drawing/node dis
tance' requires LuaTeX. It will be ignored. on input line 14403.


Package tikz-feynman Warning: The key you tried to use '/graph drawing/level di
stance' requires LuaTeX. It will be ignored. on input line 14403.


Package tikz-feynman Warning: The key you tried to use '/graph drawing/sibling 
distance' requires LuaTeX. It will be ignored. on input line 14403.


Package tikz-feynman Warning: The key you tried to use '/graph drawing/node dis
tance' requires LuaTeX. It will be ignored. on input line 14403.


Package tikz-feynman Warning: The key you tried to use '/graph drawing/level di
stance' requires LuaTeX. It will be ignored. on input line 14403.


Package tikz-feynman Warning: The key you tried to use '/graph drawing/sibling 
distance' requires LuaTeX. It will be ignored. on input line 14403.


Package tikz-feynman Warning: The key you tried to use '/graph drawing/node dis
tance' requires LuaTeX. It will be ignored. on input line 14403.


Package tikz-feynman Warning: The key you tried to use '/graph drawing/level di
stance' requires LuaTeX. It will be ignored. on input line 14403.


Package tikz-feynman Warning: The key you tried to use '/graph drawing/sibling 
distance' requires LuaTeX. It will be ignored. on input line 14403.




pdfTeX warning (ext4): destination with the same identifier (name{page.17}) has
 been already used, duplicate ignored
<to be read again> 
                   \relax 
l.14407 ...lies \phi^m\prec\Delta^n.\end{equation}
                                                   [17

]
Underfull \hbox (badness 10000) in paragraph at lines 14407--14411

 []


Package tikz-feynman Warning: The key you tried to use '/graph drawing/node dis
tance' requires LuaTeX. It will be ignored. on input line 14413.


Package tikz-feynman Warning: The key you tried to use '/graph drawing/level di
stance' requires LuaTeX. It will be ignored. on input line 14413.


Package tikz-feynman Warning: The key you tried to use '/graph drawing/sibling 
distance' requires LuaTeX. It will be ignored. on input line 14413.


Package tikz-feynman Warning: The key you tried to use '/graph drawing/node dis
tance' requires LuaTeX. It will be ignored. on input line 14413.


Package tikz-feynman Warning: The key you tried to use '/graph drawing/level di
stance' requires LuaTeX. It will be ignored. on input line 14413.


Package tikz-feynman Warning: The key you tried to use '/graph drawing/sibling 
distance' requires LuaTeX. It will be ignored. on input line 14413.


Package tikz-feynman Warning: The key you tried to use '/graph drawing/node dis
tance' requires LuaTeX. It will be ignored. on input line 14413.


Package tikz-feynman Warning: The key you tried to use '/graph drawing/level di
stance' requires LuaTeX. It will be ignored. on input line 14413.


Package tikz-feynman Warning: The key you tried to use '/graph drawing/sibling 
distance' requires LuaTeX. It will be ignored. on input line 14413.


Package tikz-feynman Warning: The key you tried to use '/graph drawing/node dis
tance' requires LuaTeX. It will be ignored. on input line 14413.


Package tikz-feynman Warning: The key you tried to use '/graph drawing/level di
stance' requires LuaTeX. It will be ignored. on input line 14413.


Package tikz-feynman Warning: The key you tried to use '/graph drawing/sibling 
distance' requires LuaTeX. It will be ignored. on input line 14413.


Package tikz-feynman Warning: The key you tried to use '/graph drawing/node dis
tance' requires LuaTeX. It will be ignored. on input line 14413.


Package tikz-feynman Warning: The key you tried to use '/graph drawing/level di
stance' requires LuaTeX. It will be ignored. on input line 14413.


Package tikz-feynman Warning: The key you tried to use '/graph drawing/sibling 
distance' requires LuaTeX. It will be ignored. on input line 14413.


Package tikz-feynman Warning: The key you tried to use '/graph drawing/node dis
tance' requires LuaTeX. It will be ignored. on input line 14413.


Package tikz-feynman Warning: The key you tried to use '/graph drawing/level di
stance' requires LuaTeX. It will be ignored. on input line 14413.


Package tikz-feynman Warning: The key you tried to use '/graph drawing/sibling 
distance' requires LuaTeX. It will be ignored. on input line 14413.


Underfull \hbox (badness 10000) in paragraph at lines 14413--14417

 []


Underfull \hbox (badness 10000) in paragraph at lines 14421--14425

 []




pdfTeX warning (ext4): destination with the same identifier (name{page.18}) has
 been already used, duplicate ignored
<to be read again> 
                   \relax 
l.14425 $$
          \Delta^3=(a,b,c)\implies \mathbb A=\qty{\vb{e}^{}_1=b-a,\vb{e}^{}_...
[18]


pdfTeX warning (ext4): destination with the same identifier (name{page.19}) has
 been already used, duplicate ignored
<to be read again> 
                   \relax 
l.14444 ...\vec{t};\overrightarrow{\Delta^n}]=1,$$
                                                   [19]
Underfull \hbox (badness 10000) in paragraph at lines 14446--14452

 []


Underfull \hbox (badness 10000) in paragraph at lines 14446--14452

 []


Underfull \hbox (badness 10000) in paragraph at lines 14458--14462

 []




pdfTeX warning (ext4): destination with the same identifier (name{page.20}) has
 been already used, duplicate ignored
<to be read again> 
                   \relax 
l.14462 \begin{equation}
                        X^1=X^0\bigcup\qty(\bigcup_\alpha D^1_\alpha)/\sim\c...
[20]
Underfull \hbox (badness 10000) in paragraph at lines 14469--14472

 []




pdfTeX warning (ext4): destination with the same identifier (name{page.21}) has
 been already used, duplicate ignored
<to be read again> 
                   \relax 
l.14474 \begin{equation}
                        \sigma:\overrightarrow{\Delta^n}\to X.\end{equation}
[21]
Underfull \hbox (badness 10000) in paragraph at lines 14480--14484

 []




pdfTeX warning (ext4): destination with the same identifier (name{page.22}) has
 been already used, duplicate ignored
<to be read again> 
                   \relax 
l.14492 ...d{aligned}\label{B345gh.}\end{equation}
                                                   [22]
Underfull \hbox (badness 10000) in paragraph at lines 14492--14496

 []




pdfTeX warning (ext4): destination with the same identifier (name{page.23}) has
 been already used, duplicate ignored
<to be read again> 
                   \relax 
l.14514 ...r}^{}_F)^*.\label{we6Hrt}\end{equation}
                                                   [23]
Underfull \hbox (badness 10000) in paragraph at lines 14514--14518

 []


Underfull \hbox (badness 10000) in paragraph at lines 14528--14531

 []




pdfTeX warning (ext4): destination with the same identifier (name{page.24}) has
 been already used, duplicate ignored
<to be read again> 
                   \relax 
l.14537 \begin{equation}
                        \tilde{\partial}^{}_q\Delta^q=\sum_{\qty[\Delta^q;t]...
[24]
Underfull \hbox (badness 10000) in paragraph at lines 14551--14555

 []




pdfTeX warning (ext4): destination with the same identifier (name{page.25}) has
 been already used, duplicate ignored
<to be read again> 
                   \relax 
l.14561 \begin{equation}
                        \Im \partial^{}_{q+1}=B^{}_q(K;\mathbb Z)\subseteq \...
[25]
Underfull \hbox (badness 10000) in paragraph at lines 14563--14567

 []


Overfull \hbox (0.84642pt too wide) in paragraph at lines 14579--14583
\C70/rm/m/n/10/4e ã \C70/rm/m/n/10/5b û \C70/rm/m/n/10/4e 
 ^^@ \C70/rm/m/n/10/7e Ù \C70/rm/m/n/10/53 U \C70/rm/m/n/10/7e Ø \C70/rm/m/n/10
/54 ^^L \C70/rm/m/n/10/8c ^^C \C70/rm/m/n/10/7f §$\OML/cmm/m/it/10 H[]\OT1/cmr/
m/n/10 (-20) (\OML/cmm/m/it/10 K\OT1/cmr/m/n/10 (-20) ; \U/msb/m/n/10 Z\OT1/cmr
/m/n/10 (-20) )$\C70/rm/m/n/10/63 œ \C70/rm/m/n/10/8f  \C70/rm/m/n/10/4e Ü \C7
0/rm/m/n/10/59 ^^Z \C70/rm/m/n/10/8f π \C70/rm/m/n/10/5f b$[]$\C70/rm/m/n/10/4e
 - ^^@ \C70/rm/m/n/10/7e Ù \C70/rm/m/n/10/6d ^^^ \C70/rm/m/n/10/76 Ñ \C70/rm/m/
n/10/4e * \C70/rm/m/n/10/65 p|\C70/rm/m/n/10/ff ^^L| \C70/rm/m/n/10/76 Ù \C70/r
m/m/n/10/89 ¬ \C70/rm/m/n/10/76 Ñ \C70/rm/m/n/10/8b ≤ \C70/rm/m/n/10/9a ÿ \C70/
rm/m/n/10/7e Ù \C70/rm/m/n/10/53 U \C70/rm/m/n/10/7e Ø \C70/rm/m/n/10/54 ^^L \C
70/rm/m/n/10/8c ^^C \C70/rm/m/n/10/7f §$\OML/cmm/m/it/10 H[]\OT1/cmr/m/n/10 (-2
0) (\OML/cmm/m/it/10 K\OT1/cmr/m/n/10 (-20) ; \U/msb/m/n/10 Z\OT1/cmr/m/n/10 (-
20) )$\C70/rm/m/n/10/63 œ
 []


Underfull \hbox (badness 10000) in paragraph at lines 14579--14583

 []




pdfTeX warning (ext4): destination with the same identifier (name{page.26}) has
 been already used, duplicate ignored
<to be read again> 
                   \relax 
l.14583 \begin{equation}
                        \expval{z}=0\in H^{}_q\iff z\in B^{}_q(K;\mathbb Z)....
[26]
Underfull \hbox (badness 10000) in paragraph at lines 14593--14597

 []


Underfull \hbox (badness 10000) in paragraph at lines 14603--14609

 []


Underfull \hbox (badness 10000) in paragraph at lines 14603--14609

 []




pdfTeX warning (ext4): destination with the same identifier (name{page.27}) has
 been already used, duplicate ignored
<to be read again> 
                   \relax 
l.14609 $$
          \forall \Delta^n\in Y\implies \Delta^n\subset s\in K,\quad \abs{K}...
[27]
Underfull \hbox (badness 10000) in paragraph at lines 14613--14617

 []




pdfTeX warning (ext4): destination with the same identifier (name{page.28}) has
 been already used, duplicate ignored
<to be read again> 
                   \relax 
l.14621 ..._0)=\mathrm{Car}^{}_K(p).\end{equation}
                                                   [28]
Underfull \hbox (badness 10000) in paragraph at lines 14627--14631

 []




pdfTeX warning (ext4): destination with the same identifier (name{page.29}) has
 been already used, duplicate ignored
<to be read again> 
                   \relax 
l.14645 ...Z),\quad \forall s\in R.\end{aligned}$$
                                                   [29]
Underfull \hbox (badness 10000) in paragraph at lines 14651--14655

 []


Underfull \hbox (badness 10000) in paragraph at lines 14657--14660

 []


Package tikz-feynman Warning: The key you tried to use '/graph drawing/node dis
tance' requires LuaTeX. It will be ignored. on input line 14660.


Package tikz-feynman Warning: The key you tried to use '/graph drawing/level di
stance' requires LuaTeX. It will be ignored. on input line 14660.


Package tikz-feynman Warning: The key you tried to use '/graph drawing/sibling 
distance' requires LuaTeX. It will be ignored. on input line 14660.


Package tikz-feynman Warning: The key you tried to use '/graph drawing/node dis
tance' requires LuaTeX. It will be ignored. on input line 14660.


Package tikz-feynman Warning: The key you tried to use '/graph drawing/level di
stance' requires LuaTeX. It will be ignored. on input line 14660.


Package tikz-feynman Warning: The key you tried to use '/graph drawing/sibling 
distance' requires LuaTeX. It will be ignored. on input line 14660.




pdfTeX warning (ext4): destination with the same identifier (name{page.30}) has
 been already used, duplicate ignored
<to be read again> 
                   \relax 
l.14662 ...}_i\neq a^{}_j,\forall 0\le i,j\le n.$$
                                                   [30]

Package tikz-feynman Warning: The key you tried to use '/graph drawing/node dis
tance' requires LuaTeX. It will be ignored. on input line 14664.


Package tikz-feynman Warning: The key you tried to use '/graph drawing/level di
stance' requires LuaTeX. It will be ignored. on input line 14664.


Package tikz-feynman Warning: The key you tried to use '/graph drawing/sibling 
distance' requires LuaTeX. It will be ignored. on input line 14664.


Package tikz-feynman Warning: The key you tried to use '/graph drawing/node dis
tance' requires LuaTeX. It will be ignored. on input line 14664.


Package tikz-feynman Warning: The key you tried to use '/graph drawing/level di
stance' requires LuaTeX. It will be ignored. on input line 14664.


Package tikz-feynman Warning: The key you tried to use '/graph drawing/sibling 
distance' requires LuaTeX. It will be ignored. on input line 14664.


Package tikz-feynman Warning: The key you tried to use '/graph drawing/node dis
tance' requires LuaTeX. It will be ignored. on input line 14671.


Package tikz-feynman Warning: The key you tried to use '/graph drawing/level di
stance' requires LuaTeX. It will be ignored. on input line 14671.


Package tikz-feynman Warning: The key you tried to use '/graph drawing/sibling 
distance' requires LuaTeX. It will be ignored. on input line 14671.


Package tikz-feynman Warning: The key you tried to use '/graph drawing/node dis
tance' requires LuaTeX. It will be ignored. on input line 14671.


Package tikz-feynman Warning: The key you tried to use '/graph drawing/level di
stance' requires LuaTeX. It will be ignored. on input line 14671.


Package tikz-feynman Warning: The key you tried to use '/graph drawing/sibling 
distance' requires LuaTeX. It will be ignored. on input line 14671.


Package tikz-feynman Warning: The key you tried to use '/graph drawing/node dis
tance' requires LuaTeX. It will be ignored. on input line 14671.


Package tikz-feynman Warning: The key you tried to use '/graph drawing/level di
stance' requires LuaTeX. It will be ignored. on input line 14671.


Package tikz-feynman Warning: The key you tried to use '/graph drawing/sibling 
distance' requires LuaTeX. It will be ignored. on input line 14671.


Package tikz-feynman Warning: The key you tried to use '/graph drawing/node dis
tance' requires LuaTeX. It will be ignored. on input line 14671.


Package tikz-feynman Warning: The key you tried to use '/graph drawing/level di
stance' requires LuaTeX. It will be ignored. on input line 14671.


Package tikz-feynman Warning: The key you tried to use '/graph drawing/sibling 
distance' requires LuaTeX. It will be ignored. on input line 14671.


Package tikz-feynman Warning: The key you tried to use '/graph drawing/node dis
tance' requires LuaTeX. It will be ignored. on input line 14671.


Package tikz-feynman Warning: The key you tried to use '/graph drawing/level di
stance' requires LuaTeX. It will be ignored. on input line 14671.


Package tikz-feynman Warning: The key you tried to use '/graph drawing/sibling 
distance' requires LuaTeX. It will be ignored. on input line 14671.


Package tikz-feynman Warning: The key you tried to use '/graph drawing/node dis
tance' requires LuaTeX. It will be ignored. on input line 14671.


Package tikz-feynman Warning: The key you tried to use '/graph drawing/level di
stance' requires LuaTeX. It will be ignored. on input line 14671.


Package tikz-feynman Warning: The key you tried to use '/graph drawing/sibling 
distance' requires LuaTeX. It will be ignored. on input line 14671.


Underfull \hbox (badness 10000) in paragraph at lines 14676--14679

 []




pdfTeX warning (ext4): destination with the same identifier (name{page.31}) has
 been already used, duplicate ignored
<to be read again> 
                   \relax 
l.14687 ...hbb Z).\label{Gtrf0.ewrg}\end{equation}
                                                   [31]
Underfull \hbox (badness 10000) in paragraph at lines 14693--14697

 []




pdfTeX warning (ext4): destination with the same identifier (name{page.32}) has
 been already used, duplicate ignored
<to be read again> 
                   \relax 
l.14711 ...q\beta^{}_q(X;\mathbb Z).\end{equation}
                                                   [32]
Underfull \hbox (badness 10000) in paragraph at lines 14719--14723

 []




pdfTeX warning (ext4): destination with the same identifier (name{page.33}) has
 been already used, duplicate ignored
<to be read again> 
                   \relax 
l.14731 ...hbb Z,\quad \beta^{}_0=1.\end{equation}
                                                   [33]
Underfull \hbox (badness 10000) in paragraph at lines 14741--14745

 []




pdfTeX warning (ext4): destination with the same identifier (name{page.34}) has
 been already used, duplicate ignored
<to be read again> 
                   \relax 
l.14751 ...Z)=0,\quad 1\le q\le n-1.\end{equation}
                                                   [34]
Underfull \hbox (badness 10000) in paragraph at lines 14761--14765

 []


Underfull \hbox (badness 10000) in paragraph at lines 14771--14775

 []




pdfTeX warning (ext4): destination with the same identifier (name{page.35}) has
 been already used, duplicate ignored
<to be read again> 
                   \relax 
l.14775 ...\times Y;G).\end{aligned}\end{equation}
                                                   [35]
Underfull \hbox (badness 10000) in paragraph at lines 14775--14779

 []




pdfTeX warning (ext4): destination with the same identifier (name{page.36}) has
 been already used, duplicate ignored
<to be read again> 
                   \relax 
l.14791 ...s],\quad B=G\qty[\cdots].\end{equation}
                                                   [36]
Underfull \hbox (badness 10000) in paragraph at lines 14799--14803

 []




pdfTeX warning (ext4): destination with the same identifier (name{page.37}) has
 been already used, duplicate ignored
<to be read again> 
                   \relax 
l.14811 ...{}_l\cdots c^{}_id^{}_0\cdots d^{}_j.$$
                                                   [37]
Underfull \hbox (badness 10000) in paragraph at lines 14817--14821

 []


Underfull \hbox (badness 10000) in paragraph at lines 14825--14829

 []


Underfull \hbox (badness 10000) in paragraph at lines 14843--14846

 []




pdfTeX warning (ext4): destination with the same identifier (name{page.38}) has
 been already used, duplicate ignored
<to be read again> 
                   \relax 
l.14846 \subsubsection
                      {Ëæ´Áæ§ÂíåÊâ≠ÁªìÊ¶ÇËßà} [38]


pdfTeX warning (ext4): destination with the same identifier (name{page.39}) has
 been already used, duplicate ignored
<to be read again> 
                   \relax 
l.14870 \clearpage
                   [39]
Underfull \hbox (badness 10000) in paragraph at lines 14882--14886

 []




pdfTeX warning (ext4): destination with the same identifier (name{page.40}) has
 been already used, duplicate ignored
<to be read again> 
                   \relax 
l.14890 ...{\expval{p}\vert p\in X}.\end{equation}
                                                   [40

]
Underfull \hbox (badness 10000) in paragraph at lines 14892--14896

 []


Underfull \hbox (badness 10000) in paragraph at lines 14906--14910

 []




pdfTeX warning (ext4): destination with the same identifier (name{page.41}) has
 been already used, duplicate ignored
<to be read again> 
                   \relax 
l.14914 ...ll x\in B.\label{fcw4rCV}\end{equation}
                                                   [41]
Underfull \hbox (badness 10000) in paragraph at lines 14922--14926

 []




pdfTeX warning (ext4): destination with the same identifier (name{page.42}) has
 been already used, duplicate ignored
<to be read again> 
                   \relax 
l.14932 ...rrow E\xrightarrow{\pi}B,\end{equation}
                                                   [42]
Underfull \hbox (badness 10000) in paragraph at lines 14936--14940

 []


Underfull \hbox (badness 10000) in paragraph at lines 14949--14952

 []




pdfTeX warning (ext4): destination with the same identifier (name{page.43}) has
 been already used, duplicate ignored
<to be read again> 
                   \relax 
l.14954 ...rall g\in G.\end{aligned}\end{equation}
                                                   [43]
Underfull \hbox (badness 10000) in paragraph at lines 14960--14964

 []




pdfTeX warning (ext4): destination with the same identifier (name{page.44}) has
 been already used, duplicate ignored
<to be read again> 
                   \relax 
l.14970 ...eta}:U^{}_\alpha\cap U^{}_\beta\to G,$$
                                                   [44]
Underfull \hbox (badness 10000) in paragraph at lines 14974--14978

 []


Underfull \hbox (badness 10000) in paragraph at lines 14982--14986

 []




pdfTeX warning (ext4): destination with the same identifier (name{page.45}) has
 been already used, duplicate ignored
<to be read again> 
                   \relax 
l.14990 ...i^{}_t(p): F(p)\to F(p)},\end{equation}
                                                   [45]
Underfull \hbox (badness 10000) in paragraph at lines 15008--15012

 []




pdfTeX warning (ext4): destination with the same identifier (name{page.46}) has
 been already used, duplicate ignored
<to be read again> 
                   \relax 
l.15012 $$
          a^{}_n=S^{}_nS^{-1}_0\qty(a^{}_0)=f^{}_{n0}\qty(a^{}_0).$$ [46]


pdfTeX warning (ext4): destination with the same identifier (name{page.47}) has
 been already used, duplicate ignored
<to be read again> 
                   \relax 
l.15034 ...bset \mathrm{Perm}(F(p)).\end{equation}
                                                   [47]
Underfull \hbox (badness 10000) in paragraph at lines 15034--15040

 []


Underfull \hbox (badness 10000) in paragraph at lines 15034--15040

 []




pdfTeX warning (ext4): destination with the same identifier (name{page.48}) has
 been already used, duplicate ignored
<to be read again> 
                   \relax 
l.15054 ...}\qty[\gamma\qty(\partial I^n)]=F(p).$$
                                                   [48]
Underfull \hbox (badness 10000) in paragraph at lines 15058--15062

 []


Underfull \hbox (badness 10000) in paragraph at lines 15074--15078

 []




pdfTeX warning (ext4): destination with the same identifier (name{page.49}) has
 been already used, duplicate ignored
<to be read again> 
                   \relax 
l.15078 \begin{equation}
                        \varPi^{}_0(F)=\qty{\expval{f}:S^0=\qty{1,-1}\to F}\...
[49]
Underfull \hbox (badness 10000) in paragraph at lines 15090--15094

 []


Underfull \hbox (badness 10000) in paragraph at lines 15094--15098

 []




pdfTeX warning (ext4): destination with the same identifier (name{page.50}) has
 been already used, duplicate ignored
<to be read again> 
                   \relax 
l.15100 ...athbb Z\longrightarrow 0.\end{equation}
                                                   [50]
Underfull \hbox (badness 10000) in paragraph at lines 15102--15106

 []


Underfull \hbox (badness 10000) in paragraph at lines 15108--15111

 []


Underfull \vbox (badness 10000) has occurred while \output is active []




pdfTeX warning (ext4): destination with the same identifier (name{page.51}) has
 been already used, duplicate ignored
<to be read again> 
                   \relax 
l.15150 \clearpage
                   [51]
Underfull \vbox (badness 10000) has occurred while \output is active []




pdfTeX warning (ext4): destination with the same identifier (name{page.52}) has
 been already used, duplicate ignored
<to be read again> 
                   \relax 
l.15150 \clearpage
                   [52]
Overfull \vbox (16.15732pt too high) has occurred while \output is active []




pdfTeX warning (ext4): destination with the same identifier (name{page.53}) has
 been already used, duplicate ignored
<to be read again> 
                   \relax 
l.15150 \clearpage
                   [53]
Underfull \hbox (badness 10000) in paragraph at lines 15152--15157

 []


Underfull \hbox (badness 10000) in paragraph at lines 15152--15157

 []




pdfTeX warning (ext4): destination with the same identifier (name{page.54}) has
 been already used, duplicate ignored
<to be read again> 
                   \relax 
l.15174 \begin{equation}
                        \vb{A}\qty(\expval{\vb{e}^{(i)}})=\lambda^{(0)}_i\ex...
[54

]
Underfull \hbox (badness 10000) in paragraph at lines 15176--15180

 []


Underfull \hbox (badness 10000) in paragraph at lines 15190--15194

 []




pdfTeX warning (ext4): destination with the same identifier (name{page.55}) has
 been already used, duplicate ignored
<to be read again> 
                   \relax 
l.15194 ...da^{(0)}_i}.\label{dolla}\end{equation}
                                                   [55]
Underfull \hbox (badness 10000) in paragraph at lines 15206--15210

 []




pdfTeX warning (ext4): destination with the same identifier (name{page.56}) has
 been already used, duplicate ignored
<to be read again> 
                   \relax 
l.15218 ...b{f}^{(i)})=\lambda^{}_i\vb{f}^{(i)}.$$
                                                   [56]
Underfull \hbox (badness 10000) in paragraph at lines 15226--15230

 []




pdfTeX warning (ext4): destination with the same identifier (name{page.57}) has
 been already used, duplicate ignored
<to be read again> 
                   \relax 
l.15238 ...p)\equiv0,\label{wox7gr,}\end{equation}
                                                   [57]
Underfull \hbox (badness 10000) in paragraph at lines 15240--15244

 []




pdfTeX warning (ext4): destination with the same identifier (name{page.58}) has
 been already used, duplicate ignored
<to be read again> 
                   \relax 
l.15257 ...vb{e}^{(j)}=\vb{B}\qty(\vb{e}^{(i)}).$$
                                                   [58]
Underfull \hbox (badness 10000) in paragraph at lines 15265--15269

 []


Overfull \hbox (2.3964pt too wide) in paragraph at lines 15271--15273
\C70/rm/m/n/10/96 ˆ \C70/rm/m/n/10/7e ß Ÿ \C70/rm/m/n/10/51 ˙ \C70/rm/m/n/10/53
 ü \C70/rm/m/n/10/7b Ä \C70/rm/m/n/10/5e v \C70/rm/m/n/10/4e ^^[$\U/rsfs/m/n/10
 T[]$|\C70/rm/m/n/10/ff ^^L| \C70/rm/m/n/10/75 Y \C70/rm/m/n/10/7e Ÿ \C70/rm/m/
n/10/8b ˚ \C70/rm/m/n/10/80 ^^E \C70/rm/m/n/10/81 Í \C70/rm/m/n/10/88 L \C70/rm
/m/n/10/8b ¡ \C70/rm/m/n/10/66 ^^N|\C70/rm/m/n/10/ff ^^L| \C70/rm/m/n/10/8f Ÿ \
C70/rm/m/n/10/91 Ã Õ \C70/rm/m/n/10/70 π \C70/rm/m/n/10/51 s \C70/rm/m/n/10/4e 
é ^^@ \C70/rm/m/n/10/7e ß \C70/rm/m/n/10/8f — \C70/rm/m/n/10/4f <|\C70/rm/m/n/1
0/30 ^^B| \C70/rm/m/n/10/6b d \C70/rm/m/n/10/65 ˆ \C70/rm/m/n/10/4e ^^[ \C70/rm
/m/n/10/66   \C70/rm/m/n/10/5c ^^D$\OML/cmm/m/it/10 ^^Y$\C70/rm/m/n/10/5b ˘ \C7
0/rm/m/n/10/53 U \C70/rm/m/n/10/4f M \C70/rm/m/n/10/57 ˙ \C70/rm/m/n/10/77 ‚$\O
T1/cmr/bx/n/10 (-20) f[]$\C70/rm/m/n/10/76 Ñ
 []




pdfTeX warning (ext4): destination with the same identifier (name{page.59}) has
 been already used, duplicate ignored
<to be read again> 
                   \relax 
l.15277 ...^{(\xi);0}).\label{fqf21}\end{equation}
                                                   [59]
Underfull \hbox (badness 10000) in paragraph at lines 15291--15295

 []




pdfTeX warning (ext4): destination with the same identifier (name{page.60}) has
 been already used, duplicate ignored
<to be read again> 
                   \relax 
l.15299 ...B]=\dim\qty(\mathbb V^{}_{(1)})\geq2.$$
                                                   [60]
Underfull \hbox (badness 10000) in paragraph at lines 15307--15311

 []


Underfull \hbox (badness 10000) in paragraph at lines 15317--15321

 []




pdfTeX warning (ext4): destination with the same identifier (name{page.61}) has
 been already used, duplicate ignored
<to be read again> 
                   \relax 
l.15321 \subsubsection
                      {ÂàÜË£Ç‰∏õÁöÑÂ≠êÊµÅÂΩ¢ÁêÜËÆ∫} [61]
Underfull \hbox (badness 10000) in paragraph at lines 15322--15325

 []


Underfull \hbox (badness 10000) in paragraph at lines 15331--15335

 []




pdfTeX warning (ext4): destination with the same identifier (name{page.62}) has
 been already used, duplicate ignored
<to be read again> 
                   \relax 
l.15339 ...plus\text{Span}\qty{\vb{f}^{(\eta)}}.$$
                                                   [62]
Underfull \hbox (badness 10000) in paragraph at lines 15352--15356

 []




pdfTeX warning (ext4): destination with the same identifier (name{page.63}) has
 been already used, duplicate ignored
<to be read again> 
                   \relax 
l.15364 ...c^{}_{i\eta}\vb{e}^{(i)},\end{equation}
                                                   [63]
Underfull \hbox (badness 10000) in paragraph at lines 15370--15374

 []




pdfTeX warning (ext4): destination with the same identifier (name{page.64}) has
 been already used, duplicate ignored
<to be read again> 
                   \relax 
l.15382 ...a_{\ ;b}.\label{hanbsoq1}\end{equation}
                                                   [64]
Underfull \hbox (badness 10000) in paragraph at lines 15392--15396

 []


Underfull \hbox (badness 10000) in paragraph at lines 15402--15406

 []




pdfTeX warning (ext4): destination with the same identifier (name{page.65}) has
 been already used, duplicate ignored
<to be read again> 
                   \relax 
l.15406 \begin{equation}
                        \vb{K}^{}_{ab}(t)=\vb{T}^{}_{a;b}(t)=\vb{A}^{}_{ab}(...
[65]
Underfull \hbox (badness 10000) in paragraph at lines 15414--15416

 []




pdfTeX warning (ext4): destination with the same identifier (name{page.66}) has
 been already used, duplicate ignored
<to be read again> 
                   \relax 
l.15424 \clearpage
                   [66]


pdfTeX warning (ext4): destination with the same identifier (name{page.67}) has
 been already used, duplicate ignored
<to be read again> 
                   \relax 
l.15444 \clearpage
                  \begingroup\makeatletter\renewcommand{\@biblabel}[1]{[#1]}...
[67

]


pdfTeX warning (ext4): destination with the same identifier (name{page.68}) has
 been already used, duplicate ignored
<to be read again> 
                   \relax 
l.15462 \bibitem{L5}
                     Schwartz, Matthew D. (2014). Quantum Field Theory and t...
[68

]
Underfull \hbox (badness 10000) in paragraph at lines 15469--15470
[]\C70/rm/m/n/10/54 h \C70/rm/m/n/10/73 Ø\T1/cmr/m/n/10 (+20) _pericyclic. \C70
/rm/m/n/10/74 ^^F \C70/rm/m/n/10/8b ∫ \C70/rm/m/n/10/52 õ \C70/rm/m/n/10/5b f\T
1/cmr/m/n/10 (+20) . \C70/rm/m/n/10/74 ^^F \C70/rm/m/n/10/8b ∫ \C70/rm/m/n/10/7
2 i \C70/rm/m/n/10/74 ^^F \C70/rm/m/n/10/5b f \C70/rm/m/n/10/7b , \C70/rm/m/n/1
0/4e ^^@ \C70/rm/m/n/10/53 w\T1/cmr/m/n/10 (+20) . 2025. []$https : / / pan . b
aidu . com / s /
 []




pdfTeX warning (ext4): destination with the same identifier (name{page.69}) has
 been already used, duplicate ignored
<to be read again> 
                   \relax 
l.15477 \bibitem{eC..25a}
                          Das, Ashok K. (1997). Finite Temperature Field The...
[69]


pdfTeX warning (ext4): destination with the same identifier (name{page.70}) has
 been already used, duplicate ignored
<to be read again> 
                   \relax 
l.15493 \bibitem{x877DD}
                         Edwin H. Spanier. (1994). Algebraic Topology. Sprin...
[70]


pdfTeX warning (ext4): destination with the same identifier (name{page.71}) has
 been already used, duplicate ignored
<to be read again> 
                   \relax 
l.15500 \end{document}
                       [71] (./‰∫åÊ¨°ÈáèÂ≠êÂåñ.aux)
 ***********
LaTeX2e <2025-06-01> patch level 1
L3 programming layer <2022/07/14>
 ***********


LaTeX Warning: There were undefined references.


LaTeX Warning: Label(s) may have changed. Rerun to get cross-references right.

Package rerunfilecheck Info: File `‰∫åÊ¨°ÈáèÂ≠êÂåñ.out' has not changed.
(rerunfilecheck)             Checksum: E1C1DC7696F6E6D4D070DD8EB6143EE7;48534.
 )
(\end occurred inside a group at level 1)

### simple group (level 1) entered at line 4786 ({)
### bottom level 
Here is how much of TeX's memory you used:
 73347 strings out of 467799
 1640057 string characters out of 5425587
 2455451 words of memory out of 5000000
 94327 multiletter control sequences out of 15000+600000
 883235 words of font info for 1172 fonts, out of 8000000 for 9000
 1141 hyphenation exceptions out of 8191
 81i,24n,102p,5307b,4734s stack positions out of 10000i,1000n,20000p,200000b,200000s
<c:/Windows/Fonts/simsun.ttc><c:/Windows/Fonts/simsun.ttc><c:/W
indows/Fonts/simhei.ttf><c:/Windows/Fonts/simkai.ttf><c:/Windows/Fonts/simkai.t
tf><c:/Windows/Fonts/simhei.ttf><c:/Windows/Fonts/simhei.ttf><c:/Windows/Fonts/
simhei.ttf><c:/Windows/Fonts/simhei.ttf><c:/Windows/Fonts/simhei.ttf><c:/Window
s/Fonts/simkai.ttf><c:/Windows/Fonts/simsun.ttc><c:/Windows/Fonts/simsun.ttc><c
:/Windows/Fonts/simsun.ttc><c:/Windows/Fonts/simsun.ttc><c:/Windows/Fonts/simsu
n.ttc><c:/Windows/Fonts/simsun.ttc><c:/Windows/Fonts/simhei.ttf><c:/Windows/Fon
ts/simkai.ttf><c:/Windows/Fonts/simhei.ttf><c:/Windows/Fonts/simkai.ttf><c:/Win
dows/Fonts/simkai.ttf><c:/Windows/Fonts/simhei.ttf><c:/Windows/Fonts/simkai.ttf
><c:/Windows/Fonts/simkai.ttf><c:/Windows/Fonts/simkai.ttf><c:/Windows/Fonts/si
mkai.ttf><c:/Windows/Fonts/simhei.ttf><c:/Windows/Fonts/simhei.ttf><c:/Windows/
Fonts/simhei.ttf><c:/Windows/Fonts/simhei.ttf><c:/Windows/Fonts/simkai.ttf><c:/
Windows/Fonts/simhei.ttf><c:/Windows/Fonts/simkai.ttf><c:/Windows/Fonts/simhei.
ttf><c:/Windows/Fonts/simsun.ttc><c:/Windows/Fonts/simhei.ttf><c:/Windows/Fonts
/simhei.ttf><c:/Windows/Fonts/simhei.ttf><c:/Windows/Fonts/simkai.ttf><c:/Windo
ws/Fonts/simkai.ttf><c:/Windows/Fonts/simsun.ttc><c:/Windows/Fonts/simhei.ttf><
c:/Windows/Fonts/simsun.ttc><c:/Windows/Fonts/simhei.ttf><c:/Windows/Fonts/simk
ai.ttf><c:/Windows/Fonts/simkai.ttf><c:/Windows/Fonts/simkai.ttf><c:/Windows/Fo
nts/simkai.ttf><c:/Windows/Fonts/simkai.ttf><c:/Windows/Fonts/simkai.ttf><c:/Wi
ndows/Fonts/simkai.ttf><c:/Windows/Fonts/simsun.ttc><c:/Windows/Fonts/simsun.tt
c><c:/Windows/Fonts/simhei.ttf><c:/Windows/Fonts/simhei.ttf><c:/Windows/Fonts/s
imkai.ttf><c:/Windows/Fonts/simkai.ttf><c:/Windows/Fonts/simkai.ttf><c:/Windows
/Fonts/simkai.ttf><c:/Windows/Fonts/simkai.ttf><c:/Windows/Fonts/simhei.ttf><c:
/Windows/Fonts/simhei.ttf><c:/Windows/Fonts/simkai.ttf><c:/Windows/Fonts/simkai
.ttf><c:/Windows/Fonts/simkai.ttf><c:/Windows/Fonts/simhei.ttf><c:/Windows/Font
s/simkai.ttf><c:/Windows/Fonts/simkai.ttf><c:/Windows/Fonts/simkai.ttf><c:/Wind
ows/Fonts/simhei.ttf><c:/Windows/Fonts/simhei.ttf><c:/Windows/Fonts/simhei.ttf>
<c:/Windows/Fonts/simhei.ttf><c:/Windows/Fonts/simkai.ttf><c:/Windows/Fonts/sim
kai.ttf><c:/Windows/Fonts/simkai.ttf><c:/Windows/Fonts/simkai.ttf><c:/Windows/F
onts/simhei.ttf><c:/Windows/Fonts/simhei.ttf><c:/Windows/Fonts/simhei.ttf><c:/W
indows/Fonts/simkai.ttf><c:/Windows/Fonts/simkai.ttf><c:/Windows/Fonts/simkai.t
tf><c:/Windows/Fonts/simhei.ttf><c:/Windows/Fonts/simhei.ttf><c:/Windows/Fonts/
simkai.ttf><c:/Windows/Fonts/simkai.ttf><c:/Windows/Fonts/simkai.ttf><c:/Window
s/Fonts/simkai.ttf><c:/Windows/Fonts/simkai.ttf><c:/Windows/Fonts/simkai.ttf><c
:/Windows/Fonts/simhei.ttf><c:/Windows/Fonts/simhei.ttf><c:/Windows/Fonts/simhe
i.ttf><c:/Windows/Fonts/simsun.ttc><c:/Windows/Fonts/simhei.ttf><c:/Windows/Fon
ts/simhei.ttf><c:/Windows/Fonts/simhei.ttf><c:/Windows/Fonts/simhei.ttf><c:/Win
dows/Fonts/simhei.ttf><c:/Windows/Fonts/simhei.ttf><c:/Windows/Fonts/simhei.ttf
><c:/Windows/Fonts/simhei.ttf><c:/Windows/Fonts/simhei.ttf><c:/Windows/Fonts/si
mhei.ttf><c:/Windows/Fonts/simhei.ttf><c:/Windows/Fonts/simhei.ttf><c:/Windows/
Fonts/simhei.ttf><c:/Windows/Fonts/simhei.ttf><c:/Windows/Fonts/simhei.ttf><c:/
Windows/Fonts/simhei.ttf><c:/Windows/Fonts/simhei.ttf><c:/Windows/Fonts/simhei.
ttf><c:/Windows/Fonts/simhei.ttf><c:/Windows/Fonts/simhei.ttf><c:/Windows/Fonts
/simhei.ttf><c:/Windows/Fonts/simhei.ttf><c:/Windows/Fonts/simhei.ttf><c:/Windo
ws/Fonts/simhei.ttf><c:/Windows/Fonts/simhei.ttf><c:/Windows/Fonts/simhei.ttf><
c:/Windows/Fonts/simhei.ttf><c:/Windows/Fonts/simhei.ttf><c:/Windows/Fonts/simh
ei.ttf><c:/Windows/Fonts/simhei.ttf><c:/Windows/Fonts/simhei.ttf><c:/Windows/Fo
nts/simhei.ttf><c:/Windows/Fonts/simhei.ttf><c:/Windows/Fonts/simhei.ttf><c:/Wi
ndows/Fonts/simhei.ttf><c:/Windows/Fonts/simhei.ttf><c:/Windows/Fonts/simsun.tt
c><c:/Windows/Fonts/simsun.ttc><c:/Windows/Fonts/simsun.ttc><c:/Windows/Fonts/s
imsun.ttc><c:/Windows/Fonts/simsun.ttc><c:/Windows/Fonts/simkai.ttf><c:/Windows
/Fonts/simkai.ttf><c:/Windows/Fonts/simkai.ttf><c:/Windows/Fonts/simkai.ttf><c:
/Windows/Fonts/simkai.ttf><c:/Windows/Fonts/simkai.ttf><c:/Windows/Fonts/simkai
.ttf><c:/Windows/Fonts/simkai.ttf><c:/Windows/Fonts/simkai.ttf><c:/Windows/Font
s/simkai.ttf><c:/Windows/Fonts/simkai.ttf><c:/Windows/Fonts/simkai.ttf><c:/Wind
ows/Fonts/simkai.ttf><c:/Windows/Fonts/simkai.ttf><c:/Windows/Fonts/simkai.ttf>
<c:/Windows/Fonts/simkai.ttf><c:/Windows/Fonts/simkai.ttf><c:/Windows/Fonts/sim
kai.ttf><c:/Windows/Fonts/simkai.ttf><c:/Windows/Fonts/simkai.ttf><c:/Windows/F
onts/simkai.ttf><c:/Windows/Fonts/simkai.ttf><c:/Windows/Fonts/simkai.ttf><c:/W
indows/Fonts/simkai.ttf><c:/Windows/Fonts/simkai.ttf><c:/Windows/Fonts/simkai.t
tf><c:/Windows/Fonts/simkai.ttf><c:/Windows/Fonts/simsun.ttc><c:/Windows/Fonts/
simsun.ttc><c:/Windows/Fonts/simsun.ttc><c:/Windows/Fonts/simsun.ttc><c:/Window
s/Fonts/simsun.ttc><c:/Windows/Fonts/simsun.ttc><c:/Windows/Fonts/simsun.ttc><c
:/Windows/Fonts/simsun.ttc><c:/Windows/Fonts/simsun.ttc><c:/Windows/Fonts/simsu
n.ttc><c:/Windows/Fonts/simsun.ttc><c:/Windows/Fonts/simsun.ttc><c:/Windows/Fon
ts/simsun.ttc><c:/Windows/Fonts/simsun.ttc><c:/Windows/Fonts/simsun.ttc><c:/Win
dows/Fonts/simsun.ttc><c:/Windows/Fonts/simsun.ttc><c:/Windows/Fonts/simsun.ttc
><c:/Windows/Fonts/simsun.ttc><c:/Windows/Fonts/simsun.ttc><c:/Windows/Fonts/si
msun.ttc><c:/Windows/Fonts/simsun.ttc><c:/Windows/Fonts/simsun.ttc><c:/Windows/
Fonts/simsun.ttc><c:/Windows/Fonts/simsun.ttc><c:/Windows/Fonts/simsun.ttc><c:/
Windows/Fonts/simsun.ttc><c:/Windows/Fonts/simsun.ttc><c:/Windows/Fonts/simsun.
ttc><c:/Windows/Fonts/simsun.ttc><c:/Windows/Fonts/simsun.ttc><c:/Windows/Fonts
/simsun.ttc><c:/Windows/Fonts/simsun.ttc><c:/Windows/Fonts/simsun.ttc><c:/Windo
ws/Fonts/simsun.ttc><c:/Windows/Fonts/simsun.ttc><c:/Windows/Fonts/simsun.ttc><
c:/Windows/Fonts/simsun.ttc><c:/Windows/Fonts/simsun.ttc><c:/Windows/Fonts/sims
un.ttc><c:/Windows/Fonts/simsun.ttc><c:/Windows/Fonts/simsun.ttc><c:/Windows/Fo
nts/simsun.ttc><c:/Windows/Fonts/simsun.ttc><c:/Windows/Fonts/simsun.ttc><c:/Wi
ndows/Fonts/simsun.ttc><c:/Windows/Fonts/simhei.ttf><c:/Windows/Fonts/simhei.tt
f><c:/Windows/Fonts/simhei.ttf><c:/Windows/Fonts/simhei.ttf><c:/Windows/Fonts/s
imhei.ttf><c:/Windows/Fonts/simhei.ttf><c:/Windows/Fonts/simhei.ttf><c:/Windows
/Fonts/simhei.ttf><c:/Windows/Fonts/simhei.ttf><c:/Windows/Fonts/simhei.ttf><c:
/Windows/Fonts/simsun.ttc><c:/Windows/Fonts/simsun.ttc><c:/Windows/Fonts/simsun
.ttc><c:/Windows/Fonts/simsun.ttc><c:/Windows/Fonts/simsun.ttc><c:/Windows/Font
s/simsun.ttc><c:/Windows/Fonts/simsun.ttc><c:/Windows/Fonts/simsun.ttc><c:/Wind
ows/Fonts/simsun.ttc><c:/Windows/Fonts/simsun.ttc><c:/Windows/Fonts/simsun.ttc>
<c:/Windows/Fonts/simsun.ttc><c:/Windows/Fonts/simsun.ttc><c:/Windows/Fonts/sim
sun.ttc><c:/Windows/Fonts/simsun.ttc><c:/Windows/Fonts/simsun.ttc><c:/Windows/F
onts/simsun.ttc><c:/Windows/Fonts/simsun.ttc><c:/Windows/Fonts/simsun.ttc><c:/W
indows/Fonts/simsun.ttc><c:/Windows/Fonts/simsun.ttc><c:/Windows/Fonts/simsun.t
tc><c:/Windows/Fonts/simsun.ttc><c:/Windows/Fonts/simsun.ttc><c:/Windows/Fonts/
simsun.ttc><d:/Program Files (x86)/texlive/2025/texmf-dist/fonts/type1/public/a
msfonts/cm/cmbsy10.pfb><d:/Program Files (x86)/texlive/2025/texmf-dist/fonts/ty
pe1/public/amsfonts/cm/cmbx10.pfb><d:/Program Files (x86)/texlive/2025/texmf-di
st/fonts/type1/public/amsfonts/cm/cmbx5.pfb><d:/Program Files (x86)/texlive/202
5/texmf-dist/fonts/type1/public/amsfonts/cm/cmbx7.pfb><d:/Program Files (x86)/t
exlive/2025/texmf-dist/fonts/type1/public/amsfonts/cm/cmex10.pfb><d:/Program Fi
les (x86)/texlive/2025/texmf-dist/fonts/type1/public/amsfonts/cmextra/cmex7.pfb
><d:/Program Files (x86)/texlive/2025/texmf-dist/fonts/type1/public/amsfonts/cm
/cmmi10.pfb><d:/Program Files (x86)/texlive/2025/texmf-dist/fonts/type1/public/
amsfonts/cm/cmmi12.pfb><d:/Program Files (x86)/texlive/2025/texmf-dist/fonts/ty
pe1/public/amsfonts/cm/cmmi5.pfb><d:/Program Files (x86)/texlive/2025/texmf-dis
t/fonts/type1/public/amsfonts/cm/cmmi7.pfb><d:/Program Files (x86)/texlive/2025
/texmf-dist/fonts/type1/public/amsfonts/cm/cmmi9.pfb><d:/Program Files (x86)/te
xlive/2025/texmf-dist/fonts/type1/public/amsfonts/cm/cmmib10.pfb><d:/Program Fi
les (x86)/texlive/2025/texmf-dist/fonts/type1/public/amsfonts/cmextra/cmmib7.pf
b><d:/Program Files (x86)/texlive/2025/texmf-dist/fonts/type1/public/amsfonts/c
m/cmr10.pfb><d:/Program Files (x86)/texlive/2025/texmf-dist/fonts/type1/public/
amsfonts/cm/cmr12.pfb><d:/Program Files (x86)/texlive/2025/texmf-dist/fonts/typ
e1/public/amsfonts/cm/cmr5.pfb><d:/Program Files (x86)/texlive/2025/texmf-dist/
fonts/type1/public/amsfonts/cm/cmr6.pfb><d:/Program Files (x86)/texlive/2025/te
xmf-dist/fonts/type1/public/amsfonts/cm/cmr7.pfb><d:/Program Files (x86)/texliv
e/2025/texmf-dist/fonts/type1/public/amsfonts/cm/cmr9.pfb><d:/Program Files (x8
6)/texlive/2025/texmf-dist/fonts/type1/public/amsfonts/cm/cmsy10.pfb><d:/Progra
m Files (x86)/texlive/2025/texmf-dist/fonts/type1/public/amsfonts/cm/cmsy5.pfb>
<d:/Program Files (x86)/texlive/2025/texmf-dist/fonts/type1/public/amsfonts/cm/
cmsy6.pfb><d:/Program Files (x86)/texlive/2025/texmf-dist/fonts/type1/public/am
sfonts/cm/cmsy7.pfb><d:/Program Files (x86)/texlive/2025/texmf-dist/fonts/type1
/public/amsfonts/cm/cmsy9.pfb><d:/Program Files (x86)/texlive/2025/texmf-dist/f
onts/type1/public/amsfonts/euler/eufb10.pfb><d:/Program Files (x86)/texlive/202
5/texmf-dist/fonts/type1/public/amsfonts/euler/eufm10.pfb><d:/Program Files (x8
6)/texlive/2025/texmf-dist/fonts/type1/public/amsfonts/euler/eufm7.pfb><d:/Prog
ram Files (x86)/texlive/2025/texmf-dist/fonts/type1/public/amsfonts/symbols/msa
m10.pfb><d:/Program Files (x86)/texlive/2025/texmf-dist/fonts/type1/public/amsf
onts/symbols/msam5.pfb><d:/Program Files (x86)/texlive/2025/texmf-dist/fonts/ty
pe1/public/amsfonts/symbols/msam7.pfb><d:/Program Files (x86)/texlive/2025/texm
f-dist/fonts/type1/public/amsfonts/symbols/msbm10.pfb><d:/Program Files (x86)/t
exlive/2025/texmf-dist/fonts/type1/public/amsfonts/symbols/msbm7.pfb><d:/Progra
m Files (x86)/texlive/2025/texmf-dist/fonts/type1/public/rsfs/rsfs10.pfb><d:/Pr
ogram Files (x86)/texlive/2025/texmf-dist/fonts/type1/public/rsfs/rsfs7.pfb><d:
/Program Files (x86)/texlive/2025/texmf-dist/fonts/type1/public/cm-super/sfbi07
00.pfb><d:/Program Files (x86)/texlive/2025/texmf-dist/fonts/type1/public/cm-su
per/sfbi0900.pfb><d:/Program Files (x86)/texlive/2025/texmf-dist/fonts/type1/pu
blic/cm-super/sfbi1000.pfb><d:/Program Files (x86)/texlive/2025/texmf-dist/font
s/type1/public/cm-super/sfbl1000.pfb><d:/Program Files (x86)/texlive/2025/texmf
-dist/fonts/type1/public/cm-super/sfbx0700.pfb><d:/Program Files (x86)/texlive/
2025/texmf-dist/fonts/type1/public/cm-super/sfbx0900.pfb><d:/Program Files (x86
)/texlive/2025/texmf-dist/fonts/type1/public/cm-super/sfbx1000.pfb><d:/Program 
Files (x86)/texlive/2025/texmf-dist/fonts/type1/public/cm-super/sfbx1200.pfb><d
:/Program Files (x86)/texlive/2025/texmf-dist/fonts/type1/public/cm-super/sfrm0
700.pfb><d:/Program Files (x86)/texlive/2025/texmf-dist/fonts/type1/public/cm-s
uper/sfrm0800.pfb><d:/Program Files (x86)/texlive/2025/texmf-dist/fonts/type1/p
ublic/cm-super/sfrm0900.pfb><d:/Program Files (x86)/texlive/2025/texmf-dist/fon
ts/type1/public/cm-super/sfrm1000.pfb><d:/Program Files (x86)/texlive/2025/texm
f-dist/fonts/type1/public/cm-super/sfrm1200.pfb><d:/Program Files (x86)/texlive
/2025/texmf-dist/fonts/type1/public/cm-super/sfrm1728.pfb><d:/Program Files (x8
6)/texlive/2025/texmf-dist/fonts/type1/public/cm-super/sfsl0700.pfb><d:/Program
 Files (x86)/texlive/2025/texmf-dist/fonts/type1/public/cm-super/sfsl1000.pfb><
d:/Program Files (x86)/texlive/2025/texmf-dist/fonts/type1/public/cm-super/sfss
1000.pfb><d:/Program Files (x86)/texlive/2025/texmf-dist/fonts/type1/public/cm-
super/sfss1200.pfb><d:/Program Files (x86)/texlive/2025/texmf-dist/fonts/type1/
public/cm-super/sfti0700.pfb><d:/Program Files (x86)/texlive/2025/texmf-dist/fo
nts/type1/public/cm-super/sfti0800.pfb><d:/Program Files (x86)/texlive/2025/tex
mf-dist/fonts/type1/public/cm-super/sfti0900.pfb><d:/Program Files (x86)/texliv
e/2025/texmf-dist/fonts/type1/public/cm-super/sfti1000.pfb><d:/Program Files (x
86)/texlive/2025/texmf-dist/fonts/type1/public/cm-super/sfti1200.pfb>
Output written on ‰∫åÊ¨°ÈáèÂ≠êÂåñ.pdf (786 pages, 6622052 bytes).
PDF statistics:
 15253 PDF objects out of 15390 (max. 8388607)
 13871 compressed objects within 139 object streams
 5136 named destinations out of 5155 (max. 500000)
 148621 words of extra memory for PDF output out of 154059 (max. 10000000)

